company_id,year,net_profit_margin_pct,operating_profit_margin_pct,return_on_equity_pct,roce_calculated,debt_to_equity,interest_coverage,asset_turnover,free_cash_flow,cfo_quality_score,capex_intensity,fcf_conversion,capital_allocation_pattern
ABB,Mar 2016,9.755164498852334,13.963274674827849,21.338912133891213,30.543933054393307,0.0,121.66666666666667,1.6175742574257426,728.0,6.0549019607843135,0.5284974093264249,2.854901960784314,Healthy Growth
ABB,Mar 2017,9.541853255253187,13.709955218739237,19.971160778658977,28.69502523431867,0.0,199.0,1.40513068731849,152.0,1.108303249097473,0.504885993485342,0.5487364620938628,Healthy Growth
ABB,Mar 2017,9.541853255253187,13.709955218739237,19.971160778658977,28.69502523431867,0.0,199.0,1.40513068731849,459.0,7.902527075812275,0.7903152124257652,1.6570397111913358,Healthy Growth
ABB,Mar 2019,12.231584669747214,16.444686055993476,22.410358565737052,30.12948207171315,0.0,302.5,1.2509350561033663,242.0,1.1088888888888888,0.5150300601202404,0.5377777777777778,Healthy Growth
ABB,Mar 2020,14.488150500855118,18.49499144881505,24.39325380501851,29.04834996162701,0.07198683669271905,84.11111111111111,1.153932901043135,225.0,1.0556492411467115,0.6405750798722045,0.3794266441821248,Healthy Growth
ABB,Mar 2021,16.03248259860789,21.392111368909514,26.5564950038432,33.46642468239565,0.058800922367409685,51.22222222222222,1.1223958333333333,655.0,1.0520984081041969,0.09903713892709766,0.9479015918958031,Healthy Growth
ABB,Mar 2022,16.26297577854671,22.023203745165887,28.333333333333332,36.4064602960969,0.05390070921985816,56.94736842105263,1.1631155303030303,552.0,1.1864831038798498,0.4177215189873418,0.690863579474343,Healthy Growth
ABB,Mar 2022,16.26297577854671,22.023203745165887,28.333333333333332,36.4064602960969,0.05390070921985816,56.94736842105263,1.1631155303030303,161.0,5.127659574468085,0.9607029533805224,0.20150187734668334,Healthy Growth
ABB,Mar 2024,20.533424517011454,24.84185330825782,32.46823465801568,38.41882601797991,0.022438496891051634,121.08333333333333,1.1263238975544,797.0,1.009991673605329,0.34295136026380874,0.6636136552872606,Healthy Growth
ABB,Mar 2024,20.533424517011454,24.84185330825782,32.46823465801568,38.41882601797991,0.022438496891051634,121.08333333333333,1.1263238975544,1095.0,5.027477102414655,0.8186485591255382,0.9117402164862615,Healthy Growth
ADANIENSOL,Mar 2016,16.773017319963536,87.83044667274385,13.77245508982036,17.118237541085545,3.2129491017964074,2.013584117032393,0.18678699131619275,728.0,4.195652173913044,0.5284974093264249,1.9782608695652173,Healthy Growth
ADANIENSOL,Mar 2017,14.464534075104313,68.94993045897078,14.116050220563285,16.633115249119275,3.045469969460468,2.1935840707964602,0.22449457497463118,459.0,5.262019230769231,0.7903152124257652,1.1033653846153846,Healthy Growth
ADANIENSOL,Mar 2022,10.978859477704743,37.360099484810796,12.46847573892868,10.563857842521662,3.016443054574801,1.7784355179704017,0.23719029158941513,161.0,3.3147249190938513,0.9607029533805224,0.1302588996763754,Healthy Growth
ADANIENSOL,Mar 2024,7.201782380923707,34.38911302462817,9.461276797721698,11.488402969161756,2.93252116130053,2.063968196602819,0.2836960606785336,1095.0,5.048494983277592,0.8186485591255382,0.9155518394648829,Healthy Growth
ADANIENT,Mar 2014,4.815549529546654,17.07645549347553,11.1377699204445,9.800808464856846,3.0298438355011155,1.6452744169735227,0.4652503767929417,221.0,3.109599395313681,0.9731404958677686,0.0835222978080121,Healthy Growth
ADANIENT,Mar 2016,2.9404845918607387,4.951776052693484,7.4749588877261175,5.174055980581928,1.4328748691882194,1.2409727339719971,0.8159504786583172,3287.0,5.112,0.35700312989045385,3.287,Healthy Growth
ADANIENT,Mar 2019,1.2531266252259838,4.876297085118502,3.429113580916238,7.57336820646948,0.7619273515857956,1.2116923076923076,0.9492900131653188,749.0,6.395256916996048,0.7685414091470952,1.4802371541501975,Healthy Growth
ADANIENT,Mar 2020,2.3961477317236133,5.285348939013432,6.136779370980115,7.811755090921474,0.7328140673865581,1.4592875318066159,0.9259306666666667,1372.0,2.3596153846153847,0.4409127954360228,1.3192307692307692,Healthy Growth
ADANIENT,Mar 2023,1.899012074643249,6.913909361768857,7.328068742246831,10.223649580874424,1.6096335965628876,2.2217183169564123,0.9027590990812441,2167.0,7.277456647398844,0.8770566209009418,0.8947151114781172,Healthy Growth
ADANIGREEN,Mar 2023,12.512860082304528,63.91460905349794,13.321467688937568,8.07775448177223,7.423740416210296,1.7073170731707317,0.11621754920862665,3408.0,7.466598150051388,0.5309015829318651,3.50256937307297,Healthy Growth
ADANIPORTS,Mar 2015,37.77633289986996,63.42652795838751,21.58848118903855,13.67156021162538,1.651277287505806,3.3208510638297875,0.19175861853999127,572.0,1.3154044750430292,0.8128884527314361,0.24612736660929432,Healthy Growth
ADANIPORTS,Mar 2015,37.77633289986996,63.42652795838751,21.58848118903855,13.67156021162538,1.651277287505806,3.3208510638297875,0.19175861853999127,572.0,1.3154044750430292,0.8128884527314361,0.24612736660929432,Healthy Growth
ADANIPORTS,Mar 2015,37.77633289986996,63.42652795838751,21.58848118903855,13.67156021162538,1.651277287505806,3.3208510638297875,0.19175861853999127,572.0,1.3154044750430292,0.8128884527314361,0.24612736660929432,Healthy Growth
ADANIPORTS,Mar 2015,37.77633289986996,63.42652795838751,21.58848118903855,13.67156021162538,1.651277287505806,3.3208510638297875,0.19175861853999127,572.0,1.3154044750430292,0.8128884527314361,0.24612736660929432,Healthy Growth
ADANIPORTS,Mar 2017,46.23770588932338,64.20191965872733,22.264064817984707,13.633618520382488,1.2674883030925481,4.854838709677419,0.19458599460444095,1434.0,1.0412608918503332,0.6470588235294118,0.3675038441824705,Healthy Growth
ADANIPORTS,Mar 2017,46.23770588932338,64.20191965872733,22.264064817984707,13.633618520382488,1.2674883030925481,4.854838709677419,0.19458599460444095,1434.0,1.0412608918503332,0.6470588235294118,0.3675038441824705,Healthy Growth
ADANIPORTS,Mar 2017,46.23770588932338,64.20191965872733,22.264064817984707,13.633618520382488,1.2674883030925481,4.854838709677419,0.19458599460444095,1434.0,1.0412608918503332,0.6470588235294118,0.3675038441824705,Healthy Growth
ADANIPORTS,Mar 2017,46.23770588932338,64.20191965872733,22.264064817984707,13.633618520382488,1.2674883030925481,4.854838709677419,0.19458599460444095,1434.0,1.0412608918503332,0.6470588235294118,0.3675038441824705,Healthy Growth
ADANIPORTS,Mar 2018,32.588536606906295,63.20763048662016,17.652968473424867,16.539181475747004,1.0701813136870306,4.532615579480684,0.23972646243092752,1762.0,1.5197831978319782,0.6858059914407989,0.4775067750677507,Healthy Growth
ADANIPORTS,Mar 2018,32.588536606906295,63.20763048662016,17.652968473424867,16.539181475747004,1.0701813136870306,4.532615579480684,0.23972646243092752,1762.0,1.5197831978319782,0.6858059914407989,0.4775067750677507,Healthy Growth
ADANIPORTS,Mar 2018,32.588536606906295,63.20763048662016,17.652968473424867,16.539181475747004,1.0701813136870306,4.532615579480684,0.23972646243092752,1762.0,1.5197831978319782,0.6858059914407989,0.4775067750677507,Healthy Growth
ADANIPORTS,Mar 2018,32.588536606906295,63.20763048662016,17.652968473424867,16.539181475747004,1.0701813136870306,4.532615579480684,0.23972646243092752,1762.0,1.5197831978319782,0.6858059914407989,0.4775067750677507,Healthy Growth
ADANIPORTS,Mar 2019,37.02517162471396,60.37528604118994,16.596914492040046,12.664157898778896,1.1370425077958313,4.76245487364621,0.19401182717408677,1661.0,1.4904820766378244,0.724498258417648,0.41063040791100125,Healthy Growth
ADANIPORTS,Mar 2019,37.02517162471396,60.37528604118994,16.596914492040046,12.664157898778896,1.1370425077958313,4.76245487364621,0.19401182717408677,1661.0,1.4904820766378244,0.724498258417648,0.41063040791100125,Healthy Growth
ADANIPORTS,Mar 2019,37.02517162471396,60.37528604118994,16.596914492040046,12.664157898778896,1.1370425077958313,4.76245487364621,0.19401182717408677,1661.0,1.4904820766378244,0.724498258417648,0.41063040791100125,Healthy Growth
ADANIPORTS,Mar 2019,37.02517162471396,60.37528604118994,16.596914492040046,12.664157898778896,1.1370425077958313,4.76245487364621,0.19401182717408677,1661.0,1.4904820766378244,0.724498258417648,0.41063040791100125,Healthy Growth
ADANIPORTS,Mar 2020,31.8790533142424,50.08843594710688,14.868209136976077,10.67703190362484,1.1879640177554307,3.0481804202972835,0.1917567065587803,6653.0,1.9556142668428005,0.1011888678735477,1.7577278731836194,Healthy Growth
ADANIPORTS,Mar 2020,31.8790533142424,50.08843594710688,14.868209136976077,10.67703190362484,1.1879640177554307,3.0481804202972835,0.1917567065587803,6653.0,1.9556142668428005,0.1011888678735477,1.7577278731836194,Healthy Growth
ADANIPORTS,Mar 2020,31.8790533142424,50.08843594710688,14.868209136976077,10.67703190362484,1.1879640177554307,3.0481804202972835,0.1917567065587803,6653.0,1.9556142668428005,0.1011888678735477,1.7577278731836194,Healthy Growth
ADANIPORTS,Mar 2020,31.8790533142424,50.08843594710688,14.868209136976077,10.67703190362484,1.1879640177554307,3.0481804202972835,0.1917567065587803,6653.0,1.9556142668428005,0.1011888678735477,1.7577278731836194,Healthy Growth
ADANIPORTS,Mar 2022,28.93276476429698,55.65745662713943,11.843332297171278,10.615446321137306,1.1461944955883407,3.7452830188679247,0.1741009681881051,4927.0,2.103775489602261,0.5271593090211133,0.994750656167979,Healthy Growth
ADANIPORTS,Mar 2022,28.93276476429698,55.65745662713943,11.843332297171278,10.615446321137306,1.1461944955883407,3.7452830188679247,0.1741009681881051,4927.0,2.103775489602261,0.5271593090211133,0.994750656167979,Healthy Growth
ADANIPORTS,Mar 2022,28.93276476429698,55.65745662713943,11.843332297171278,10.615446321137306,1.1461944955883407,3.7452830188679247,0.1741009681881051,4927.0,2.103775489602261,0.5271593090211133,0.994750656167979,Healthy Growth
ADANIPORTS,Mar 2022,28.93276476429698,55.65745662713943,11.843332297171278,10.615446321137306,1.1461944955883407,3.7452830188679247,0.1741009681881051,4927.0,2.103775489602261,0.5271593090211133,0.994750656167979,Healthy Growth
ADANIPORTS,Mar 2024,30.339560480700833,58.36172363445772,15.3548827162833,15.246263985603631,0.9373223691689719,5.7039882912550315,0.22830109659056916,8250.0,1.8531589338598222,0.45065920894926087,1.0180157946692991,Healthy Growth
ADANIPORTS,Mar 2024,30.339560480700833,58.36172363445772,15.3548827162833,15.246263985603631,0.9373223691689719,5.7039882912550315,0.22830109659056916,8250.0,1.8531589338598222,0.45065920894926087,1.0180157946692991,Healthy Growth
ADANIPORTS,Mar 2024,30.339560480700833,58.36172363445772,15.3548827162833,15.246263985603631,0.9373223691689719,5.7039882912550315,0.22830109659056916,8250.0,1.8531589338598222,0.45065920894926087,1.0180157946692991,Healthy Growth
ADANIPORTS,Mar 2024,30.339560480700833,58.36172363445772,15.3548827162833,15.246263985603631,0.9373223691689719,5.7039882912550315,0.22830109659056916,8250.0,1.8531589338598222,0.45065920894926087,1.0180157946692991,Healthy Growth
ADANIPORTS,Mar 2015,37.77633289986996,63.42652795838751,21.58848118903855,13.67156021162538,1.651277287505806,3.3208510638297875,0.19175861853999127,572.0,1.3154044750430292,0.8128884527314361,0.24612736660929432,Healthy Growth
ADANIPORTS,Mar 2015,37.77633289986996,63.42652795838751,21.58848118903855,13.67156021162538,1.651277287505806,3.3208510638297875,0.19175861853999127,572.0,1.3154044750430292,0.8128884527314361,0.24612736660929432,Healthy Growth
ADANIPORTS,Mar 2015,37.77633289986996,63.42652795838751,21.58848118903855,13.67156021162538,1.651277287505806,3.3208510638297875,0.19175861853999127,572.0,1.3154044750430292,0.8128884527314361,0.24612736660929432,Healthy Growth
ADANIPORTS,Mar 2015,37.77633289986996,63.42652795838751,21.58848118903855,13.67156021162538,1.651277287505806,3.3208510638297875,0.19175861853999127,572.0,1.3154044750430292,0.8128884527314361,0.24612736660929432,Healthy Growth
ADANIPORTS,Mar 2017,46.23770588932338,64.20191965872733,22.264064817984707,13.633618520382488,1.2674883030925481,4.854838709677419,0.19458599460444095,1434.0,1.0412608918503332,0.6470588235294118,0.3675038441824705,Healthy Growth
ADANIPORTS,Mar 2017,46.23770588932338,64.20191965872733,22.264064817984707,13.633618520382488,1.2674883030925481,4.854838709677419,0.19458599460444095,1434.0,1.0412608918503332,0.6470588235294118,0.3675038441824705,Healthy Growth
ADANIPORTS,Mar 2017,46.23770588932338,64.20191965872733,22.264064817984707,13.633618520382488,1.2674883030925481,4.854838709677419,0.19458599460444095,1434.0,1.0412608918503332,0.6470588235294118,0.3675038441824705,Healthy Growth
ADANIPORTS,Mar 2017,46.23770588932338,64.20191965872733,22.264064817984707,13.633618520382488,1.2674883030925481,4.854838709677419,0.19458599460444095,1434.0,1.0412608918503332,0.6470588235294118,0.3675038441824705,Healthy Growth
ADANIPORTS,Mar 2018,32.588536606906295,63.20763048662016,17.652968473424867,16.539181475747004,1.0701813136870306,4.532615579480684,0.23972646243092752,1762.0,1.5197831978319782,0.6858059914407989,0.4775067750677507,Healthy Growth
ADANIPORTS,Mar 2018,32.588536606906295,63.20763048662016,17.652968473424867,16.539181475747004,1.0701813136870306,4.532615579480684,0.23972646243092752,1762.0,1.5197831978319782,0.6858059914407989,0.4775067750677507,Healthy Growth
ADANIPORTS,Mar 2018,32.588536606906295,63.20763048662016,17.652968473424867,16.539181475747004,1.0701813136870306,4.532615579480684,0.23972646243092752,1762.0,1.5197831978319782,0.6858059914407989,0.4775067750677507,Healthy Growth
ADANIPORTS,Mar 2018,32.588536606906295,63.20763048662016,17.652968473424867,16.539181475747004,1.0701813136870306,4.532615579480684,0.23972646243092752,1762.0,1.5197831978319782,0.6858059914407989,0.4775067750677507,Healthy Growth
ADANIPORTS,Mar 2019,37.02517162471396,60.37528604118994,16.596914492040046,12.664157898778896,1.1370425077958313,4.76245487364621,0.19401182717408677,1661.0,1.4904820766378244,0.724498258417648,0.41063040791100125,Healthy Growth
ADANIPORTS,Mar 2019,37.02517162471396,60.37528604118994,16.596914492040046,12.664157898778896,1.1370425077958313,4.76245487364621,0.19401182717408677,1661.0,1.4904820766378244,0.724498258417648,0.41063040791100125,Healthy Growth
ADANIPORTS,Mar 2019,37.02517162471396,60.37528604118994,16.596914492040046,12.664157898778896,1.1370425077958313,4.76245487364621,0.19401182717408677,1661.0,1.4904820766378244,0.724498258417648,0.41063040791100125,Healthy Growth
ADANIPORTS,Mar 2019,37.02517162471396,60.37528604118994,16.596914492040046,12.664157898778896,1.1370425077958313,4.76245487364621,0.19401182717408677,1661.0,1.4904820766378244,0.724498258417648,0.41063040791100125,Healthy Growth
ADANIPORTS,Mar 2020,31.8790533142424,50.08843594710688,14.868209136976077,10.67703190362484,1.1879640177554307,3.0481804202972835,0.1917567065587803,6653.0,1.9556142668428005,0.1011888678735477,1.7577278731836194,Healthy Growth
ADANIPORTS,Mar 2020,31.8790533142424,50.08843594710688,14.868209136976077,10.67703190362484,1.1879640177554307,3.0481804202972835,0.1917567065587803,6653.0,1.9556142668428005,0.1011888678735477,1.7577278731836194,Healthy Growth
ADANIPORTS,Mar 2020,31.8790533142424,50.08843594710688,14.868209136976077,10.67703190362484,1.1879640177554307,3.0481804202972835,0.1917567065587803,6653.0,1.9556142668428005,0.1011888678735477,1.7577278731836194,Healthy Growth
ADANIPORTS,Mar 2020,31.8790533142424,50.08843594710688,14.868209136976077,10.67703190362484,1.1879640177554307,3.0481804202972835,0.1917567065587803,6653.0,1.9556142668428005,0.1011888678735477,1.7577278731836194,Healthy Growth
ADANIPORTS,Mar 2022,28.93276476429698,55.65745662713943,11.843332297171278,10.615446321137306,1.1461944955883407,3.7452830188679247,0.1741009681881051,4927.0,2.103775489602261,0.5271593090211133,0.994750656167979,Healthy Growth
ADANIPORTS,Mar 2022,28.93276476429698,55.65745662713943,11.843332297171278,10.615446321137306,1.1461944955883407,3.7452830188679247,0.1741009681881051,4927.0,2.103775489602261,0.5271593090211133,0.994750656167979,Healthy Growth
ADANIPORTS,Mar 2022,28.93276476429698,55.65745662713943,11.843332297171278,10.615446321137306,1.1461944955883407,3.7452830188679247,0.1741009681881051,4927.0,2.103775489602261,0.5271593090211133,0.994750656167979,Healthy Growth
ADANIPORTS,Mar 2022,28.93276476429698,55.65745662713943,11.843332297171278,10.615446321137306,1.1461944955883407,3.7452830188679247,0.1741009681881051,4927.0,2.103775489602261,0.5271593090211133,0.994750656167979,Healthy Growth
ADANIPORTS,Mar 2024,30.339560480700833,58.36172363445772,15.3548827162833,15.246263985603631,0.9373223691689719,5.7039882912550315,0.22830109659056916,8250.0,1.8531589338598222,0.45065920894926087,1.0180157946692991,Healthy Growth
ADANIPORTS,Mar 2024,30.339560480700833,58.36172363445772,15.3548827162833,15.246263985603631,0.9373223691689719,5.7039882912550315,0.22830109659056916,8250.0,1.8531589338598222,0.45065920894926087,1.0180157946692991,Healthy Growth
ADANIPORTS,Mar 2024,30.339560480700833,58.36172363445772,15.3548827162833,15.246263985603631,0.9373223691689719,5.7039882912550315,0.22830109659056916,8250.0,1.8531589338598222,0.45065920894926087,1.0180157946692991,Healthy Growth
ADANIPORTS,Mar 2024,30.339560480700833,58.36172363445772,15.3548827162833,15.246263985603631,0.9373223691689719,5.7039882912550315,0.22830109659056916,8250.0,1.8531589338598222,0.45065920894926087,1.0180157946692991,Healthy Growth
ADANIPOWER,Mar 2016,2.171257437837412,34.6849509398274,7.378146759507231,14.621991129126036,7.06065881092662,1.5830935251798561,0.33481542074570547,2565.0,9.540834845735027,0.5120791325851246,4.655172413793103,Healthy Growth
ADANIPOWER,Mar 2021,4.84344609282636,33.13374775942947,9.685045374818882,13.237445148707947,4.005109433386716,1.701527614571093,0.3327284724513362,4826.0,5.522834645669291,0.3119475335044197,3.8,Healthy Growth
ADANIPOWER,Mar 2022,17.725812854101257,35.6573201977554,26.613209080565635,14.61643146652466,2.662675407704394,2.412942612942613,0.33801734548248985,9459.0,2.0832654723127035,0.07563764291996482,1.9256921824104234,Healthy Growth
AMBUJACEM,Dec 2012,13.252641296543235,25.36670427736178,14.686825053995682,27.921418087388506,0.006820506991019666,31.705128205128204,0.7897124341838802,1472.0,1.4396284829721362,0.2086021505376344,1.1393188854489165,Healthy Growth
AMBUJACEM,Dec 2014,14.937217478653944,19.427423405323957,14.766633565044687,19.1409342834521,0.0033763654419066533,29.303030303030305,0.7173223807465052,1219.0,1.1264290517821116,0.27223880597014927,0.8197713517148622,Healthy Growth
AMBUJACEM,Dec 2015,8.562043022146868,16.33993853979019,7.866809463538117,14.962157966233262,0.0034076526141563626,16.76086956521739,0.6677280124531239,1474.0,1.926980198019802,0.05330764290301863,1.8242574257425743,Healthy Growth
AMBUJACEM,Dec 2017,8.238383667245541,16.34122580371892,9.408862229102168,18.641283339775804,0.0011609907120743034,18.728155339805824,0.6648736939930722,2678.0,1.7562982005141388,0.21604215456674472,1.3768637532133676,Healthy Growth
AMBUJACEM,Dec 2019,10.267857142857142,16.960596221959857,11.558268959215882,19.059662506737425,0.0017027992358169283,27.041176470588237,0.6745980387276619,3548.0,1.7028386633129715,0.2513188436378983,1.2748832195472513,Healthy Growth
AMBUJACEM,Dec 2020,12.673356175558819,20.41931799641051,13.65294195192688,21.551575684518685,0.02069692841762974,35.75714285714286,0.6172516239488394,3515.0,1.5551979401351785,0.2725579470198676,1.1313163823624075,Healthy Growth
AMBUJACEM,Dec 2021,12.812014500258934,21.439668565510097,14.636743709079436,24.04088111184236,0.01881359943204228,42.534246575342465,0.6407477048999004,3302.0,1.4306116949609269,0.3780372951591637,0.8897871193748316,Healthy Growth
APOLLOHOSP,Mar 2014,7.229745237548772,15.515262795501492,10.581121934833725,15.64452672992363,0.4514612025529056,5.680672268907563,0.814392523364486,17.0,1.1841269841269841,0.9544235924932976,0.05396825396825397,Healthy Growth
APOLLOHOSP,Mar 2018,0.7278903311901006,9.717335921387845,1.8450184501845017,11.992813295403504,1.0538130381303814,2.7152542372881356,0.9589343880874825,132.0,8.95,0.7541899441340782,2.2,Healthy Growth
APOLLOHOSP,Mar 2019,2.0796506186960593,11.126130810023916,5.9988002399520095,15.270443841872414,1.1016796640671866,3.27217125382263,1.0492035784420686,194.0,4.525,0.7856353591160221,0.97,Healthy Growth
APOLLOHOSP,Mar 2020,3.841024273139504,14.145994487418868,12.934131736526947,22.93829296424452,1.0766467065868264,2.9849906191369606,0.996279564177518,1004.0,2.9930555555555554,0.22351121423047177,2.324074074074074,Healthy Growth
APOLLOHOSP,Mar 2021,1.2973484848484849,10.795454545454545,2.976319791440365,13.009243409791168,0.9037584184227677,2.538975501113586,0.9269662921348315,385.0,9.233576642335766,0.6956521739130435,2.81021897810219,Healthy Growth
APOLLOHOSP,Mar 2022,7.556434563186251,14.928732183045762,19.704783923172684,22.587968217934165,0.723457229237062,5.775725593667546,1.1057235502601614,949.0,1.5306859205776173,0.4404481132075472,0.8564981949458483,Healthy Growth
APOLLOHOSP,Mar 2023,5.080664579821816,12.430772935227546,13.617295901903839,19.610636277302945,0.6989351403678606,5.41994750656168,1.152330743618202,520.0,1.6315165876777251,0.6223674655047204,0.6161137440758294,Healthy Growth
APOLLOHOSP,Mar 2024,4.905818773282963,12.56099480560365,13.480392156862745,19.51259271334257,0.7688869665513264,5.33184855233853,1.1383944570541153,383.0,2.053475935828877,0.8005208333333333,0.40962566844919784,Healthy Growth
ASIANPAINT,Mar 2013,11.043412033511043,16.536557501904035,34.2789598108747,47.785419532324624,0.0741725768321513,41.357142857142854,1.5483490566037736,724.0,1.0232758620689655,0.3900589721988206,0.6241379310344828,Healthy Growth
ASIANPAINT,Mar 2013,11.043412033511043,16.536557501904035,34.2789598108747,47.785419532324624,0.0741725768321513,41.357142857142854,1.5483490566037736,724.0,1.0232758620689655,0.3900589721988206,0.6241379310344828,Healthy Growth
ASIANPAINT,Mar 2013,11.043412033511043,16.536557501904035,34.2789598108747,47.785419532324624,0.0741725768321513,41.357142857142854,1.5483490566037736,724.0,1.0232758620689655,0.3900589721988206,0.6241379310344828,Healthy Growth
ASIANPAINT,Mar 2013,11.043412033511043,16.536557501904035,34.2789598108747,47.785419532324624,0.0741725768321513,41.357142857142854,1.5483490566037736,724.0,1.0232758620689655,0.3900589721988206,0.6241379310344828,Healthy Growth
ASIANPAINT,Mar 2014,10.335515548281506,16.399345335515548,31.27011636543699,46.73507462686567,0.06164892300074276,41.75,1.513312693498452,816.0,1.110055423594616,0.41797432239657634,0.6460807600950119,Healthy Growth
ASIANPAINT,Mar 2014,10.335515548281506,16.399345335515548,31.27011636543699,46.73507462686567,0.06164892300074276,41.75,1.513312693498452,816.0,1.110055423594616,0.41797432239657634,0.6460807600950119,Healthy Growth
ASIANPAINT,Mar 2014,10.335515548281506,16.399345335515548,31.27011636543699,46.73507462686567,0.06164892300074276,41.75,1.513312693498452,816.0,1.110055423594616,0.41797432239657634,0.6460807600950119,Healthy Growth
ASIANPAINT,Mar 2014,10.335515548281506,16.399345335515548,31.27011636543699,46.73507462686567,0.06164892300074276,41.75,1.513312693498452,816.0,1.110055423594616,0.41797432239657634,0.6460807600950119,Healthy Growth
ASIANPAINT,Mar 2016,12.634013033424427,19.09466750753276,27.632183908045977,39.79264018691589,0.04950191570881226,55.61224489795919,1.351548442087319,1377.0,1.2440377149195785,0.3860900579580918,0.7637271214642263,Healthy Growth
ASIANPAINT,Mar 2016,12.634013033424427,19.09466750753276,27.632183908045977,39.79264018691589,0.04950191570881226,55.61224489795919,1.351548442087319,1377.0,1.2440377149195785,0.3860900579580918,0.7637271214642263,Healthy Growth
ASIANPAINT,Mar 2016,12.634013033424427,19.09466750753276,27.632183908045977,39.79264018691589,0.04950191570881226,55.61224489795919,1.351548442087319,1377.0,1.2440377149195785,0.3860900579580918,0.7637271214642263,Healthy Growth
ASIANPAINT,Mar 2016,12.634013033424427,19.09466750753276,27.632183908045977,39.79264018691589,0.04950191570881226,55.61224489795919,1.351548442087319,1377.0,1.2440377149195785,0.3860900579580918,0.7637271214642263,Healthy Growth
ASIANPAINT,Mar 2018,12.469539375928678,19.043090638930163,24.94649227110583,35.826903723582696,0.0633769322235434,78.14634146341463,1.2224805638305603,557.0,1.0071496663489037,0.7363937529578798,0.26549094375595805,Healthy Growth
ASIANPAINT,Mar 2018,12.469539375928678,19.043090638930163,24.94649227110583,35.826903723582696,0.0633769322235434,78.14634146341463,1.2224805638305603,557.0,1.0071496663489037,0.7363937529578798,0.26549094375595805,Healthy Growth
ASIANPAINT,Mar 2018,12.469539375928678,19.043090638930163,24.94649227110583,35.826903723582696,0.0633769322235434,78.14634146341463,1.2224805638305603,557.0,1.0071496663489037,0.7363937529578798,0.26549094375595805,Healthy Growth
ASIANPAINT,Mar 2018,12.469539375928678,19.043090638930163,24.94649227110583,35.826903723582696,0.0633769322235434,78.14634146341463,1.2224805638305603,557.0,1.0071496663489037,0.7363937529578798,0.26549094375595805,Healthy Growth
ASIANPAINT,Mar 2019,11.476091476091476,19.56860706860707,23.3132720937599,34.89018626633305,0.13937282229965156,34.22727272727273,1.1840728660225244,1552.0,1.118659420289855,0.37165991902834006,0.7028985507246377,Healthy Growth
ASIANPAINT,Mar 2019,11.476091476091476,19.56860706860707,23.3132720937599,34.89018626633305,0.13937282229965156,34.22727272727273,1.1840728660225244,1552.0,1.118659420289855,0.37165991902834006,0.7028985507246377,Healthy Growth
ASIANPAINT,Mar 2019,11.476091476091476,19.56860706860707,23.3132720937599,34.89018626633305,0.13937282229965156,34.22727272727273,1.1840728660225244,1552.0,1.118659420289855,0.37165991902834006,0.7028985507246377,Healthy Growth
ASIANPAINT,Mar 2019,11.476091476091476,19.56860706860707,23.3132720937599,34.89018626633305,0.13937282229965156,34.22727272727273,1.1840728660225244,1552.0,1.118659420289855,0.37165991902834006,0.7028985507246377,Healthy Growth
ASIANPAINT,Mar 2020,13.725199148978279,20.568007520657066,27.38400789733465,36.9576813655761,0.11036525172754195,40.754901960784316,1.2523856735654977,2520.0,1.0951694304253785,0.17050691244239632,0.9084354722422494,Healthy Growth
ASIANPAINT,Mar 2020,13.725199148978279,20.568007520657066,27.38400789733465,36.9576813655761,0.11036525172754195,40.754901960784316,1.2523856735654977,2520.0,1.0951694304253785,0.17050691244239632,0.9084354722422494,Healthy Growth
ASIANPAINT,Mar 2020,13.725199148978279,20.568007520657066,27.38400789733465,36.9576813655761,0.11036525172754195,40.754901960784316,1.2523856735654977,2520.0,1.0951694304253785,0.17050691244239632,0.9084354722422494,Healthy Growth
ASIANPAINT,Mar 2020,13.725199148978279,20.568007520657066,27.38400789733465,36.9576813655761,0.11036525172754195,40.754901960784316,1.2523856735654977,2520.0,1.0951694304253785,0.17050691244239632,0.9084354722422494,Healthy Growth
ASIANPAINT,Mar 2021,14.769953484087875,22.36448210749321,25.042948617835393,34.93776530685661,0.0853506168983289,52.78260869565217,1.0667157946450503,3142.0,1.1484253196133458,0.14689112136844965,0.9797318366074212,Healthy Growth
ASIANPAINT,Mar 2021,14.769953484087875,22.36448210749321,25.042948617835393,34.93776530685661,0.0853506168983289,52.78260869565217,1.0667157946450503,3142.0,1.1484253196133458,0.14689112136844965,0.9797318366074212,Healthy Growth
ASIANPAINT,Mar 2021,14.769953484087875,22.36448210749321,25.042948617835393,34.93776530685661,0.0853506168983289,52.78260869565217,1.0667157946450503,3142.0,1.1484253196133458,0.14689112136844965,0.9797318366074212,Healthy Growth
ASIANPAINT,Mar 2021,14.769953484087875,22.36448210749321,25.042948617835393,34.93776530685661,0.0853506168983289,52.78260869565217,1.0667157946450503,3142.0,1.1484253196133458,0.14689112136844965,0.9797318366074212,Healthy Growth
ASIANPAINT,Mar 2024,15.658543456824905,21.3692069305536,29.677488252883382,35.774926893689276,0.1321016659547202,37.0,1.187084044011906,3556.0,1.0982367758186398,0.41743119266055045,0.6397984886649875,Healthy Growth
ASIANPAINT,Mar 2024,15.658543456824905,21.3692069305536,29.677488252883382,35.774926893689276,0.1321016659547202,37.0,1.187084044011906,3556.0,1.0982367758186398,0.41743119266055045,0.6397984886649875,Healthy Growth
ASIANPAINT,Mar 2024,15.658543456824905,21.3692069305536,29.677488252883382,35.774926893689276,0.1321016659547202,37.0,1.187084044011906,3556.0,1.0982367758186398,0.41743119266055045,0.6397984886649875,Healthy Growth
ASIANPAINT,Mar 2024,15.658543456824905,21.3692069305536,29.677488252883382,35.774926893689276,0.1321016659547202,37.0,1.187084044011906,3556.0,1.0982367758186398,0.41743119266055045,0.6397984886649875,Healthy Growth
BAJAJ-AUTO,Mar 2014,16.785022595222724,20.673387297015445,33.24481164551982,40.70995501662429,0.0058030884233303826,4163.0,1.3154559707342566,1430.0,1.036094674556213,0.5916619074814392,0.4230769230769231,Healthy Growth
BAJAJ-AUTO,Mar 2014,16.785022595222724,20.673387297015445,33.24481164551982,40.70995501662429,0.0058030884233303826,4163.0,1.3154559707342566,1430.0,1.036094674556213,0.5916619074814392,0.4230769230769231,Healthy Growth
BAJAJ-AUTO,Mar 2018,16.735422451408173,19.22253074176914,20.656058751529986,23.586099484084492,0.005924112607099143,4846.0,1.0027445209021122,2374.0,1.0258355060440862,0.45147874306839186,0.5626925811803745,Healthy Growth
BAJAJ-AUTO,Mar 2018,16.735422451408173,19.22253074176914,20.656058751529986,23.586099484084492,0.005924112607099143,4846.0,1.0027445209021122,2374.0,1.0258355060440862,0.45147874306839186,0.5626925811803745,Healthy Growth
AXISBANK,Mar 2014,20.293071374955126,2307.0,16.194395249505156,2.5947330470624954,,1.3023632680621202,0.0793089167852983,298.0,2.326149887423609,0.9793971238938053,0.04792537793502734,Healthy Growth
AXISBANK,Mar 2017,8.259620133806294,-5715.0,6.525363604114934,4.077990192132123,,2.0364382858609185,0.07284508276883928,19751.0,8.754824680619734,0.3867863019652892,5.368578418048383,Healthy Growth
AXISBANK,Mar 2019,8.505801476739535,-5447.0,6.898026606884752,3.482312085950464,,2.068164508758568,0.06754655142338394,18451.0,7.937780628608082,0.503003367003367,3.9450502458841137,Healthy Growth
AXISBANK,Mar 2020,2.5975892073122058,-9859.0,1.8844104702339586,3.9681919977548357,,2.256935058248053,0.06750392295489033,20931.0,18.694529809465273,0.31184245134139926,12.86478180700676,Healthy Growth
AXISBANK,Mar 2022,19.33152262641554,3170.0,11.01377461716035,2.630082057296147,,1.9684646212469614,0.056345695985629454,1025.0,2.1602303262955855,0.9635710985535061,0.07869481765834933,Healthy Growth
BANKBARODA,Mar 2013,13.251193677624718,1006.0,14.509344390361157,2.0185299203279787,,2.4273996896475283,0.06514631194503984,22682.0,4.803478981155519,0.022158992929815484,4.697038724373576,Healthy Growth
BANKBARODA,Mar 2014,12.4459382645874,809.0,13.306206568552328,1.8400476466815308,,2.169036903690369,0.059847301598570636,41503.0,8.386219221604447,0.017285061444841713,8.241262907069103,Healthy Growth
BANKBARODA,Mar 2015,8.794389402204164,902.0,9.400733019182256,1.903318864566976,,2.4712791337860156,0.06119493273530382,17282.0,4.5159493670886075,0.031169413611391413,4.375189873417722,Healthy Growth
BANKBARODA,Mar 2017,4.171070087468801,-4372.0,4.307242204007709,2.7835376522269746,,2.425349628323044,0.06183538742185936,17314.0,9.630727762803234,0.03084242933109432,9.333692722371968,Healthy Growth
BANKBARODA,Mar 2020,1.2434248051207302,-11728.0,1.2890255439924314,3.5441037128248123,,3.3289311787384137,0.06574939475888278,18392.0,18.889908256880734,0.007500944363499002,18.748216106014272,Healthy Growth
BHARTIARTL,Mar 2013,2.9461837368578374,29.838720158030853,4.50498787806526,19.61420834116421,1.326179404634156,5.080770081876522,0.48709881623092993,3932.0,9.972651080723423,0.8260792639773531,1.7344508160564622,Healthy Growth
BHARTIARTL,Mar 2014,3.516025342401938,30.87673530233858,5.05221233014258,19.544127620676438,1.2700984001606532,4.509610477972444,0.47310074273246205,1052.0,8.689301093077178,0.9598978386002364,0.3484597548857237,Healthy Growth
BHARTIARTL,Mar 2015,5.252806942695706,34.96529692719118,12.690750936470824,27.276121826092602,2.097066143751414,7.557804768331084,0.5282045081043647,5758.0,5.558438985736926,0.7947895505898286,1.140649762282092,Healthy Growth
BHARTIARTL,Mar 2016,7.140637301620188,35.2049061451125,10.323498577205331,20.299135088641467,1.5073536019170286,3.97659723847414,0.4300402722834028,13851.0,4.053677643986653,0.5042946102641185,2.0094298563760336,Healthy Growth
BHARTIARTL,Mar 2018,2.6428199760403683,36.398068708479045,3.1408643129359315,16.630268315742335,1.60112173725462,3.2252841518335837,0.33119056111509654,1914.0,13.66941391941392,0.9358879882092852,0.8763736263736264,Healthy Growth
BHARTIARTL,Mar 2022,7.125880546045801,49.36549203325697,12.478588815097515,24.354871482271665,2.5494786188658836,3.4625662012518057,0.32265985985875134,13539.0,6.624563515954245,0.7539124270679972,1.6302227573750752,Healthy Growth
BHARTIARTL,Mar 2023,8.830356822020196,51.22282511049624,15.84131609143535,23.477599206806705,2.914018281912768,3.692953367875648,0.3129969835139251,26093.0,5.31659477496541,0.600566398775354,2.12362659721657,Healthy Growth
BHARTIARTL,Mar 2024,5.706018055499993,52.20093077836007,10.35839213740181,26.253894054880604,2.6094723973904306,3.456905687036383,0.3393112060793767,27809.0,9.219210095816779,0.6475322568379427,3.249474176209395,Healthy Growth
BEL,Mar 2015,16.875793035387,16.622021711546594,17100.0,3572.7272727272725,3.7142857142857144,168.42857142857142,144.75510204081633,595.0,1.1979949874686717,0.5850767085076709,0.49707602339181284,Healthy Growth
BEL,Mar 2016,18.18058199619255,18.94207234158281,11141.666666666668,3764.8648648648646,2.0833333333333335,139.3,141.42307692307693,790.0,1.6903515332834704,0.6504424778761062,0.5908750934928946,Healthy Growth
BEL,Mar 2020,14.073103022825418,21.275447254781,3318.181818181818,2786.868686868687,0.8,344.875,106.29508196721312,1921.0,1.4082191780821918,0.2525291828793774,1.0526027397260274,Healthy Growth
BEL,Mar 2021,14.88411652136934,22.779785952229073,3559.322033898305,2975.925925925926,0.8305084745762712,321.4,92.82236842105263,2498.0,2.4252380952380954,0.5095228745336736,1.1895238095238094,Healthy Growth
BHEL,Mar 2014,8.852152372285838,11.574530471929426,10.557414609146544,12.093281216987112,0.14147900274336017,34.42857142857143,0.5251622837875509,3644.0,1.2884066247858366,0.19237588652482268,1.0405482581382068,Healthy Growth
BHEL,Mar 2018,1.5194088875013008,5.734207513789156,1.3545693520952529,5.094775774387425,0.0034018865006958405,5.009090909090909,0.450844541757898,28.0,2.2579908675799087,0.9716885743174924,0.0639269406392694,Healthy Growth
BOSCHLTD,Dec 2013,10.106200753682767,14.71965284914925,14.061010486177311,19.90118882198549,0.029075309818875118,,0.9849285794623777,211.0,1.1943502824858756,0.8003784295175024,0.2384180790960452,Healthy Growth
BOSCHLTD,Mar 2015,11.070660268078768,16.390865464173423,18.211514904042467,26.562080986859748,0.015108207431604737,141.5,1.1586616815262198,213.0,1.0433482810164425,0.8474212034383954,0.1591928251121076,Healthy Growth
BOSCHLTD,Mar 2018,11.72797262617622,17.904191616766468,13.736098587315901,20.96984270113215,0.0,697.6666666666666,0.8393767501974582,559.0,1.261123267687819,0.6766917293233082,0.4077315827862874,Healthy Growth
BOSCHLTD,Mar 2020,6.604348709611868,15.068075594391384,7.011866235167206,15.871147260273974,0.007982740021574973,148.3,0.7388888888888889,463.0,2.0553846153846154,0.6534431137724551,0.7123076923076923,Healthy Growth
BOSCHLTD,Mar 2021,4.959868285655484,11.967483021197777,4.9068512674335745,11.774830414093348,0.005497302249821846,83.07142857142857,0.6577771761202111,372.0,1.7323651452282158,0.5544910179640719,0.7717842323651453,Healthy Growth
BPCL,Mar 2013,0.7994021000821699,2.770242091658718,11.540983606557377,13.436273331731154,1.9765722801788375,2.664416203335981,3.0414050334053346,2322.0,3.0609504132231407,0.6081673979075262,1.1993801652892562,Healthy Growth
BPCL,Mar 2014,1.5327829484042492,3.5602316003645704,20.848765432098766,17.90006084575601,1.705349794238683,4.749747729566095,2.9891589418946416,2707.0,2.3656550703182826,0.7176679182311222,0.6679003207500617,Healthy Growth
BPCL,Mar 2015,2.0948235352311233,4.031360522345609,22.524598883077743,20.352103883131477,1.1298643737257335,8.288135593220339,2.81038437478279,10206.0,4.0814639905549,0.507954874168354,2.0082644628099175,Healthy Growth
BPCL,Mar 2016,4.306897745121529,6.906264142906584,29.103403612290425,25.342893986167013,0.8414765776786357,19.075,2.173231353127676,1886.0,1.3745827667202373,0.8303804298947747,0.23315613796513784,Healthy Growth
BPCL,Mar 2018,4.150999385319739,6.493143135717163,26.740216827330077,20.62117989175799,1.0284005570878505,12.914839797639123,1.9599770680315065,4002.0,1.1303104575163399,0.6384170581857608,0.40870098039215685,Healthy Growth
BPCL,Mar 2021,7.524840227483046,9.124086005621908,32.340584445896745,19.429718652566912,1.0182429278312015,12.188624492164829,1.4298289207220862,20981.0,1.3542147806004619,0.10547857599658922,1.2113741339491917,Healthy Growth
BPCL,Mar 2022,3.3685995311297003,5.518309298684223,22.50650226375108,16.435215005281737,1.243309893073885,7.343438219493477,1.849265980195063,12198.0,1.7407978085944187,0.40017702596380805,1.04417051874679,Healthy Growth
BPCL,Mar 2023,0.45035049568141133,2.3033177158290488,3.9815403011845594,8.868329834496901,1.2962146407084938,2.9102803738317755,2.5154936765386027,4660.0,5.849835757860159,0.6261832183539227,2.1867667761614267,Healthy Growth
BPCL,Mar 2024,5.994201967046283,9.837909494446341,35.511337343822305,33.84830382235054,0.7218747934157467,10.62472885032538,2.213651947949293,25415.0,1.3379500353698945,0.2927704808548531,0.9462377601548829,Healthy Growth
BRITANNIA,Mar 2013,4.203718674211803,6.806790622473727,46.59498207885305,44.882729211087415,0.6810035842293907,10.268292682926829,3.2846521508231548,292.0,1.2307692307692308,0.0875,1.123076923076923,Healthy Growth
BRITANNIA,Mar 2014,5.713872414291914,9.069868363951974,49.49874686716792,66.13924050632912,0.18796992481203006,78.375,3.280968201233982,425.0,1.6987341772151898,0.36661698956780925,1.0759493670886076,Healthy Growth
BRITANNIA,Mar 2016,9.824937477670597,14.576634512325832,39.4359464627151,55.06072874493927,0.06261950286806883,244.8,2.403262736119061,254.0,1.1624242424242424,0.735140771637122,0.30787878787878786,Healthy Growth
BRITANNIA,Mar 2018,10.127092999798265,15.14020576961872,29.47739283617146,41.613529248683115,0.05901350557839107,187.625,1.9109483423284503,292.0,1.2440239043824701,0.7662129703763011,0.2908366533864542,Healthy Growth
BRITANNIA,Mar 2019,10.44776119402985,15.66711895070104,27.157300728897248,39.283284191426624,0.03667999059487421,192.44444444444446,1.7722026290477717,304.0,1.000865800865801,0.7370242214532872,0.2632034632034632,Healthy Growth
BRITANNIA,Mar 2021,14.091047503045068,19.10018270401949,52.17023675310034,44.25044091710759,0.5980834272829764,22.603603603603602,1.642,1443.0,1.0135062128579146,0.2308102345415778,0.779578606158833,Healthy Growth
BRITANNIA,Mar 2023,14.207717317955954,17.36703269738053,65.53480475382003,43.3471137651202,0.8480475382003395,16.75147928994083,1.743236017538231,1019.0,1.0906735751295338,0.5965954077593032,0.43998272884283246,Healthy Growth
BRITANNIA,Mar 2024,12.725863199952292,18.886039716142882,54.14869322506978,52.730602730602726,0.5239786856127886,19.3109756097561,1.8484347442680775,2096.0,1.2057169634489222,0.18538670812281383,0.9821930646672915,Healthy Growth
CANBK,Mar 2013,8.790724977986498,655.0,11.896250397203687,1.798781703620992,,2.1816807738814994,0.08124982114069311,7575.0,2.674457429048414,0.054307116104868915,2.5292153589315527,Healthy Growth
CANBK,Mar 2014,6.7525903462218855,-672.0,8.854718981972429,2.0155243061438353,,2.3252895752895753,0.07896785008681076,13864.0,5.330838323353293,0.02667789946644201,5.188622754491018,Healthy Growth
CANBK,Mar 2015,6.689795266245178,-621.0,9.020682014034225,1.9365389676303622,,2.1766321571941685,0.07843948166528812,5240.0,2.1644489935175706,0.17402269861286254,1.787785738655749,Healthy Growth
CANBK,Mar 2017,3.403526545577345,-5775.0,4.06804093988756,2.755015863595901,,1.9983443708609272,0.06954017300753658,2099.0,1.824946846208363,0.18485436893203883,1.4875974486180015,Healthy Growth
CANBK,Mar 2019,1.4514817209234425,-11590.0,1.8466926689484995,4.012952622611031,,2.74573533864944,0.06736744204343177,17492.0,26.20258620689655,0.04085101716291056,25.132183908045977,Healthy Growth
CANBK,Mar 2021,4.2090729221527905,-18367.0,4.73802275276398,3.86653824790281,,1.881529931560253,0.05955965885006019,58002.0,19.99256002705445,0.018877499238810515,19.615150490361852,Healthy Growth
CIPLA,Mar 2014,13.80123857269242,2147.0,13.968759327430105,71.03283476413841,0.1241667495771565,31.97609561752988,0.7591791044776119,298.0,1.1132478632478633,0.8093410108765196,0.21225071225071226,Healthy Growth
CIPLA,Mar 2017,7.190496040016674,2496.0,8.250956632653061,71.42942906885995,0.3278858418367347,57.20192307692308,0.6897311802194642,1078.0,2.301449275362319,0.5474391267842149,1.0415458937198068,Healthy Growth
CIPLA,Mar 2018,9.349432567959884,2826.0,9.958535385480358,67.27233044142523,0.2880033733923677,44.03214285714286,0.668460283156177,629.0,1.0324629498941424,0.5700615174299385,0.44389555398729713,Healthy Growth
CIPLA,Mar 2019,9.118689646742451,3097.0,9.938715694111377,68.63100165562915,0.2875033306687983,27.80922431865828,0.6885784024913728,3.0,1.133378016085791,0.9982259018332348,0.0020107238605898124,Healthy Growth
CIPLA,Mar 2020,8.755545178613122,3206.0,9.515955084692001,74.95559502664298,0.17864619678995114,40.48255813953488,0.731417837168595,2954.0,2.0453333333333332,0.037157757496740544,1.9693333333333334,Healthy Growth
CIPLA,Mar 2021,12.468684759916492,4252.0,13.036123540325221,73.28908554572271,0.10989850485648806,56.04135338345865,0.7708710521021928,1381.0,1.571787358727501,0.6322237017310253,0.5780661364587694,Healthy Growth
CIPLA,Mar 2022,11.703349722005237,4553.0,12.221102634230602,78.59980819290314,0.05066935367784655,173.84848484848484,0.8103287783445656,1468.0,1.3058500196309384,0.5586289837642814,0.5763643502159403,Healthy Growth
CIPLA,Mar 2023,12.45110534874522,5027.0,12.103216986371597,73.21767864518793,0.03430597684453369,60.49829351535836,0.7765529010238907,862.0,1.1429579950582422,0.7337862878319951,0.3042710907165549,Healthy Growth
COALINDIA,Mar 2015,18.519967620075555,17343.0,34.01729735087849,139.2924609307917,0.010110772433276337,8.641856925418569,0.6661453980065968,13488.0,1.0477161797916514,0.0621610346266166,0.9825890580607561,Healthy Growth
COALINDIA,Mar 2017,11.872473261347935,12448.0,37.84974304592544,238.68952491646084,0.12293009217717596,12.361926260346126,0.6591278976616324,16006.0,1.7738146551724139,0.027641091063726385,1.7247844827586207,Healthy Growth
COALINDIA,Mar 2018,8.25629956360565,9288.0,34.87957181088314,349.7697550193406,0.07622162751511548,15.26753768844221,0.6793920507527635,13368.0,3.000142085819835,0.36689557186834004,1.8994032395566922,Healthy Growth
COALINDIA,Mar 2022,15.839219796746114,24721.0,40.27999907285075,182.1698780461667,0.08145006142363767,21.985256078634247,0.6114436344992086,15392.0,2.365462078490045,0.6255625562556255,0.8857175739440672,Healthy Growth
COALINDIA,Mar 2023,22.94578016954547,44232.0,52.13911214108443,144.25998097400804,0.07118320924346268,14.332317073170731,0.6244557263907207,12269.0,1.1264382309365444,0.6566575250461745,0.386754090092362,Healthy Growth
DABUR,Mar 2013,12.47557003257329,16.156351791530945,36.563245823389025,30.560690080098585,0.5494033412887828,16.8135593220339,1.3038861754087916,248.0,1.1357702349869452,0.7149425287356321,0.3237597911227154,Healthy Growth
DABUR,Mar 2014,12.978180787758573,16.463587418532164,34.48795180722892,34.54221165279429,0.26656626506024095,21.51851851851852,1.3286897590361446,994.0,1.1986899563318778,0.0947176684881603,1.0851528384279476,Healthy Growth
DABUR,Mar 2019,16.981796829125074,20.434527304756312,25.67471590909091,27.483809824672246,0.12411221590909091,29.0,1.0092449922958397,1161.0,1.0366528354080222,0.22548365577051369,0.8029045643153527,Healthy Growth
DABUR,Mar 2020,16.672423719055843,20.63327576280944,21.91946715107478,25.140291806958476,0.07901907356948229,35.84,0.9301702902431188,1097.0,1.1146408839779005,0.32032218091697645,0.7575966850828729,Healthy Growth
DABUR,Mar 2021,17.72641706755909,20.937042459736457,22.116388308977037,24.49528936742934,0.06641440501043841,64.58064516129032,0.8826733130250162,711.0,1.247787610619469,0.6638297872340425,0.4194690265486726,Healthy Growth
DABUR,Mar 2022,15.997795940857745,20.681421618146754,20.782629444046766,23.926901827454312,0.12288236697685516,57.743589743589745,0.8864376424617388,529.0,1.034443168771527,0.7064372918978913,0.3036739380022962,Healthy Growth
DABUR,Mar 2024,14.600128990648178,19.348597226701063,18.355969997972835,21.369423915946932,0.13835394283397526,19.35483870967742,0.8205874569992061,1042.0,1.1115405853119824,0.4823646299056135,0.5753727222528989,Healthy Growth
DIVISLAB,Mar 2017,26.08267716535433,35.67913385826771,19.787194325182007,26.88670498794734,0.006720179204778794,483.3333333333333,0.6602761982128351,10.0,1.0849056603773586,0.991304347826087,0.009433962264150943,Healthy Growth
DLF,Mar 2013,8.580985462498392,33.87366525151164,2.5924054568774535,5.031626822603146,1.0338528508686695,1.137856525496975,0.1202375980323913,14.0,3.0119940029985006,0.9930313588850174,0.020989505247376312,Healthy Growth
DLF,Mar 2015,6.628317427114655,39.40384363969146,1.8524608133289489,5.811352768779885,0.8949906828894004,1.3081597222222223,0.11543569466662643,1939.0,4.017751479289941,0.048109965635738834,3.824457593688363,Healthy Growth
DLF,Mar 2016,3.07273826314729,39.955671972597216,1.2671901616186798,8.039243508402084,1.049648926004404,1.4798507462686568,0.1607996241636832,2139.0,9.695081967213115,0.2766317213391951,7.0131147540983605,Healthy Growth
DLF,Mar 2019,15.706430791298112,25.67535261773847,3.913509649749821,4.228512933580062,0.5129258994519895,1.0417070805043647,0.12583668005354753,2040.0,1.5547945205479452,0.0014684287812041115,1.552511415525114,Healthy Growth
DLF,Mar 2021,20.003694126339123,27.133357960842257,3.0641693073789047,3.478569737153682,0.19482797645993663,1.7221570926143024,0.10121896500149566,1310.0,1.348107109879963,0.10273972602739725,1.2096029547553093,Healthy Growth
DLF,Mar 2022,26.237537169844323,30.488018191359107,4.125185633353501,4.2990331491712706,0.1150101754578956,2.7888,0.111732171125921,2565.0,1.888,0.09427966101694915,1.71,Healthy Growth
DLF,Mar 2023,35.71553994732221,30.307287093942055,5.397086528511158,4.207600984861413,0.08846551861384562,4.403061224489796,0.10832762687362094,1914.0,1.1676499508357916,0.19410526315789473,0.9410029498525073,Healthy Growth
DMART,Mar 2021,4.5520440707451435,7.227767883030278,9.020026263952726,13.874532877474754,0.032255416940249505,41.54761904761905,1.7680703039179788,265.0,1.2511373976342128,0.8072727272727273,0.2411282984531392,Healthy Growth
DMART,Mar 2023,5.550887021475257,8.494397759103641,14.790396815524318,21.763052449016207,0.039992536385122526,54.3134328358209,2.3661971830985915,317.0,1.1059714045416316,0.879467680608365,0.13330529857022708,Healthy Growth
DMART,Mar 2024,4.993207190533383,8.084427730414067,13.56294790886726,21.28564022809746,0.031661140228901485,70.79310344827586,2.398875873795579,278.0,1.082807570977918,0.898761835396941,0.10962145110410094,Healthy Growth
DRREDDY,Mar 2014,14.632873648900485,24.23406634364517,24.958677685950413,26.340949602981688,0.5692307692307692,25.598425196850393,0.84339243052936,366.0,1.0035659704533877,0.8142131979695432,0.18644931227712686,Healthy Growth
DRREDDY,Mar 2015,15.549490780802769,23.35086201158224,23.708515173043743,24.761770311286792,0.4378361920227342,32.48148148148148,0.8139459283740587,154.0,1.0804794520547945,0.938985736925515,0.06592465753424658,Healthy Growth
DRREDDY,Mar 2016,13.688335046248715,23.028006166495373,16.95441164770467,22.51742980968532,0.2666878828864667,43.19277108433735,0.7657648794884407,1653.0,1.5312060065696855,0.4934109714986209,0.7756921633036133,Healthy Growth
DRREDDY,Mar 2017,9.101155255001409,17.413355874894336,10.536617191322787,14.388824214202561,0.4010764964932311,31.29113924050633,0.655583264062067,254.0,1.6594427244582044,0.8815298507462687,0.19659442724458204,Healthy Growth
DRREDDY,Mar 2018,6.631188292136406,16.462432602758913,7.532612153993,13.325398174913564,0.40335666560610883,29.759493670886076,0.6389995078079556,320.0,1.903907074973601,0.8225180255130339,0.337909186906019,Healthy Growth
DRREDDY,Mar 2019,12.622993267736923,20.572242361470742,13.904734740444951,17.791960586720414,0.27367370222475756,35.70786516853933,0.6890891248104202,2101.0,1.471794871794872,0.26794425087108015,1.0774358974358975,Healthy Growth
DRREDDY,Mar 2020,11.565907404235885,14.140549180795798,12.988012052054618,13.908697849401989,0.14167574844541317,25.275510204081634,0.7542953106833742,2489.0,1.472852912142152,0.16588471849865952,1.2285291214215202,Healthy Growth
DRREDDY,Mar 2021,10.247795044099119,20.338093238135237,11.06513236211099,18.74032507739938,0.17181565670880336,39.93814432989691,0.7164134195877839,1315.0,1.8288934426229508,0.6316526610644257,0.6736680327868853,Healthy Growth
DRREDDY,Mar 2022,10.127639823624971,17.488976560686933,11.35748490526754,16.675517790759425,0.17613991255465333,39.25,0.7242990654205608,246.0,1.2882676443629697,0.9124866595517609,0.11274060494958753,Healthy Growth
DRREDDY,Mar 2023,18.269152817186868,26.22618565058776,19.35497723954307,26.265578695246216,0.05784591600103066,45.24475524475525,0.7659349871154025,1779.0,1.3064122476148214,0.697860054347826,0.3947193254936765,Healthy Growth
EICHERMOT,Mar 2016,21.675036449052325,27.37728819050705,36.627429509991785,45.97388465723613,0.006296194908294552,845.0,1.2498481473982588,462.0,1.093423019431988,0.6842105263157895,0.3452914798206278,Healthy Growth
EICHERMOT,Mar 2018,21.862799776910204,31.3329615170106,27.880512091038405,39.117114607993315,0.021479374110953058,561.8,0.9415038857382902,337.0,1.2663265306122449,0.8642224012892828,0.1719387755102041,Healthy Growth
EICHERMOT,Mar 2021,15.447247706422019,20.44724770642202,11.776534359153699,15.295530582482627,0.01914670396922539,111.4375,0.5989422350436157,66.0,1.2553823311061618,0.960969840331165,0.04899777282850779,Healthy Growth
GAIL,Mar 2015,5.21822415245141,9.298677279257559,9.288107695020868,10.764054823848756,0.5376227147140086,8.636503067484663,0.8692101221490189,1405.0,1.3335443037974684,0.6665875652586616,0.44462025316455694,Healthy Growth
GAIL,Mar 2016,3.6001767429350853,8.71419514725376,5.147927368623465,9.97910020899791,0.24866082465730846,5.518248175182482,0.8813131740683676,3056.0,2.113127001067236,0.22828282828282828,1.6307363927427962,Healthy Growth
GAIL,Mar 2017,6.949250288350635,12.40113692535838,8.584149599287622,13.129661127829387,0.16672179112072255,11.829076620825147,0.8329244651833044,5690.0,1.7854179016004743,0.05544488711819389,1.6864256075874333,Healthy Growth
GAIL,Mar 2018,8.817160892542573,14.31664709336465,11.528587538088725,17.126550323784436,0.09299647304397898,26.447457627118645,0.8882369240297948,6109.0,1.8249739854318419,0.30334131599954384,1.2713839750260145,Healthy Growth
GAIL,Mar 2019,8.600866255414097,13.04370652316577,14.244413529258326,20.606286804346023,0.04834362229371359,62.503144654088054,1.1134656417151376,2283.0,1.2183732641538227,0.7140531062124249,0.34839005035861437,Healthy Growth
GAIL,Mar 2021,10.70731367217458,12.628111273792095,11.550900680681433,11.866350012284006,0.14803881012372608,40.47486033519553,0.7080340614587189,4353.0,1.463942699007,0.5159568553319248,0.7086114276412177,Healthy Growth
GAIL,Mar 2024,7.433122166511544,10.743987750322754,12.861540060002339,14.489174115050965,0.28304998896060884,19.908205841446453,1.0680883472962681,4360.0,1.270928001615672,0.6535833465755602,0.4402706250631122,Healthy Growth
GODREJCP,Mar 2014,10.777733912356888,15.383603105671797,21.695364238410598,19.014313597918022,0.6286092715231788,9.741666666666667,0.9133413461538461,622.0,1.3626373626373627,0.44265232974910396,0.7594627594627594,Healthy Growth
GODREJCP,Mar 2016,9.864672364672366,19.669990503323838,19.475041012420906,23.14892428052529,0.67752519334427,12.9453125,0.8703378448186796,225.0,1.0192539109506618,0.7343565525383707,0.27075812274368233,Healthy Growth
GODREJCP,Mar 2018,16.593886462882097,21.163806235401644,26.110578459571748,21.339340569322136,0.5605624800255673,12.046242774566474,0.7102567801500288,1387.0,1.0544675642594858,0.1950087057457922,0.8488372093023255,Healthy Growth
GODREJCP,Mar 2020,15.104429421854505,21.733427504792655,18.95416561154723,18.7745140765275,0.45264623955431754,9.447368421052632,0.6660618279569892,1036.0,1.0607882431529727,0.34760705289672544,0.6920507682030728,Healthy Growth
GODREJCP,Mar 2021,15.604315894460061,21.751745398494876,18.23286365081047,21.224453684862425,0.1974785464561924,17.384057971014492,0.7742909295141814,1738.0,1.179546775130738,0.1438423645320197,1.0098779779198142,Healthy Growth
GODREJCP,Mar 2023,12.781616100931211,18.34635025533193,12.338697984630999,16.369606003752345,0.08191967522111063,12.99468085106383,0.7636634742214831,397.0,1.263807285546416,0.8154346815434682,0.23325499412455933,Healthy Growth
GRASIM,Mar 2014,10.42674102573153,17.348487522501856,13.66643534582466,15.704882413087933,0.44788341429562806,10.995525727069351,0.5934933802580862,1213.0,1.2014218009478672,0.6582135812905043,0.41062965470548407,Healthy Growth
GRASIM,Mar 2015,8.136383689418288,16.209743492783765,11.158167675021607,14.667807242657544,0.5155574762316335,7.712143928035982,0.5873077563711065,2235.0,1.7792408985282726,0.5134958641706574,0.8656080557707204,Healthy Growth
GRASIM,Mar 2016,10.018267753066374,17.13979180560791,12.596157351708046,14.80192317323584,0.45590433482810166,8.232590529247911,0.5788740432388881,1353.0,1.6984081041968162,0.7694274028629857,0.3916063675832127,Healthy Growth
GRASIM,Mar 2017,11.772208051458357,20.480758567150936,13.527893713958008,18.194581280788178,0.29352916812693153,10.522792022792023,0.5748163258801218,3779.0,1.7164390014130946,0.4814763995609221,0.8900141309467734,Healthy Growth
GRASIM,Mar 2020,9.727187481685519,15.19808943327668,11.722847103279006,7.335407679796337,1.4969540727137889,1.5055152394775035,0.27951396709817716,5256.0,2.5033890646181653,0.683754512635379,0.7916854948034342,Healthy Growth
GRASIM,Mar 2021,9.144809172294645,24.39008428878069,10.668152807890799,12.88977118667515,1.2074083122118056,3.2561593569806044,0.28578375082756996,7929.0,2.157578359811078,0.47402985074626863,1.1348218119364535,Healthy Growth
HAL,Mar 2021,14.155231186085132,23.341491128397866,2249.3055555555557,3560.666666666667,0.041666666666666664,20.00374531835206,123.02150537634408,13934.0,4.669342389626428,0.0786828881248347,4.301945044766903,Healthy Growth
HAL,Mar 2023,21.57976827094474,24.766042780748663,3283.050847457627,2977.2321428571427,0.2655367231638418,104.203125,99.36531365313652,3102.0,1.5205644467389434,0.648936170212766,0.5338151781104801,Healthy Growth
HAL,Mar 2024,24.999177117277245,32.08913465652875,3816.5829145728644,3027.639751552795,0.6180904522613065,226.72093023255815,67.51333333333334,1814.0,1.0830809743252139,0.7794796985168977,0.23884134298880844,Healthy Growth
HAVELLS,Mar 2013,8.142957252978276,9.446391030133146,40.29126213592233,27.805280528052805,0.680998613037448,5.479674796747967,1.6004934948407357,494.0,1.0981067125645438,0.22570532915360503,0.8502581755593803,Healthy Growth
HAVELLS,Mar 2014,5.539684511240839,9.650975034157247,26.770708283313326,28.566176470588232,0.6326530612244898,7.617647058823529,1.5099399849962492,492.0,1.946188340807175,0.43317972350230416,1.1031390134529149,Healthy Growth
HAVELLS,Mar 2015,4.546528105810109,8.915918752952292,21.177117711771174,33.675289919714544,0.23322332233223322,7.864583333333333,1.7685881370091896,478.0,2.501298701298701,0.5036344755970924,1.2415584415584415,Healthy Growth
HAVELLS,Mar 2017,8.05872756933116,13.295269168026099,15.079365079365079,23.392652123995408,0.06349206349206349,62.69230769230769,1.1861455108359134,547.0,1.5526315789473684,0.28683181225554105,1.1072874493927125,Healthy Growth
HAVELLS,Mar 2018,8.144406111384919,12.727944800394283,17.721179624664877,26.86605981794538,0.030831099195710455,41.32,1.2282082324455206,154.0,1.6641452344931922,0.86,0.2329803328290469,Healthy Growth
HAVELLS,Mar 2020,7.786016949152542,11.302966101694915,17.045454545454543,24.338503649635037,0.016697588126159554,20.92156862745098,1.3346529054149583,279.0,1.125170068027211,0.6626360338573156,0.3795918367346939,Healthy Growth
HAVELLS,Mar 2022,8.58085808580858,12.73496914908882,19.923371647509576,26.81673968877474,0.10261535898717308,26.492537313432837,1.324527226076214,969.0,1.4448160535117056,0.4392361111111111,0.810200668896321,Healthy Growth
HAVELLS,Mar 2024,6.837009144701453,10.118343195266272,17.067275412917954,24.270967741935483,0.040687525177924,22.392857142857142,1.4952143489101584,335.0,1.5365853658536586,0.8284690220174091,0.26357199055861524,Healthy Growth
HCLTECH,Jun 2013,15.792971345920801,22.203979516047063,30.689759951382555,39.97747747747748,0.07930720145852324,53.58490566037736,1.1420599133889906,2131.0,1.111881188118812,0.5256010685663401,0.5274752475247525,Healthy Growth
HCLTECH,Mar 2017,18.091994618230743,21.84241506895392,26.119153843819237,30.98625152843637,0.01766366202312665,116.74157303370787,1.039465058345352,5105.0,1.0452010225424122,0.4324624791550862,0.5931907971182896,Healthy Growth
HCLTECH,Mar 2020,15.644631841077594,24.50053766483672,21.56748005539626,29.22383676775859,0.15577271929311254,34.28910891089109,0.8533790555307357,1027.0,1.2081939043140093,0.9231229882476233,0.09288233698109795,Healthy Growth
HCLTECH,Mar 2021,14.817124132716009,26.596266864776663,18.64203094487006,30.022313071866062,0.11456612087526914,39.23287671232877,0.8760212442037492,13953.0,1.756468797564688,0.2887654195126924,1.2492613483749664,Healthy Growth
HCLTECH,Mar 2022,15.78849050215409,23.96819651842944,21.841586717059148,30.076036157463705,0.10244855767677746,64.35423197492163,0.9632257846852824,15303.0,1.2497226946683428,0.09449704142011835,1.1316275974266066,Healthy Growth
HCLTECH,Mar 2023,14.631958681595963,22.303264469326606,22.697041510587876,32.23407740851009,0.07329714853604465,64.10198300283287,1.088,14436.0,1.2131357359380264,0.1984007996001999,0.9724486359043449,Healthy Growth
HCLTECH,Mar 2024,14.293122742532729,22.015594151738192,23.01393141233172,32.690722902959976,0.08435023365512796,43.75768535262206,1.1101650405025958,15840.0,1.428898790579249,0.29436920883820383,1.008274984086569,Healthy Growth
HDFCBANK,Mar 2017,20.904587080836894,11374.0,16.686275791446064,2.862683357653022,,1.8485858194498257,0.08211071066763491,16136.0,1.128288829405236,0.06631176947112603,1.0534700006528694,Healthy Growth
HDFCBANK,Mar 2021,24.78141141328023,16848.0,15.183737667413375,3.0476497012597985,,1.9191819412431859,0.0714373436724614,40653.0,1.3333333333333333,0.04291835389396365,1.2761088614747151,Healthy Growth
HDFCLIFE,Mar 2015,2.8881131728826013,874.0,30.932703659976386,1036.6391184573001,,333.43037974683546,0.3926618476676911,945.0,5.673027989821883,0.7880690737833596,1.202290076335878,Healthy Growth
HDFCLIFE,Mar 2016,4.503610605810043,953.0,26.32935868514341,553.8833387044796,,159.13888888888889,0.23700094063545152,1725.0,6.960832313341493,0.6966766309126077,2.1113831089351285,Healthy Growth
HDFCLIFE,Mar 2017,2.8942473977877117,972.0,23.183481442760062,775.5880815473079,,213.4820143884892,0.32227094440413473,1053.0,7.023675310033822,0.8309791332263242,1.1871476888387824,Healthy Growth
HDFCLIFE,Mar 2018,3.4314941103533787,1074.0,23.52816153028693,662.826780021254,,110.58865248226951,0.2919906229917725,2318.0,6.087624209575429,0.656032052233269,2.093947606142728,Healthy Growth
HDFCLIFE,Mar 2021,1.9027513700928307,1235.0,15.752314814814813,760.7575757575758,,157.96404494382023,0.3981408811332832,751.0,7.129316678912565,0.9226012573430897,0.5518001469507715,Healthy Growth
HDFCLIFE,Mar 2022,1.976879301611894,778.0,8.498783143332906,409.20192426298263,,86.61618798955614,0.2909237476921477,5142.0,4.47852298417483,0.1347804139323574,3.87490580256217,Healthy Growth
HEROMOTOCO,Mar 2014,8.316518298714143,3553.0,37.38218033078428,367.7331979007957,0.050506846878890274,50.51627906976744,2.497036158861885,1347.0,1.4096098953377736,0.5453931825852177,0.6408182683158896,Healthy Growth
HEROMOTOCO,Mar 2016,10.935797870471237,4424.0,35.22752999773602,265.08934480476506,0.026262168892913742,57.0855106888361,2.2066532258064515,1422.0,1.1960154241645244,0.6179473401397099,0.4569408740359897,Healthy Growth
HEROMOTOCO,Mar 2017,12.394267738552953,4585.0,34.373788290034895,227.14380259052663,0.025300504071345483,28.94578313253012,1.8684691745036572,2035.0,1.1300056401579244,0.4921387571749439,0.5738860688099267,Healthy Growth
HEROMOTOCO,Mar 2018,11.467126748413333,5334.0,31.089208152355496,222.32786885245903,0.019044437019712663,48.09219858156028,1.8657239753980572,2159.0,1.0792584631918323,0.4625342295245208,0.5800644814615799,Healthy Growth
HEROMOTOCO,Mar 2020,12.50769125589663,4070.0,25.39913924753575,169.4865064943805,0.031445231153685964,17.562064156206414,1.4869370743112738,2699.0,1.508062312107133,0.5108735048930773,0.7376332331238044,Healthy Growth
HEROMOTOCO,Mar 2021,9.483510449303918,4058.0,19.045147898287492,168.13750000000002,0.03788271925272444,48.64737793851718,1.3404485625216487,1821.0,1.3998637602179838,0.5569343065693431,0.6202316076294278,Healthy Growth
HEROMOTOCO,Mar 2024,9.902352536452407,5235.0,21.14243742584327,177.84211963944279,0.03423922255494661,47.24818577648767,1.4449202768324858,3095.0,1.3156066274719402,0.37131830184846637,0.8270978086584714,Healthy Growth
HINDALCO,Mar 2015,0.248367391950595,8844.0,0.6757285606198962,89.36299708793318,1.7863236713715462,-114.7079326923077,0.7356891905238948,3270.0,27.57915057915058,0.5422091558168837,12.625482625482626,Healthy Growth
HINDALCO,Mar 2017,1.8785434799968057,12317.0,4.086063527215094,79.96923805016564,1.3855489697996048,73.34474123539232,0.685515655791548,9811.0,6.741232731137088,0.2266887365019311,5.21307120085016,Healthy Growth
HINDALCO,Mar 2018,5.281161282480921,13695.0,11.089841755997957,94.91423975459664,0.9493546269962809,35.251128864188956,0.7834832056810916,5565.0,1.7915502219299688,0.48935584510919433,0.9148446490218642,Healthy Growth
HINDALCO,Mar 2019,4.209373228539474,15511.0,9.556355541642754,104.65355362276647,0.9115493643588807,102.06832298136646,0.858987181849288,6521.0,2.1796178343949046,0.4555397845871253,1.1867151956323931,Healthy Growth
HINDALCO,Mar 2020,3.188481852654388,14306.0,6.459522952140885,81.94545282363711,1.172882692868289,114.61147902869757,0.7006606649349417,5518.0,3.383328908946111,0.5670459003530797,1.464826121582161,Healthy Growth
HINDALCO,Mar 2022,7.038895923797416,28347.0,17.559565678914453,116.84574248126889,0.8247240731030425,133.05027932960894,0.8792184084199139,10065.0,1.226365622723962,0.4022449221997862,0.7330662782228696,Healthy Growth
HINDALCO,Mar 2023,4.523704984722359,22666.0,10.650169820475497,129.29714952578064,0.6359407632428328,153.43228768171386,0.9987158204654368,11649.0,1.9023472318510448,0.3935339441899209,1.1537090224819253,Healthy Growth
HINDALCO,Mar 2024,4.702216130615571,23872.0,9.567011474761177,118.20777590429657,0.5309290976579428,126.45819618169848,0.9360228499109322,9789.0,2.368882323978336,0.5930744928500167,0.9639586410635155,Healthy Growth
HINDUNILVR,Mar 2016,12.896911700739452,5910.0,63.15228966986155,389.27407407407406,0.026928343222272933,54.065843621399175,2.175758804840127,3889.0,1.0048181161165983,0.0676096859266363,0.9368826788725608,Healthy Growth
HINDUNILVR,Mar 2017,13.539593510644716,6328.0,66.57769869513642,382.1962683378436,0.041073546856465006,44.28052805280528,2.111422386349166,4012.0,1.1547884187082404,0.2262295081967213,0.8935412026726058,Healthy Growth
HINDUNILVR,Mar 2018,14.705303136868759,7499.0,71.78958934212334,385.19434143661584,0.0,79.45042492917847,1.989978725786586,4996.0,1.1591735220968051,0.17544149199537878,0.9558063898986034,Healthy Growth
HINDUNILVR,Mar 2020,16.982128044642185,9861.0,82.09989063069631,363.61647830842145,0.0,70.57075471698113,1.974048528755024,5832.0,1.1283303730017762,0.23494687131050768,0.8632326820603907,Healthy Growth
HINDUNILVR,Mar 2021,17.00901590541805,11626.0,16.778537567646936,74.25850568444015,0.0,208.24705882352941,0.6841431480942682,7935.0,1.1455181897737217,0.13401724326094075,0.9919989998749844,Healthy Growth
HINDUNILVR,Mar 2022,16.954581855622926,12857.0,18.12437577709382,79.0136516046623,0.02125924869040582,180.7716894977169,0.7438515870989703,7320.0,1.0175438596491229,0.1909814323607427,0.8232118758434548,Healthy Growth
HINDUNILVR,Mar 2024,16.611735814915342,14659.0,20.074973642078955,89.63037455884027,0.028974188761763442,57.817625458996325,0.7885945801322478,10145.0,1.504473837774752,0.34417221539853904,0.9866757440186734,Healthy Growth
ICICIBANK,Mar 2016,18.428508786723782,-26955.0,11.610757509749126,6.825276984610079,,1.241081183791744,0.06453726560697291,11585.0,2.16390592111284,0.5100444068513428,1.060217809096733,Healthy Growth
ICICIBANK,Mar 2017,18.608467344929437,-37737.0,10.837984555394144,7.9255772148190085,,1.2169926417324335,0.06182251642192295,50925.0,4.641622574955909,0.032506269473364234,4.4907407407407405,Healthy Growth
ICICIBANK,Mar 2019,7.903364730071407,-50971.0,4.979300324717951,8.328412337681703,,1.4121365360303413,0.05810651327016437,18389.0,8.555282123396028,0.6221774773479074,3.2323782738618387,Healthy Growth
ICICIBANK,Mar 2020,13.231411193361309,-45190.0,9.128985035783995,7.503630462835664,,1.3142571208622016,0.06159623376887399,37470.0,7.088195991091314,0.5290642870608936,3.3380846325167037,Healthy Growth
ICICIBANK,Mar 2021,22.83907001783251,-44805.0,12.922385729787356,7.238548088791504,,1.2651231745503921,0.05665416199647734,74384.0,6.777401296405421,0.4610440894105713,3.6527204871341583,Healthy Growth
ICICIBANK,Mar 2022,27.815569088222038,-26558.0,14.577073709304432,5.630440251397017,,1.3004876949572663,0.05443625805001264,18663.0,2.18972793729746,0.6788387740703137,0.7032557087949356,Healthy Growth
ICICIBANK,Mar 2024,28.888011233982798,-14152.0,17.99027109750765,5.2203495054405735,,1.301063746373592,0.06747535915921023,12547.0,3.4132071786636575,0.9202271051092291,0.2722814175039604,Healthy Growth
ICICIGI,Mar 2013,8.798604187437686,-178.0,18.877005347593585,224.11764705882354,,7.151877133105802,0.3174804146553771,22.0,2.7875354107648724,0.9776422764227642,0.06232294617563739,Healthy Growth
ICICIGI,Mar 2016,8.403779214321233,764.0,15.66265060240964,162.77417361754712,,,0.3848558305690227,201.0,1.0078895463510849,0.6066536203522505,0.39644970414201186,Healthy Growth
ICICIGI,Mar 2018,12.471064814814815,-262.0,18.982602950891874,142.73776362912852,,4.572339069471001,0.2323361344537815,494.0,2.7726218097447797,0.793305439330544,0.5730858468677494,Healthy Growth
ICICIGI,Mar 2019,9.39711547075159,1669.0,19.425925925925927,161.32540356839422,,-4747.0,0.3341915396820645,120.0,2.8369876072449953,0.9596774193548387,0.11439466158245949,Healthy Growth
ICICIGI,Mar 2020,10.367283146652774,1772.0,19.46527551353114,147.22767789696329,,649.6666666666666,0.3109173370768317,51.0,2.875209380234506,0.9851441887561899,0.04271356783919598,Healthy Growth
ICICIGI,Mar 2021,12.112490749116027,2072.0,19.38412949072246,124.8144482929243,,840.8333333333334,0.3094559519568426,407.0,1.2043448744059742,0.7705749718151071,0.27630685675492195,Healthy Growth
ICICIGI,Mar 2023,9.672186171402998,1264.0,16.554959785522787,158.5265769634507,,16.762865792129162,0.3245107649856588,605.0,1.324465008675535,0.7358078602620087,0.3499132446500868,Healthy Growth
ICICIGI,Mar 2024,9.366915605017816,2577.0,15.7230643179025,146.3235294117647,,159.91071428571428,0.3236083907247109,486.0,1.2542991141219386,0.7980889073535521,0.2532569046378322,Healthy Growth
ICICIPRULI,Mar 2016,7.91404863542616,1842.0,30.99755776817584,299.24433249370276,,,0.1990073020569847,3607.0,2.2024242424242426,0.007429829389102917,2.186060606060606,Healthy Growth
ICICIPRULI,Mar 2017,4.447852760736196,1806.0,26.256634405245084,562.1292538245395,,277.0,0.3031561395210877,3434.0,2.455410225921522,0.1685230024213075,2.0416171224732462,Healthy Growth
ICICIPRULI,Mar 2018,4.169241862381541,1771.0,24.627319744447824,563.7663522969273,,280.77272727272725,0.27381380492035623,301.0,3.5145151327980235,0.9471001757469244,0.18591723285979,Healthy Growth
ICICIPRULI,Mar 2019,2.747027470274703,541.0,16.57691747926066,595.5756076262553,,50.334563345633455,0.25424009418343696,3818.0,9.988586479367866,0.6644106530719873,3.3520632133450396,Healthy Growth
ICICIPRULI,Mar 2021,1.1492871053833762,-390.0,10.495114721703809,810.6702880977787,,50.07309766327142,0.382938955897247,2230.0,7.650627615062762,0.6951052775499043,2.3326359832635983,Healthy Growth
ICICIPRULI,Mar 2022,1.194072116292241,-2163.0,8.287835772002621,634.5626568835683,,20.59793168285804,0.26004246492961375,1015.0,2.412384716732543,0.4456581103222283,1.3372859025032937,Healthy Growth
INDUSINDBK,Mar 2017,19.908371511870055,379.0,13.891310665504214,3.349992927530765,,1.3627427475425558,0.08063902198737181,11284.0,4.033821478382148,0.024634799896274526,3.9344490934449095,Healthy Growth
INDUSINDBK,Mar 2021,9.779310344827588,-2469.0,6.5398362734924484,4.558939619770129,,2.4389388626314985,0.07989574982161207,44420.0,15.7425952045134,0.005062043632128298,15.662905500705218,Healthy Growth
INDUSINDBK,Mar 2022,14.960093439750827,-839.0,9.667071994632899,4.075090750521607,,2.1598036542132535,0.07667641022451645,16249.0,3.600086749078291,0.02114457831325301,3.5239644328779005,Healthy Growth
INFY,Mar 2020,18.32670639160269,24.525558700752278,25.422459893048128,31.772327097869667,0.0707868601986249,130.98235294117646,0.98900871459695,16672.0,1.0218763146823728,0.019467152855378464,1.0019832922651601,Healthy Growth
INFY,Mar 2021,19.331754120550997,27.757982323433396,25.43909051616875,34.14589353053529,0.06974368377624393,143.02051282051283,0.9345276297309113,15851.0,1.195695824537919,0.3174733034791595,0.8160943211656284,Healthy Growth
INFY,Mar 2022,18.20603250548746,25.88847510296693,29.39084273390843,38.962436899930715,0.07264764432647644,157.455,1.0420803742000702,17400.0,1.0785243384809897,0.2715093154699602,0.7856949336223246,Healthy Growth
IOC,Mar 2013,0.7854389536142752,3.0016458053618607,5.753763662610847,9.076800167640203,1.422513761758967,1.9348129536571748,1.9091442793474396,46.0,2.5751309622277363,0.9950749464668094,0.012682657843948167,Healthy Growth
IOC,Mar 2014,1.4266553358793475,3.526605166429471,10.258713353849778,10.576740015599187,1.39761165019952,2.8954270342972426,1.8362079013961115,5601.0,3.4728003444811253,0.7685058896466213,0.8039328261805655,Healthy Growth
IOC,Mar 2015,1.0838540890353208,2.352577379217676,7.078103207810321,7.908020190689849,0.942773709902371,2.5172577957629136,1.9219310509955834,35877.0,9.460591133004925,0.2216219734444155,7.363916256157635,Healthy Growth
IOC,Mar 2016,3.587105723244087,6.3685358840613215,13.79528784174261,14.837206797188484,0.6507223827517226,6.320045884714655,1.4934078501607577,12014.0,2.0642874405864817,0.5311426787386825,0.967856279706759,Healthy Growth
IOC,Mar 2017,5.736129596852938,9.609177807354964,19.966502115655853,20.650432069276217,0.6197206550697383,9.123430403419716,1.2983351539352401,10532.0,1.3841550159430953,0.6267366033456195,0.5166544027471179,Healthy Growth
IOC,Mar 2018,5.36807341539104,9.883461607812247,19.869329258654304,23.204696865043115,0.5765143931011468,10.750451612903225,1.424633272493747,11996.0,1.286793953858393,0.5879787051348102,0.5301865110934323,Healthy Growth
IOC,Mar 2021,5.9793927737326555,10.971012501717269,19.458502476796795,17.47539247309475,1.043017578998194,13.613706102966246,1.0247926903095919,26715.0,2.2814998621450235,0.4619335347432024,1.2275985663082438,Healthy Growth
IOC,Mar 2022,4.365532536597202,8.103902626921492,19.266110008611975,17.984221724313233,0.9886546598270116,8.756508984231756,1.434282835461276,4453.0,1.00077739339993,0.8270478113955024,0.1730866404944222,Healthy Growth
IOC,Mar 2023,1.3904266794653084,3.6451180627165116,8.37669355358178,10.628061157333962,1.0662463051366653,4.043621507643648,1.9044468828832906,1614.0,2.5328092959671906,0.9455539063554176,0.13790157211209844,Healthy Growth
IOC,Mar 2024,5.559462717942377,9.743776019125345,23.53162465856491,23.93519910139379,0.7230954600718581,9.59852810557036,1.6084096601703395,39635.0,1.6472973286068442,0.44253786973093856,0.9183058779917055,Healthy Growth
IRCTC,Mar 2016,13.825896122896856,13.89904901243599,34.87084870848708,35.05535055350554,0.0,,0.9512874043145442,281.0,1.5238095238095237,0.024305555555555556,1.4867724867724867,Healthy Growth
IRCTC,Mar 2017,15.06578947368421,20.657894736842106,29.09783989834816,39.898348157560356,0.0,104.66666666666667,0.8324205914567361,244.0,1.4759825327510918,0.2781065088757396,1.0655021834061136,Healthy Growth
IRCTC,Mar 2019,16.524064171122994,20.481283422459892,28.851540616246496,35.7609710550887,0.0,191.5,0.7208943716268311,146.0,1.6148867313915858,0.7074148296593187,0.47249190938511326,Healthy Growth
IRFC,Mar 2024,24.064552448864703,99.50459748545694,13.038085361638096,5.7484746909270665,,1.3189891050196507,0.05492885738906,7906.0,1.2342482844666252,0.0010108668182966893,1.2330006238303182,Healthy Growth
ITC,Mar 2015,25.192570265605273,36.715871911791226,30.813587093521555,44.53054210279644,0.008476178472397277,156.6153846153846,0.844729282729805,4568.0,1.0065446364658963,0.5359138474042466,0.46712342775334903,Healthy Growth
ITC,Mar 2016,24.242192284139623,37.07644417228006,22.261012183692596,33.97951548031054,0.0019681349578256793,186.2948717948718,0.7587849218795377,5878.0,1.0313651194611093,0.40014287172160423,0.6186717187664457,Healthy Growth
ITC,Mar 2017,24.497287691732136,36.171904227459784,22.57341693060134,33.298176887147804,0.0009911016310085537,315.7142857142857,0.7651078750581416,7376.0,1.0143170754987114,0.3059188858567799,0.7040183258566384,Healthy Growth
ITC,Mar 2018,26.45170199544293,38.02389007802251,21.88725956960579,31.4410231035664,0.0006855836983431727,143.66086956521738,0.6763437679986302,6055.0,1.1458278952405812,0.5402080643936518,0.5268424258244149,Healthy Growth
ITC,Mar 2022,25.563525434908072,34.00610108005606,24.822672324073334,32.88944883898954,0.003986870546793691,343.71666666666664,0.7855976993626613,13538.0,1.017609494936464,0.14186105476673427,0.8732503386441334,Healthy Growth
JINDALSTEL,Mar 2021,12.339859452268719,31.61745568119379,13.411912619833414,17.712434183880113,0.9401225836869401,3.971304031965129,0.44423175745118193,10077.0,2.8031403796578394,0.15751191371958867,2.3616123740332786,Healthy Growth
JINDALSTEL,Mar 2022,13.223625063518742,30.322870656295198,18.992280701754385,31.581411443808904,0.37900350877192984,8.217690677966102,0.6675799801680496,13717.0,2.371859296482412,0.14525174476570288,2.027342595329589,Healthy Growth
JINDALSTEL,Mar 2023,7.468240246560925,18.683755543862286,10.267142045160957,19.210851754521567,0.3370536867669095,6.875518672199171,0.7664453310671641,3257.0,1.8487669854051334,0.556689805362733,0.8195772521389029,Healthy Growth
JIOFIN,Mar 2023,68.88888888888889,86.66666666666667,0.027164388363126533,0.03395349242140637,,,0.00039154267815191856,945.0,66.29032258064517,0.5401459854014599,30.483870967741936,Healthy Growth
JSWENERGY,Mar 2013,10.15783540022548,31.578354002254795,14.522888459058672,16.892829141788795,1.6726305609284333,2.908618899273105,0.43527333398763374,781.0,1.9145394006659266,0.5472463768115942,0.8668146503884573,Healthy Growth
JSWENERGY,Mar 2014,8.788159111933396,37.638760407030524,11.565971693806118,19.51789890268034,1.5379698676000608,2.699004975124378,0.4493868218665558,1906.0,2.985526315789474,0.1599823710885853,2.5078947368421054,Healthy Growth
JSWENERGY,Mar 2015,14.528725794372527,38.7717984380015,18.063314711359403,21.556031406138473,1.2362330407023145,3.187335092348285,0.48130792996910404,2972.0,2.499263622974963,0.12433706540954625,2.188512518409426,Healthy Growth
JSWENERGY,Mar 2016,14.861563517915311,41.01180781758957,15.045342126957955,16.40071643735244,1.5315333882934872,2.6895861148197597,0.3442307018465959,266.0,2.4232876712328766,0.924816280384398,0.1821917808219178,Healthy Growth
JSWENERGY,Mar 2017,7.53963451530921,40.22752027108798,6.00829395312952,13.447689942551985,1.3838364355289807,1.972700296735905,0.2910634400648138,3091.0,6.184590690208668,0.1977679730080457,4.96147672552167,Healthy Growth
JSWENERGY,Mar 2018,1.0560318051931916,33.70605044104858,0.7650765076507651,11.799243247945027,1.0695769576957697,1.8633241758241759,0.30122375659593575,3719.0,46.28235294117647,0.05465175394001017,43.752941176470586,Healthy Growth
JSWENERGY,Mar 2019,7.485226526592252,31.243160428977895,5.785823041786499,12.75863609956652,0.8928269328370834,2.3951342281879193,0.3524647072436936,2436.0,3.641812865497076,0.022079486150140507,3.56140350877193,Healthy Growth
JSWENERGY,Mar 2020,13.066602199927473,35.74277771062492,9.282156963764383,13.762449967420645,0.844925296239052,2.813510941960038,0.3318358669929004,1781.0,1.9259944495837187,0.14457252641690682,1.6475485661424607,Healthy Growth
JSWENERGY,Mar 2021,11.889627275353943,42.08321294423577,5.67312331977666,12.732756359821662,0.5770317777624595,3.2511160714285716,0.2641279047582707,2670.0,4.495747266099635,0.27837837837837837,3.244228432563791,Healthy Growth
JSWENERGY,Mar 2022,21.341986041386065,43.73699032692543,10.008613264427218,13.551862812049473,0.5135228251507321,4.597168597168597,0.2676476371501606,1565.0,1.693631669535284,0.4698509485094851,0.897877223178428,Healthy Growth
JSWSTEEL,Mar 2013,2.431300706621303,17.042658989793246,5.443891004980955,16.831222538123548,1.2672135950776442,3.3106253177427556,0.6643715333924504,411.0,6.290635091496233,0.9296714579055442,0.44241119483315394,Healthy Growth
JSWSTEEL,Mar 2015,3.2507739938080498,17.677263459941102,7.7254374158815615,15.339754930869537,1.7386271870794079,2.6807901517320354,0.6184416372848903,504.0,4.5737514518002325,0.93600812595226,0.2926829268292683,Healthy Growth
JSWSTEEL,Mar 2017,6.235162937918135,22.135098194374507,15.30887093213229,18.653854897622043,1.9134543206605732,3.2664543524416136,0.6318277370603943,2794.0,2.275165849437554,0.64579107505071,0.8058840496106143,Healthy Growth
JSWSTEEL,Mar 2018,8.49818581179709,20.735962631893567,21.83370240731481,22.13351931266786,1.4069933566683335,4.0302620913266685,0.7821354789605306,7850.0,2.0250286275151317,0.365861539704338,1.2841485359070832,Healthy Growth
JSWSTEEL,Mar 2019,8.877142890852673,22.334438453461072,21.623796522488863,23.031718801328612,1.3621497341572064,4.832780188920092,0.7383206878228525,3246.0,1.944843168527379,0.7781726235221759,0.4314194577352472,Healthy Growth
JSWSTEEL,Mar 2021,9.861095454602388,25.273362642317664,16.835600034214355,18.485470336032833,1.3341886921563595,5.09931766489765,0.5382997228908352,11087.0,2.3865108599009273,0.40992069828090905,1.4082306617553664,Healthy Growth
JSWSTEEL,Mar 2022,14.304746158733629,26.722506507436584,31.112828209281247,28.031877535224393,1.0734059467732588,7.8731884057971016,0.7449474514593989,11522.0,1.2546566052153978,0.5614008374571755,0.5502913363262967,Healthy Growth
JSWSTEEL,Mar 2023,2.4939744516751023,11.129187756085804,6.300327269959662,12.60337909763354,1.2307329324910572,2.6760359316140248,0.7882625071839422,12593.0,5.634935974873158,0.4600608841058183,3.042522348393332,Healthy Growth
KOTAKBANK,Mar 2014,21.08293008509928,-1379.0,13.241458813665899,6.7157996972034155,,1.335289663006437,0.09808751442343101,7938.0,3.588444796201029,0.12461402734891927,3.141274238227147,Healthy Growth
KOTAKBANK,Mar 2016,17.27281639054995,-2263.0,10.562282699916077,5.417216242730341,,1.512383698073647,0.08472450623743792,2672.0,1.4259364358683315,0.4682587064676617,0.7582292849035187,Healthy Growth
KOTAKBANK,Mar 2017,22.482530012542558,-3965.0,13.03907305414112,6.085622143261585,,1.2720411663807891,0.08082900053586688,7933.0,2.634389320581789,0.40001512630464375,1.5805937437736601,Healthy Growth
KOTAKBANK,Mar 2020,25.670669773555595,-5005.0,12.89523838107958,5.7433721515896154,,1.3366090457021076,0.07553257982774221,33551.0,5.425229838240428,0.2803148930693494,3.9044571162574186,Healthy Growth
LICI,Mar 2019,0.4596611071061123,1.0358560160137742,324.32098765432096,2.1908804600848963,,,0.16675415179930025,3638.0,5.052912066996574,0.7259303902365527,1.3848496383707651,Healthy Growth
LICI,Mar 2020,0.43149911709867,-1.1061344525772918,270.45908183632736,-2.7305672599207598,,,0.1794493681700332,13952.0,20.06162361623616,0.7433737377453234,5.148339483394834,Healthy Growth
LICI,Mar 2023,4.5877791768838225,4.359645590012082,77.85997015119071,73.98827677200268,,444.24675324675326,0.17137262036771503,1671.0,1.5145428785732145,0.9693501348153855,0.04642053504458705,Healthy Growth
LODHA,Mar 2017,7.368155437799646,20.36336109008327,14.480535581453013,7.98377522754254,4.012645673196132,2.192934782608696,0.23359170080457398,295.0,2.5154109589041096,0.7991831177671885,0.5051369863013698,Healthy Growth
LODHA,Mar 2020,5.96319215623242,15.406252511452223,16.300527240773285,8.343852013057672,4.047231985940246,2.5905405405405406,0.30577740643353896,3590.0,5.083557951482479,0.048250265111346766,4.8382749326145555,Healthy Growth
LODHA,Mar 2021,0.8808955771701229,25.380803817214172,1.0437051532941943,6.067918567918568,3.9558599695586,1.2174295774647887,0.13862318103185103,2104.0,52.583333333333336,0.1664025356576862,43.833333333333336,Healthy Growth
LODHA,Mar 2022,13.08350481966858,23.675944979963177,9.97852304642326,9.245865583893753,0.9529985131339831,3.177325581395349,0.24041766482658056,859.0,1.653973509933775,0.57007007007007,0.7110927152317881,Healthy Growth
LODHA,Mar 2023,5.174234424498416,21.795142555438225,3.8695411829740185,9.50145007595636,0.7154702677090736,4.282157676348548,0.24206328919789377,961.0,5.612244897959184,0.6505454545454545,1.9612244897959183,Healthy Growth
LT,Mar 2021,9.502202545981364,17.252664014296325,176.90306681270536,289.5581337941249,0.1092552026286966,1.996595744680851,12.701195591257239,17324.0,1.7857750948069036,0.24919823177602496,1.34076309883136,Healthy Growth
LT,Mar 2022,6.656614767347513,15.534017799528499,72.92133258678611,167.15248178193318,0.018057110862262037,2.632809962100704,7.608448376433988,15579.0,1.8393319896343219,0.18706950532247965,1.495249064209617,Healthy Growth
LT,Mar 2023,6.834805089968965,14.817198553515034,75.52434908389586,149.81525395687422,0.09287608486017358,2.876230809952356,7.8080575784676975,14729.0,1.8176522224882292,0.35333889449883654,1.175404995610885,Healthy Growth
LT,Mar 2024,7.031246466738726,13.506668535997433,77.66510140873214,135.2030422382181,0.10345688880007993,3.139718250630782,8.027628521638107,16087.0,1.1748890461182222,0.1192926749151429,1.0347333890782788,Healthy Growth
LTIM,Mar 2013,14.593612048818489,22.591534666320438,41.97162061239731,55.30832803560076,0.17475728155339806,41.42857142857143,1.654209621993127,384.0,1.0818505338078293,0.3684210526315789,0.6832740213523132,Healthy Growth
LTIM,Mar 2016,14.300376325692781,17.584673280875812,39.34117647058824,47.1559633027523,0.02588235294117647,171.33333333333334,1.8635639145680587,818.0,1.0263157894736843,0.046620046620046623,0.9784688995215312,Healthy Growth
LTIM,Mar 2017,14.936163667128133,18.920166128287956,30.884223918575067,39.12213740458015,0.0,410.0,1.4718134480416571,209.0,1.2049433573635426,0.8213675213675213,0.21524201853759012,Healthy Growth
LTIM,Mar 2020,13.971872414744002,18.650611269418146,28.127313101406365,32.1247625079164,0.1687638786084382,24.44578313253012,1.2341463414634146,1001.0,1.081578947368421,0.3911192214111922,0.6585526315789474,Healthy Growth
LTIM,Mar 2021,15.666936135812449,22.029102667744542,26.533406352683457,33.63367069859294,0.1092552026286966,34.49367088607595,1.1554268634410612,743.0,1.238390092879257,0.6904166666666667,0.38338493292053666,Healthy Growth
LTIM,Mar 2024,12.90931103415266,17.982937748120616,22.904386052552702,28.914844492733938,0.10345688880007993,28.77027027027027,1.2894641301190821,1752.0,1.2366412213740459,0.691005291005291,0.3821155943293348,Healthy Growth
M&M,Mar 2022,8.043606037417796,16.28350578345588,15.391634658234832,11.77201590661279,1.6468603442055896,2.9260661618174573,0.5230700512796714,5996.0,1.2750585964428511,0.35164359861591693,0.8266924031435268,Healthy Growth
MARUTI,Mar 2013,5.575117370892019,9.843355001805707,12.980870296405298,21.17298635723649,0.08245743115408871,22.025252525252526,1.6100592361085875,940.0,1.6433198380566802,0.7684158659768416,0.3805668016194332,Healthy Growth
MARUTI,Mar 2015,7.49788389992323,13.566662073581229,15.66329467883872,27.585654819084215,0.027387120651369355,31.61467889908257,1.4734750703367463,1958.0,1.693095300603833,0.6963870367498837,0.5140456812811761,Healthy Growth
MARUTI,Mar 2016,9.54522565073191,15.66965913629339,17.954664227854717,29.254060362433947,0.0075450744708649075,110.04878048780488,1.347867808828348,1252.0,1.543023467345825,0.8523933034661636,0.22776059668910315,Healthy Growth
MARUTI,Mar 2017,11.031798487185137,15.305867665418226,20.258934592043158,27.745680129928914,0.013054619015509103,117.08988764044943,1.3103348729792148,1109.0,1.3689255758221275,0.8921416066913052,0.14765011316735455,Healthy Growth
MARUTI,Mar 2018,9.874826147426981,15.183751206004336,18.517822317253696,28.39268978444236,0.002843111915223572,35.02312138728324,1.32467467799761,3486.0,1.4957492703971578,0.7042755344418052,0.44232965359725923,Healthy Growth
MARUTI,Mar 2021,6.236855567555278,7.689137725231626,8.359840764937811,10.201349873685004,0.010304565627321384,53.049019607843135,0.985933647164313,1565.0,2.017771701982228,0.8232836495031617,0.35657325131009343,Healthy Growth
MARUTI,Mar 2023,6.9791402753145855,11.081834304535091,11.077747989276139,17.300390254192596,0.016729222520107237,52.07142857142857,1.1828461830459713,1995.0,1.3086882865440466,0.8155339805825242,0.2414085188770571,Healthy Growth
MARUTI,Mar 2024,9.50809964894472,13.130031439890594,15.750385351954785,21.720016325578683,0.001389602503619973,96.01030927835052,1.230295566502463,4936.0,1.2456257413997627,0.7062079638116778,0.36595492289442466,Healthy Growth
MOTHERSON,Mar 2013,1.7867025061269666,5.850264843070598,19.746614242027086,20.575559571805925,2.142420270860638,5.92,1.9858701624931314,397.0,3.2876106194690267,0.7328398384925976,0.8783185840707964,Healthy Growth
MOTHERSON,Mar 2014,3.6068915630959424,7.881238903136713,37.07333558634674,30.734709578151044,1.6356877323420074,8.153061224489797,1.9951456310679612,1323.0,2.456700091157703,0.509090909090909,1.2060164083865086,Healthy Growth
MOTHERSON,Mar 2015,3.7275323851014104,8.2051873863997,38.86883273164862,33.63690124186871,1.5436221419975933,8.943396226415095,1.9891535150645625,546.0,2.623839009287926,0.8389380530973451,0.42260061919504643,Healthy Growth
MOTHERSON,Mar 2016,4.766766981943251,9.533533963886502,40.34569024334774,33.900248423466465,1.3802592676825107,10.284057971014493,1.8924993643529113,282.0,1.23337091319053,0.8711151736745887,0.1589627959413754,Healthy Growth
MOTHERSON,Mar 2018,4.013995701827612,9.10786281370442,22.865236746256574,25.313456412281564,1.0495750708215297,12.476885644768856,1.5227727592362201,70.0,1.4442477876106194,0.9785539215686274,0.030973451327433628,Healthy Growth
MOTHERSON,Mar 2019,3.3027407395746424,8.418997843300852,19.13709750980571,23.772058496688448,1.0520842834990423,12.643026004728132,1.4857791083875194,994.0,2.0552907530981885,0.7694805194805194,0.47378455672068637,Healthy Growth
MOTHERSON,Mar 2020,2.1307777174002536,7.6635544797378525,11.490986590888909,19.076115915891297,1.166503862889619,7.8482293423271505,1.3485444007727667,4132.0,4.908809891808346,0.3494962216624685,3.1931993817619784,Healthy Growth
MOTHERSON,Mar 2021,2.7348788565452327,7.617221544361165,12.491043706711249,17.8432893716059,0.949765146087095,8.53515625,1.201491130704308,3165.0,3.2192479286169533,0.3733914076420511,2.017208413001912,Healthy Growth
MOTHERSON,Mar 2022,1.8534198889829712,7.391727036096214,5.741208470953954,13.577971081283485,0.6863221293957645,8.681399631675875,1.144420916627786,159.0,2.083756345177665,0.9354445797807551,0.13451776649746192,Healthy Growth
MOTHERSON,Mar 2023,2.119612123673656,7.933949332385643,7.438090147871014,17.246992605672663,0.6142882593978265,8.003841229193341,1.2846567748247186,2395.0,2.7802395209580837,0.48416971785483526,1.4341317365269461,Healthy Growth
MOTHERSON,Mar 2024,3.0600251286831757,9.445547764763102,11.546549416937488,20.231351867526097,0.7616899254444657,5.147432357813363,1.1724203473591674,925.0,2.5062913907284767,0.87779098956269,0.30629139072847683,Healthy Growth
NESTLEIND,Dec 2013,12.27337655202725,21.404241292165697,47.170608108108105,54.76525161653078,0.5021114864864865,52.648648648648646,1.441400063351283,1355.0,1.6078782452999105,0.2455456570155902,1.2130707251566697,Healthy Growth
NESTLEIND,Dec 2014,12.02435312024353,20.690005073566716,41.76947479732112,71.36856842842143,0.007049700387733521,145.64285714285714,1.693298969072165,1212.0,1.3873417721518988,0.26277372262773724,1.0227848101265822,Healthy Growth
NESTLEIND,Dec 2015,6.886850152905198,19.021406727828747,19.985800496982606,54.85008818342152,0.006389776357827476,518.3333333333334,1.343246795925074,1028.0,1.9502664298401422,0.06375227686703097,1.8259325044404973,Healthy Growth
NESTLEIND,Dec 2016,10.95066185318893,20.238485942457064,30.499695307739184,55.80693815987934,0.010054844606946984,20.32967032967033,1.3422907488986784,1340.0,1.4645354645354645,0.08594815825375171,1.3386613386613386,Healthy Growth
NESTLEIND,Dec 2017,12.237762237762238,20.94905094905095,35.8187134502924,60.6946454413893,0.01023391812865497,22.793478260869566,1.3595002037213093,1687.0,1.4840816326530613,0.07205720572057206,1.3771428571428572,Healthy Growth
NESTLEIND,Dec 2018,14.231314204746722,23.18455543747786,43.75170160631636,70.60409924487594,0.00952899537163082,23.375,1.3961424332344214,2000.0,1.2769135034225265,0.025341130604288498,1.2445550715619167,Healthy Growth
NESTLEIND,Dec 2019,15.910744603444094,23.655913978494624,102.60688216892598,138.8704318936877,0.09854014598540146,22.68217054263566,1.7243831033040569,2212.0,1.166158536585366,0.03616557734204793,1.1239837398373984,Healthy Growth
NESTLEIND,Dec 2020,15.595505617977528,23.98501872659176,103.12035661218424,147.83010156971378,0.07280832095096583,19.524390243902438,1.6898734177215189,2133.0,1.1786743515850144,0.13080684596577016,1.0244956772334295,Healthy Growth
NESTLEIND,Dec 2021,14.368089003459739,24.163896614883658,108.83864337101747,161.03074141048825,0.1366906474820144,17.633663366336634,1.790259897983969,316.0,1.0557129367327667,0.8586762075134168,0.14919735599622286,Healthy Growth
NESTLEIND,Dec 2022,14.150440906669823,21.932887494821564,97.23464823098821,135.75091575091577,0.11020740138267589,23.90967741935484,1.8818353936964027,2345.0,1.1447093266415727,0.1432225063938619,0.9807611877875366,Healthy Growth
NESTLEIND,Dec 2023,15.680225870542715,23.376555474223572,121.96014640097602,163.77289377289378,0.11020740138267589,37.57142857142857,2.130081300813008,2465.0,1.1310436812270757,0.27329009433962265,0.8219406468822941,Healthy Growth
NESTLEIND,Mar 2024,16.12281708616873,23.829630236943512,117.75449101796407,157.74762550881954,0.10329341317365269,40.08965517241379,2.318160220469448,2938.0,1.0615306381896772,0.2962874251497006,0.7470124586829392,Healthy Growth
NHPC,Mar 2014,22.10041954256327,58.76302611990797,5.781349571620761,8.849485376541324,0.7370601147065071,3.6093100581878637,0.1202891236752568,2702.0,2.3417023882424983,0.29341004184100417,1.6546233925290876,Healthy Growth
NHPC,Mar 2015,34.03478895511495,62.44982362243036,9.096820339423891,9.999610455377663,0.669224266857403,3.9614197530864197,0.13381405039390584,3293.0,1.4513938527519656,0.1891159812853977,1.1769120800571837,Healthy Growth
NHPC,Mar 2016,28.309791716542975,57.25401005506344,7.4740068893594165,9.272794245943274,0.6300919634674336,4.123275862068965,0.13297677602152078,5225.0,2.5247357293868924,0.12493719644950595,2.2093023255813953,Healthy Growth
NHPC,Mar 2017,40.357184274614404,56.63922068885539,11.993796312252284,10.123958376518386,0.6626572462519387,4.310679611650485,0.14327014139265953,6465.0,2.393390804597701,0.22379637411453956,1.8577586206896552,Healthy Growth
NHPC,Mar 2018,35.912314635718886,54.77756286266925,9.270663426650245,8.733013999958885,0.6192203987883226,4.597402597402597,0.12322628827483197,3810.0,1.6861759425493716,0.18867120954003408,1.3680430879712746,Healthy Growth
NHPC,Mar 2019,31.570744740064566,55.449181787821445,9.208390155204883,9.989170543879352,0.6190661731281252,5.559151785714286,0.13460904486468667,2642.0,1.3483779971791254,0.3091004184100418,0.9315937940761636,Healthy Growth
NHPC,Mar 2021,37.3134328358209,54.69527363184079,10.891598342056696,9.353397851749442,0.7068949868393186,9.145580589254767,0.13191861737037847,3463.0,1.4083333333333334,0.3169625246548323,0.9619444444444445,Healthy Growth
NHPC,Mar 2022,41.272965879265094,43.88670166229222,10.807250651470463,6.576855630398086,0.7472867329114287,6.848122866894198,0.11831073387848048,1506.0,1.2162162162162162,0.6718954248366014,0.3990461049284579,Healthy Growth
NHPC,Mar 2023,40.17158480248892,58.30112190063166,11.5283677389681,9.299108284085953,0.7992208003030221,13.018947368421053,0.12303534351764855,514.0,1.1042008918094344,0.8907545164718385,0.12062896033794884,Healthy Growth
NHPC,Mar 2024,41.81893687707641,49.90656146179402,10.407730866621879,6.745435920463634,0.8413260296625498,7.90625,0.10324018993108032,970.0,1.7224428997020853,0.8601902565580859,0.24081429990069514,Healthy Growth
NTPC,Mar 2014,14.557640750670242,25.184475935146178,13.057518121128147,11.687719215091478,0.9327371205441491,6.045663499846767,0.3914190627529757,1022.0,1.4497062176620188,0.9381767588167685,0.08962553713934929,Healthy Growth
NTPC,Mar 2016,14.688811379366722,25.298381383181646,11.772863772863772,9.721516866580453,1.0857111657111658,5.516339869281046,0.32669085082233545,4963.0,2.237733048882293,0.794279792746114,0.46034690659493555,Healthy Growth
NTPC,Mar 2021,13.421380602702387,30.524248863544667,11.904818711775981,10.13374133419855,1.6717804340737559,3.6908065915004338,0.2802131540467612,11410.0,2.1674126528158193,0.6483171002342498,0.7622419667312446,Healthy Growth
NTPC,Mar 2022,12.7836947591374,30.42308301110282,12.528255056362376,11.66258766011425,1.5564805649533884,4.304820819112628,0.3190454776098944,18897.0,2.463915094339623,0.54778883890112,1.1142099056603774,Healthy Growth
NTPC,Mar 2023,9.716413082340656,27.011412713456334,11.645116750440407,12.866009255655031,1.5161777408976826,4.157945313182493,0.39403250079943825,21007.0,2.7540447403773145,0.5544833729216152,1.2269727235558672,Healthy Growth
NTPC,Mar 2024,11.950633329785267,28.82672926202094,13.273598407068633,12.933810240774582,1.475521125007778,4.183074546784814,0.37243729109201756,8644.0,1.9119163697731107,0.7880593355400269,0.4052128258016126,Healthy Growth
ONGC,Mar 2015,11.000913480360172,26.293320407896942,9.810201989415644,18.051271549793302,0.2989332520572996,14.773743016759777,0.47631916222432047,3892.0,1.9177540529853696,0.8853608247422681,0.21984974298141557,Healthy Growth
ONGC,Mar 2016,10.563062336740945,31.55132380921668,6.623393693065202,16.08415463146387,0.23001405360591262,10.391662241104621,0.36292030944606346,8036.0,3.533201038009464,0.8264062905037588,0.613341474584033,Healthy Growth
ONGC,Mar 2017,10.325090440557014,18.691284432897,15.005710287777926,19.242388353406337,0.41170145998168595,14.704539125591758,0.6355233113998088,1965.0,1.5694744420446365,0.9570773263433814,0.06736603928828551,Healthy Growth
ONGC,Mar 2019,8.049352029296244,17.745431948845418,15.644389537831781,23.04420406805554,0.4966579697050716,12.81805722117526,0.8563623327639471,24326.0,1.8108904472862277,0.6041849718506948,0.7167776533679062,Healthy Growth
ONGC,Mar 2020,2.8876207376338447,13.13368353128592,5.585459084171932,15.573395660789593,0.6312553631328497,6.957537721992256,0.7804014446341597,17434.0,6.162098463687151,0.753035003470599,1.521822625698324,Healthy Growth
ONGC,Mar 2021,7.029807568891126,16.28210064867747,9.665989383702671,13.968794470420818,0.6027079251157339,9.740696987595983,0.5608677835451169,8044.0,2.2090355805243447,0.8295220938857688,0.3765917602996255,Healthy Growth
ONGC,Mar 2022,10.03448374134344,16.259470815029538,18.995541477362497,20.937432009835145,0.4700754904567577,14.022823033707866,0.8422418818365738,37051.0,1.5873737168823792,0.5264926899090072,0.7516330587901164,Healthy Growth
ONGC,Mar 2023,5.184005465837723,11.944974703103476,11.679440720905623,17.859220339463988,0.5068823112308345,9.573710229433388,1.0312763510923726,11372.0,2.625602538287876,0.8678627036322651,0.3469400207456221,Healthy Growth
ONGC,Mar 2024,9.655290194725701,17.388518015001793,16.940398136885513,20.975989850097196,0.45444863084819176,10.087796743182263,0.8332173339682772,42060.0,1.7383758603176827,0.5762771626890181,0.7365895518467277,Healthy Growth
PIDILITIND,Mar 2013,11.52800435019032,15.171288743882544,25.681405208964264,31.66855845629966,0.06723198061780739,34.875,1.4059633027522935,328.0,1.1132075471698113,0.3050847457627119,0.7735849056603774,Healthy Growth
PIDILITIND,Mar 2015,10.611065235342693,15.91659785301404,22.643171806167402,33.118556701030926,0.02555066079295154,48.1875,1.461236802413273,116.0,1.0739299610894941,0.7898550724637681,0.22568093385214008,Healthy Growth
PIDILITIND,Mar 2016,15.05316172355904,21.88024622271964,30.591357088703564,43.15673289183223,0.030326004548900682,90.23076923076923,1.4434571890145396,416.0,1.123915737298637,0.5413450937155457,0.5154894671623296,Healthy Growth
PIDILITIND,Mar 2020,15.382506169454347,21.606800109679188,25.179533213644522,33.22091062394604,0.06463195691202872,46.35294117647059,1.11819714855128,1177.0,1.1408199643493762,0.08046875,1.0490196078431373,Healthy Growth
PIDILITIND,Mar 2023,10.924654631748453,16.831934909738113,17.872989462007766,26.121267920557674,0.05421519689406545,41.375,1.1231794383626845,659.0,1.208688906128782,0.5770218228498074,0.5112490302560124,Healthy Growth
PIDILITIND,Mar 2024,14.108051360736493,21.868690947266415,20.780302129178065,30.81124132438275,0.045438325205186154,53.09803921568628,1.0254223252732693,955.0,1.559244419004007,0.6494126284875184,0.5466514024041214,Healthy Growth
PNB,Mar 2014,8.172071711375061,,393.3618843683083,,,,3.895840554592721,16604.0,4.601524224278715,0.017863480421152253,4.5193249863908544,Healthy Growth
PNB,Mar 2014,8.172071711375061,,393.3618843683083,,,,3.895840554592721,16604.0,4.601524224278715,0.017863480421152253,4.5193249863908544,Healthy Growth
PNB,Mar 2014,8.172071711375061,,393.3618843683083,,,,3.895840554592721,16604.0,4.601524224278715,0.017863480421152253,4.5193249863908544,Healthy Growth
PNB,Mar 2014,8.172071711375061,,393.3618843683083,,,,3.895840554592721,16604.0,4.601524224278715,0.017863480421152253,4.5193249863908544,Healthy Growth
PNB,Mar 2014,8.172071711375061,,393.3618843683083,,,,3.895840554592721,16604.0,4.601524224278715,0.017863480421152253,4.5193249863908544,Healthy Growth
PNB,Mar 2014,8.172071711375061,,393.3618843683083,,,,3.895840554592721,16604.0,4.601524224278715,0.017863480421152253,4.5193249863908544,Healthy Growth
PNB,Mar 2014,8.172071711375061,,393.3618843683083,,,,3.895840554592721,16604.0,4.601524224278715,0.017863480421152253,4.5193249863908544,Healthy Growth
PNB,Mar 2014,8.172071711375061,,393.3618843683083,,,,3.895840554592721,16604.0,4.601524224278715,0.017863480421152253,4.5193249863908544,Healthy Growth
PNB,Mar 2014,8.172071711375061,,393.3618843683083,,,,3.895840554592721,16604.0,4.601524224278715,0.017863480421152253,4.5193249863908544,Healthy Growth
PNB,Mar 2014,8.172071711375061,,393.3618843683083,,,,3.895840554592721,16604.0,4.601524224278715,0.017863480421152253,4.5193249863908544,Healthy Growth
PNB,Mar 2014,8.172071711375061,,393.3618843683083,,,,3.895840554592721,16604.0,4.601524224278715,0.017863480421152253,4.5193249863908544,Healthy Growth
PNB,Mar 2014,8.172071711375061,,393.3618843683083,,,,3.895840554592721,16604.0,4.601524224278715,0.017863480421152253,4.5193249863908544,Healthy Growth
PNB,Mar 2014,8.172071711375061,,393.3618843683083,,,,3.895840554592721,16604.0,4.601524224278715,0.017863480421152253,4.5193249863908544,Healthy Growth
PNB,Mar 2014,8.172071711375061,,393.3618843683083,,,,3.895840554592721,16604.0,4.601524224278715,0.017863480421152253,4.5193249863908544,Healthy Growth
PNB,Mar 2014,8.172071711375061,,393.3618843683083,,,,3.895840554592721,16604.0,4.601524224278715,0.017863480421152253,4.5193249863908544,Healthy Growth
PNB,Mar 2014,8.172071711375061,,393.3618843683083,,,,3.895840554592721,16604.0,4.601524224278715,0.017863480421152253,4.5193249863908544,Healthy Growth
PNB,Mar 2014,8.172071711375061,,393.3618843683083,,,,3.895840554592721,16604.0,4.601524224278715,0.017863480421152253,4.5193249863908544,Healthy Growth
PNB,Mar 2014,8.172071711375061,,393.3618843683083,,,,3.895840554592721,16604.0,4.601524224278715,0.017863480421152253,4.5193249863908544,Healthy Growth
PNB,Mar 2014,8.172071711375061,,393.3618843683083,,,,3.895840554592721,16604.0,4.601524224278715,0.017863480421152253,4.5193249863908544,Healthy Growth
PNB,Mar 2014,8.172071711375061,,393.3618843683083,,,,3.895840554592721,16604.0,4.601524224278715,0.017863480421152253,4.5193249863908544,Healthy Growth
PNB,Mar 2014,8.172071711375061,,393.3618843683083,,,,3.895840554592721,16604.0,4.601524224278715,0.017863480421152253,4.5193249863908544,Healthy Growth
PNB,Mar 2014,8.172071711375061,,393.3618843683083,,,,3.895840554592721,16604.0,4.601524224278715,0.017863480421152253,4.5193249863908544,Healthy Growth
PNB,Mar 2014,8.172071711375061,,393.3618843683083,,,,3.895840554592721,16604.0,4.601524224278715,0.017863480421152253,4.5193249863908544,Healthy Growth
PNB,Mar 2014,8.172071711375061,,393.3618843683083,,,,3.895840554592721,16604.0,4.601524224278715,0.017863480421152253,4.5193249863908544,Healthy Growth
PNB,Mar 2014,8.172071711375061,,393.3618843683083,,,,3.895840554592721,16604.0,4.601524224278715,0.017863480421152253,4.5193249863908544,Healthy Growth
PNB,Mar 2015,7.236707041675221,,223.2425585813806,,,,2.5589703178355663,3942.0,1.3656737588652483,0.1811383464894059,1.1182978723404255,Healthy Growth
PNB,Mar 2015,7.236707041675221,,223.2425585813806,,,,2.5589703178355663,3942.0,1.3656737588652483,0.1811383464894059,1.1182978723404255,Healthy Growth
PNB,Mar 2015,7.236707041675221,,223.2425585813806,,,,2.5589703178355663,3942.0,1.3656737588652483,0.1811383464894059,1.1182978723404255,Healthy Growth
PNB,Mar 2015,7.236707041675221,,223.2425585813806,,,,2.5589703178355663,3942.0,1.3656737588652483,0.1811383464894059,1.1182978723404255,Healthy Growth
PNB,Mar 2015,7.236707041675221,,223.2425585813806,,,,2.5589703178355663,3942.0,1.3656737588652483,0.1811383464894059,1.1182978723404255,Healthy Growth
PNB,Mar 2015,7.236707041675221,,223.2425585813806,,,,2.5589703178355663,3942.0,1.3656737588652483,0.1811383464894059,1.1182978723404255,Healthy Growth
PNB,Mar 2015,7.236707041675221,,223.2425585813806,,,,2.5589703178355663,3942.0,1.3656737588652483,0.1811383464894059,1.1182978723404255,Healthy Growth
PNB,Mar 2015,7.236707041675221,,223.2425585813806,,,,2.5589703178355663,3942.0,1.3656737588652483,0.1811383464894059,1.1182978723404255,Healthy Growth
PNB,Mar 2015,7.236707041675221,,223.2425585813806,,,,2.5589703178355663,3942.0,1.3656737588652483,0.1811383464894059,1.1182978723404255,Healthy Growth
PNB,Mar 2015,7.236707041675221,,223.2425585813806,,,,2.5589703178355663,3942.0,1.3656737588652483,0.1811383464894059,1.1182978723404255,Healthy Growth
PNB,Mar 2015,7.236707041675221,,223.2425585813806,,,,2.5589703178355663,3942.0,1.3656737588652483,0.1811383464894059,1.1182978723404255,Healthy Growth
PNB,Mar 2015,7.236707041675221,,223.2425585813806,,,,2.5589703178355663,3942.0,1.3656737588652483,0.1811383464894059,1.1182978723404255,Healthy Growth
PNB,Mar 2015,7.236707041675221,,223.2425585813806,,,,2.5589703178355663,3942.0,1.3656737588652483,0.1811383464894059,1.1182978723404255,Healthy Growth
PNB,Mar 2015,7.236707041675221,,223.2425585813806,,,,2.5589703178355663,3942.0,1.3656737588652483,0.1811383464894059,1.1182978723404255,Healthy Growth
PNB,Mar 2015,7.236707041675221,,223.2425585813806,,,,2.5589703178355663,3942.0,1.3656737588652483,0.1811383464894059,1.1182978723404255,Healthy Growth
PNB,Mar 2015,7.236707041675221,,223.2425585813806,,,,2.5589703178355663,3942.0,1.3656737588652483,0.1811383464894059,1.1182978723404255,Healthy Growth
PNB,Mar 2015,7.236707041675221,,223.2425585813806,,,,2.5589703178355663,3942.0,1.3656737588652483,0.1811383464894059,1.1182978723404255,Healthy Growth
PNB,Mar 2015,7.236707041675221,,223.2425585813806,,,,2.5589703178355663,3942.0,1.3656737588652483,0.1811383464894059,1.1182978723404255,Healthy Growth
PNB,Mar 2015,7.236707041675221,,223.2425585813806,,,,2.5589703178355663,3942.0,1.3656737588652483,0.1811383464894059,1.1182978723404255,Healthy Growth
PNB,Mar 2015,7.236707041675221,,223.2425585813806,,,,2.5589703178355663,3942.0,1.3656737588652483,0.1811383464894059,1.1182978723404255,Healthy Growth
PNB,Mar 2015,7.236707041675221,,223.2425585813806,,,,2.5589703178355663,3942.0,1.3656737588652483,0.1811383464894059,1.1182978723404255,Healthy Growth
PNB,Mar 2015,7.236707041675221,,223.2425585813806,,,,2.5589703178355663,3942.0,1.3656737588652483,0.1811383464894059,1.1182978723404255,Healthy Growth
PNB,Mar 2015,7.236707041675221,,223.2425585813806,,,,2.5589703178355663,3942.0,1.3656737588652483,0.1811383464894059,1.1182978723404255,Healthy Growth
PNB,Mar 2015,7.236707041675221,,223.2425585813806,,,,2.5589703178355663,3942.0,1.3656737588652483,0.1811383464894059,1.1182978723404255,Healthy Growth
PNB,Mar 2015,7.236707041675221,,223.2425585813806,,,,2.5589703178355663,3942.0,1.3656737588652483,0.1811383464894059,1.1182978723404255,Healthy Growth
PNB,Mar 2017,2.578134753839111,,22.212262459662963,,,,1.1186685288640597,21779.0,17.706214689265536,0.007247698058163917,17.577885391444713,Healthy Growth
PNB,Mar 2017,2.578134753839111,,22.212262459662963,,,,1.1186685288640597,21779.0,17.706214689265536,0.007247698058163917,17.577885391444713,Healthy Growth
PNB,Mar 2017,2.578134753839111,,22.212262459662963,,,,1.1186685288640597,21779.0,17.706214689265536,0.007247698058163917,17.577885391444713,Healthy Growth
PNB,Mar 2017,2.578134753839111,,22.212262459662963,,,,1.1186685288640597,21779.0,17.706214689265536,0.007247698058163917,17.577885391444713,Healthy Growth
PNB,Mar 2017,2.578134753839111,,22.212262459662963,,,,1.1186685288640597,21779.0,17.706214689265536,0.007247698058163917,17.577885391444713,Healthy Growth
PNB,Mar 2017,2.578134753839111,,22.212262459662963,,,,1.1186685288640597,21779.0,17.706214689265536,0.007247698058163917,17.577885391444713,Healthy Growth
PNB,Mar 2017,2.578134753839111,,22.212262459662963,,,,1.1186685288640597,21779.0,17.706214689265536,0.007247698058163917,17.577885391444713,Healthy Growth
PNB,Mar 2017,2.578134753839111,,22.212262459662963,,,,1.1186685288640597,21779.0,17.706214689265536,0.007247698058163917,17.577885391444713,Healthy Growth
PNB,Mar 2017,2.578134753839111,,22.212262459662963,,,,1.1186685288640597,21779.0,17.706214689265536,0.007247698058163917,17.577885391444713,Healthy Growth
PNB,Mar 2017,2.578134753839111,,22.212262459662963,,,,1.1186685288640597,21779.0,17.706214689265536,0.007247698058163917,17.577885391444713,Healthy Growth
PNB,Mar 2017,2.578134753839111,,22.212262459662963,,,,1.1186685288640597,21779.0,17.706214689265536,0.007247698058163917,17.577885391444713,Healthy Growth
PNB,Mar 2017,2.578134753839111,,22.212262459662963,,,,1.1186685288640597,21779.0,17.706214689265536,0.007247698058163917,17.577885391444713,Healthy Growth
PNB,Mar 2017,2.578134753839111,,22.212262459662963,,,,1.1186685288640597,21779.0,17.706214689265536,0.007247698058163917,17.577885391444713,Healthy Growth
PNB,Mar 2017,2.578134753839111,,22.212262459662963,,,,1.1186685288640597,21779.0,17.706214689265536,0.007247698058163917,17.577885391444713,Healthy Growth
PNB,Mar 2017,2.578134753839111,,22.212262459662963,,,,1.1186685288640597,21779.0,17.706214689265536,0.007247698058163917,17.577885391444713,Healthy Growth
PNB,Mar 2017,2.578134753839111,,22.212262459662963,,,,1.1186685288640597,21779.0,17.706214689265536,0.007247698058163917,17.577885391444713,Healthy Growth
PNB,Mar 2017,2.578134753839111,,22.212262459662963,,,,1.1186685288640597,21779.0,17.706214689265536,0.007247698058163917,17.577885391444713,Healthy Growth
PNB,Mar 2017,2.578134753839111,,22.212262459662963,,,,1.1186685288640597,21779.0,17.706214689265536,0.007247698058163917,17.577885391444713,Healthy Growth
PNB,Mar 2017,2.578134753839111,,22.212262459662963,,,,1.1186685288640597,21779.0,17.706214689265536,0.007247698058163917,17.577885391444713,Healthy Growth
PNB,Mar 2017,2.578134753839111,,22.212262459662963,,,,1.1186685288640597,21779.0,17.706214689265536,0.007247698058163917,17.577885391444713,Healthy Growth
PNB,Mar 2017,2.578134753839111,,22.212262459662963,,,,1.1186685288640597,21779.0,17.706214689265536,0.007247698058163917,17.577885391444713,Healthy Growth
PNB,Mar 2017,2.578134753839111,,22.212262459662963,,,,1.1186685288640597,21779.0,17.706214689265536,0.007247698058163917,17.577885391444713,Healthy Growth
PNB,Mar 2017,2.578134753839111,,22.212262459662963,,,,1.1186685288640597,21779.0,17.706214689265536,0.007247698058163917,17.577885391444713,Healthy Growth
PNB,Mar 2017,2.578134753839111,,22.212262459662963,,,,1.1186685288640597,21779.0,17.706214689265536,0.007247698058163917,17.577885391444713,Healthy Growth
PNB,Mar 2017,2.578134753839111,,22.212262459662963,,,,1.1186685288640597,21779.0,17.706214689265536,0.007247698058163917,17.577885391444713,Healthy Growth
PNB,Mar 2021,3.289192652712516,,30.393594225780983,,,,1.1486268627423493,30163.0,11.484230055658626,0.0254281098546042,11.192207792207792,Healthy Growth
PNB,Mar 2021,3.289192652712516,,30.393594225780983,,,,1.1486268627423493,30163.0,11.484230055658626,0.0254281098546042,11.192207792207792,Healthy Growth
PNB,Mar 2021,3.289192652712516,,30.393594225780983,,,,1.1486268627423493,30163.0,11.484230055658626,0.0254281098546042,11.192207792207792,Healthy Growth
PNB,Mar 2021,3.289192652712516,,30.393594225780983,,,,1.1486268627423493,30163.0,11.484230055658626,0.0254281098546042,11.192207792207792,Healthy Growth
PNB,Mar 2021,3.289192652712516,,30.393594225780983,,,,1.1486268627423493,30163.0,11.484230055658626,0.0254281098546042,11.192207792207792,Healthy Growth
PNB,Mar 2021,3.289192652712516,,30.393594225780983,,,,1.1486268627423493,30163.0,11.484230055658626,0.0254281098546042,11.192207792207792,Healthy Growth
PNB,Mar 2021,3.289192652712516,,30.393594225780983,,,,1.1486268627423493,30163.0,11.484230055658626,0.0254281098546042,11.192207792207792,Healthy Growth
PNB,Mar 2021,3.289192652712516,,30.393594225780983,,,,1.1486268627423493,30163.0,11.484230055658626,0.0254281098546042,11.192207792207792,Healthy Growth
PNB,Mar 2021,3.289192652712516,,30.393594225780983,,,,1.1486268627423493,30163.0,11.484230055658626,0.0254281098546042,11.192207792207792,Healthy Growth
PNB,Mar 2021,3.289192652712516,,30.393594225780983,,,,1.1486268627423493,30163.0,11.484230055658626,0.0254281098546042,11.192207792207792,Healthy Growth
PNB,Mar 2021,3.289192652712516,,30.393594225780983,,,,1.1486268627423493,30163.0,11.484230055658626,0.0254281098546042,11.192207792207792,Healthy Growth
PNB,Mar 2021,3.289192652712516,,30.393594225780983,,,,1.1486268627423493,30163.0,11.484230055658626,0.0254281098546042,11.192207792207792,Healthy Growth
PNB,Mar 2021,3.289192652712516,,30.393594225780983,,,,1.1486268627423493,30163.0,11.484230055658626,0.0254281098546042,11.192207792207792,Healthy Growth
PNB,Mar 2021,3.289192652712516,,30.393594225780983,,,,1.1486268627423493,30163.0,11.484230055658626,0.0254281098546042,11.192207792207792,Healthy Growth
PNB,Mar 2021,3.289192652712516,,30.393594225780983,,,,1.1486268627423493,30163.0,11.484230055658626,0.0254281098546042,11.192207792207792,Healthy Growth
PNB,Mar 2021,3.289192652712516,,30.393594225780983,,,,1.1486268627423493,30163.0,11.484230055658626,0.0254281098546042,11.192207792207792,Healthy Growth
PNB,Mar 2021,3.289192652712516,,30.393594225780983,,,,1.1486268627423493,30163.0,11.484230055658626,0.0254281098546042,11.192207792207792,Healthy Growth
PNB,Mar 2021,3.289192652712516,,30.393594225780983,,,,1.1486268627423493,30163.0,11.484230055658626,0.0254281098546042,11.192207792207792,Healthy Growth
PNB,Mar 2021,3.289192652712516,,30.393594225780983,,,,1.1486268627423493,30163.0,11.484230055658626,0.0254281098546042,11.192207792207792,Healthy Growth
PNB,Mar 2021,3.289192652712516,,30.393594225780983,,,,1.1486268627423493,30163.0,11.484230055658626,0.0254281098546042,11.192207792207792,Healthy Growth
PNB,Mar 2021,3.289192652712516,,30.393594225780983,,,,1.1486268627423493,30163.0,11.484230055658626,0.0254281098546042,11.192207792207792,Healthy Growth
PNB,Mar 2021,3.289192652712516,,30.393594225780983,,,,1.1486268627423493,30163.0,11.484230055658626,0.0254281098546042,11.192207792207792,Healthy Growth
PNB,Mar 2021,3.289192652712516,,30.393594225780983,,,,1.1486268627423493,30163.0,11.484230055658626,0.0254281098546042,11.192207792207792,Healthy Growth
PNB,Mar 2021,3.289192652712516,,30.393594225780983,,,,1.1486268627423493,30163.0,11.484230055658626,0.0254281098546042,11.192207792207792,Healthy Growth
PNB,Mar 2021,3.289192652712516,,30.393594225780983,,,,1.1486268627423493,30163.0,11.484230055658626,0.0254281098546042,11.192207792207792,Healthy Growth
PNB,Mar 2022,5.125783688780462,,39.87348229772472,,,,1.161358131883197,18828.0,5.12589559877175,0.06010383386581469,4.817809621289662,Healthy Growth
PNB,Mar 2022,5.125783688780462,,39.87348229772472,,,,1.161358131883197,18828.0,5.12589559877175,0.06010383386581469,4.817809621289662,Healthy Growth
PNB,Mar 2022,5.125783688780462,,39.87348229772472,,,,1.161358131883197,18828.0,5.12589559877175,0.06010383386581469,4.817809621289662,Healthy Growth
PNB,Mar 2022,5.125783688780462,,39.87348229772472,,,,1.161358131883197,18828.0,5.12589559877175,0.06010383386581469,4.817809621289662,Healthy Growth
PNB,Mar 2022,5.125783688780462,,39.87348229772472,,,,1.161358131883197,18828.0,5.12589559877175,0.06010383386581469,4.817809621289662,Healthy Growth
PNB,Mar 2022,5.125783688780462,,39.87348229772472,,,,1.161358131883197,18828.0,5.12589559877175,0.06010383386581469,4.817809621289662,Healthy Growth
PNB,Mar 2022,5.125783688780462,,39.87348229772472,,,,1.161358131883197,18828.0,5.12589559877175,0.06010383386581469,4.817809621289662,Healthy Growth
PNB,Mar 2022,5.125783688780462,,39.87348229772472,,,,1.161358131883197,18828.0,5.12589559877175,0.06010383386581469,4.817809621289662,Healthy Growth
PNB,Mar 2022,5.125783688780462,,39.87348229772472,,,,1.161358131883197,18828.0,5.12589559877175,0.06010383386581469,4.817809621289662,Healthy Growth
PNB,Mar 2022,5.125783688780462,,39.87348229772472,,,,1.161358131883197,18828.0,5.12589559877175,0.06010383386581469,4.817809621289662,Healthy Growth
PNB,Mar 2022,5.125783688780462,,39.87348229772472,,,,1.161358131883197,18828.0,5.12589559877175,0.06010383386581469,4.817809621289662,Healthy Growth
PNB,Mar 2022,5.125783688780462,,39.87348229772472,,,,1.161358131883197,18828.0,5.12589559877175,0.06010383386581469,4.817809621289662,Healthy Growth
PNB,Mar 2022,5.125783688780462,,39.87348229772472,,,,1.161358131883197,18828.0,5.12589559877175,0.06010383386581469,4.817809621289662,Healthy Growth
PNB,Mar 2022,5.125783688780462,,39.87348229772472,,,,1.161358131883197,18828.0,5.12589559877175,0.06010383386581469,4.817809621289662,Healthy Growth
PNB,Mar 2022,5.125783688780462,,39.87348229772472,,,,1.161358131883197,18828.0,5.12589559877175,0.06010383386581469,4.817809621289662,Healthy Growth
PNB,Mar 2022,5.125783688780462,,39.87348229772472,,,,1.161358131883197,18828.0,5.12589559877175,0.06010383386581469,4.817809621289662,Healthy Growth
PNB,Mar 2022,5.125783688780462,,39.87348229772472,,,,1.161358131883197,18828.0,5.12589559877175,0.06010383386581469,4.817809621289662,Healthy Growth
PNB,Mar 2022,5.125783688780462,,39.87348229772472,,,,1.161358131883197,18828.0,5.12589559877175,0.06010383386581469,4.817809621289662,Healthy Growth
PNB,Mar 2022,5.125783688780462,,39.87348229772472,,,,1.161358131883197,18828.0,5.12589559877175,0.06010383386581469,4.817809621289662,Healthy Growth
PNB,Mar 2022,5.125783688780462,,39.87348229772472,,,,1.161358131883197,18828.0,5.12589559877175,0.06010383386581469,4.817809621289662,Healthy Growth
PNB,Mar 2022,5.125783688780462,,39.87348229772472,,,,1.161358131883197,18828.0,5.12589559877175,0.06010383386581469,4.817809621289662,Healthy Growth
PNB,Mar 2022,5.125783688780462,,39.87348229772472,,,,1.161358131883197,18828.0,5.12589559877175,0.06010383386581469,4.817809621289662,Healthy Growth
PNB,Mar 2022,5.125783688780462,,39.87348229772472,,,,1.161358131883197,18828.0,5.12589559877175,0.06010383386581469,4.817809621289662,Healthy Growth
PNB,Mar 2022,5.125783688780462,,39.87348229772472,,,,1.161358131883197,18828.0,5.12589559877175,0.06010383386581469,4.817809621289662,Healthy Growth
PNB,Mar 2022,5.125783688780462,,39.87348229772472,,,,1.161358131883197,18828.0,5.12589559877175,0.06010383386581469,4.817809621289662,Healthy Growth
PNB,Mar 2023,3.8678104669238302,,30.667397060166163,,,,1.299977546590824,21860.0,6.725811253349211,0.032400849858356943,6.507889252753796,Healthy Growth
PNB,Mar 2023,3.8678104669238302,,30.667397060166163,,,,1.299977546590824,21860.0,6.725811253349211,0.032400849858356943,6.507889252753796,Healthy Growth
PNB,Mar 2023,3.8678104669238302,,30.667397060166163,,,,1.299977546590824,21860.0,6.725811253349211,0.032400849858356943,6.507889252753796,Healthy Growth
PNB,Mar 2023,3.8678104669238302,,30.667397060166163,,,,1.299977546590824,21860.0,6.725811253349211,0.032400849858356943,6.507889252753796,Healthy Growth
PNB,Mar 2023,3.8678104669238302,,30.667397060166163,,,,1.299977546590824,21860.0,6.725811253349211,0.032400849858356943,6.507889252753796,Healthy Growth
PNB,Mar 2023,3.8678104669238302,,30.667397060166163,,,,1.299977546590824,21860.0,6.725811253349211,0.032400849858356943,6.507889252753796,Healthy Growth
PNB,Mar 2023,3.8678104669238302,,30.667397060166163,,,,1.299977546590824,21860.0,6.725811253349211,0.032400849858356943,6.507889252753796,Healthy Growth
PNB,Mar 2023,3.8678104669238302,,30.667397060166163,,,,1.299977546590824,21860.0,6.725811253349211,0.032400849858356943,6.507889252753796,Healthy Growth
PNB,Mar 2023,3.8678104669238302,,30.667397060166163,,,,1.299977546590824,21860.0,6.725811253349211,0.032400849858356943,6.507889252753796,Healthy Growth
PNB,Mar 2023,3.8678104669238302,,30.667397060166163,,,,1.299977546590824,21860.0,6.725811253349211,0.032400849858356943,6.507889252753796,Healthy Growth
PNB,Mar 2023,3.8678104669238302,,30.667397060166163,,,,1.299977546590824,21860.0,6.725811253349211,0.032400849858356943,6.507889252753796,Healthy Growth
PNB,Mar 2023,3.8678104669238302,,30.667397060166163,,,,1.299977546590824,21860.0,6.725811253349211,0.032400849858356943,6.507889252753796,Healthy Growth
PNB,Mar 2023,3.8678104669238302,,30.667397060166163,,,,1.299977546590824,21860.0,6.725811253349211,0.032400849858356943,6.507889252753796,Healthy Growth
PNB,Mar 2023,3.8678104669238302,,30.667397060166163,,,,1.299977546590824,21860.0,6.725811253349211,0.032400849858356943,6.507889252753796,Healthy Growth
PNB,Mar 2023,3.8678104669238302,,30.667397060166163,,,,1.299977546590824,21860.0,6.725811253349211,0.032400849858356943,6.507889252753796,Healthy Growth
PNB,Mar 2023,3.8678104669238302,,30.667397060166163,,,,1.299977546590824,21860.0,6.725811253349211,0.032400849858356943,6.507889252753796,Healthy Growth
PNB,Mar 2023,3.8678104669238302,,30.667397060166163,,,,1.299977546590824,21860.0,6.725811253349211,0.032400849858356943,6.507889252753796,Healthy Growth
PNB,Mar 2023,3.8678104669238302,,30.667397060166163,,,,1.299977546590824,21860.0,6.725811253349211,0.032400849858356943,6.507889252753796,Healthy Growth
PNB,Mar 2023,3.8678104669238302,,30.667397060166163,,,,1.299977546590824,21860.0,6.725811253349211,0.032400849858356943,6.507889252753796,Healthy Growth
PNB,Mar 2023,3.8678104669238302,,30.667397060166163,,,,1.299977546590824,21860.0,6.725811253349211,0.032400849858356943,6.507889252753796,Healthy Growth
PNB,Mar 2023,3.8678104669238302,,30.667397060166163,,,,1.299977546590824,21860.0,6.725811253349211,0.032400849858356943,6.507889252753796,Healthy Growth
PNB,Mar 2023,3.8678104669238302,,30.667397060166163,,,,1.299977546590824,21860.0,6.725811253349211,0.032400849858356943,6.507889252753796,Healthy Growth
PNB,Mar 2023,3.8678104669238302,,30.667397060166163,,,,1.299977546590824,21860.0,6.725811253349211,0.032400849858356943,6.507889252753796,Healthy Growth
PNB,Mar 2023,3.8678104669238302,,30.667397060166163,,,,1.299977546590824,21860.0,6.725811253349211,0.032400849858356943,6.507889252753796,Healthy Growth
PNB,Mar 2023,3.8678104669238302,,30.667397060166163,,,,1.299977546590824,21860.0,6.725811253349211,0.032400849858356943,6.507889252753796,Healthy Growth
POWERGRID,Mar 2019,28.62032573661542,76.78484839841411,16.981164006837144,13.10198817316818,2.477212340706392,3.0811491358589906,0.14172123858032176,4544.0,2.3192146701215868,0.8047355077134631,0.45286027506477977,Healthy Growth
POWERGRID,Mar 2019,28.62032573661542,76.78484839841411,16.981164006837144,13.10198817316818,2.477212340706392,3.0811491358589906,0.14172123858032176,4544.0,2.3192146701215868,0.8047355077134631,0.45286027506477977,Healthy Growth
POWERGRID,Mar 2019,28.62032573661542,76.78484839841411,16.981164006837144,13.10198817316818,2.477212340706392,3.0811491358589906,0.14172123858032176,4544.0,2.3192146701215868,0.8047355077134631,0.45286027506477977,Healthy Growth
POWERGRID,Mar 2019,28.62032573661542,76.78484839841411,16.981164006837144,13.10198817316818,2.477212340706392,3.0811491358589906,0.14172123858032176,4544.0,2.3192146701215868,0.8047355077134631,0.45286027506477977,Healthy Growth
POWERGRID,Mar 2020,29.300021195421788,87.12908011869436,17.0937925064919,15.44190152418696,2.2917954742178805,3.458407824166579,0.14705206275738203,20006.0,2.7795460710733337,0.3491655551579427,1.8090243240799349,Healthy Growth
POWERGRID,Mar 2020,29.300021195421788,87.12908011869436,17.0937925064919,15.44190152418696,2.2917954742178805,3.458407824166579,0.14705206275738203,20006.0,2.7795460710733337,0.3491655551579427,1.8090243240799349,Healthy Growth
POWERGRID,Mar 2020,29.300021195421788,87.12908011869436,17.0937925064919,15.44190152418696,2.2917954742178805,3.458407824166579,0.14705206275738203,20006.0,2.7795460710733337,0.3491655551579427,1.8090243240799349,Healthy Growth
POWERGRID,Mar 2020,29.300021195421788,87.12908011869436,17.0937925064919,15.44190152418696,2.2917954742178805,3.458407824166579,0.14705206275738203,20006.0,2.7795460710733337,0.3491655551579427,1.8090243240799349,Healthy Growth
POWERGRID,Mar 2021,30.363269424823407,88.05751765893038,17.210020590253947,16.374878030473617,2.0480439258750858,4.290842040565458,0.15502057033804184,20159.0,2.442921236291127,0.31438968812706186,1.674891990694583,Healthy Growth
POWERGRID,Mar 2021,30.363269424823407,88.05751765893038,17.210020590253947,16.374878030473617,2.0480439258750858,4.290842040565458,0.15502057033804184,20159.0,2.442921236291127,0.31438968812706186,1.674891990694583,Healthy Growth
POWERGRID,Mar 2021,30.363269424823407,88.05751765893038,17.210020590253947,16.374878030473617,2.0480439258750858,4.290842040565458,0.15502057033804184,20159.0,2.442921236291127,0.31438968812706186,1.674891990694583,Healthy Growth
POWERGRID,Mar 2021,30.363269424823407,88.05751765893038,17.210020590253947,16.374878030473617,2.0480439258750858,4.290842040565458,0.15502057033804184,20159.0,2.442921236291127,0.31438968812706186,1.674891990694583,Healthy Growth
POWERGRID,Mar 2022,40.420931238287444,86.07467204843591,22.065130431361236,16.98373494261483,1.7665744226002336,4.458188153310105,0.16585774058577407,25371.0,1.5527817403708988,0.028824069820854385,1.5080242510699002,Healthy Growth
POWERGRID,Mar 2022,40.420931238287444,86.07467204843591,22.065130431361236,16.98373494261483,1.7665744226002336,4.458188153310105,0.16585774058577407,25371.0,1.5527817403708988,0.028824069820854385,1.5080242510699002,Healthy Growth
POWERGRID,Mar 2022,40.420931238287444,86.07467204843591,22.065130431361236,16.98373494261483,1.7665744226002336,4.458188153310105,0.16585774058577407,25371.0,1.5527817403708988,0.028824069820854385,1.5080242510699002,Healthy Growth
POWERGRID,Mar 2022,40.420931238287444,86.07467204843591,22.065130431361236,16.98373494261483,1.7665744226002336,4.458188153310105,0.16585774058577407,25371.0,1.5527817403708988,0.028824069820854385,1.5080242510699002,Healthy Growth
POWERGRID,Mar 2023,33.81356489704624,86.78376422603776,18.57249536289837,18.702329757572894,1.5487196781731023,4.107951006850737,0.1808028545941124,33065.0,2.6071984435797666,0.17754893913389547,2.1442931258106355,Healthy Growth
POWERGRID,Mar 2023,33.81356489704624,86.78376422603776,18.57249536289837,18.702329757572894,1.5487196781731023,4.107951006850737,0.1808028545941124,33065.0,2.6071984435797666,0.17754893913389547,2.1442931258106355,Healthy Growth
POWERGRID,Mar 2023,33.81356489704624,86.78376422603776,18.57249536289837,18.702329757572894,1.5487196781731023,4.107951006850737,0.1808028545941124,33065.0,2.6071984435797666,0.17754893913389547,2.1442931258106355,Healthy Growth
POWERGRID,Mar 2023,33.81356489704624,86.78376422603776,18.57249536289837,18.702329757572894,1.5487196781731023,4.107951006850737,0.1808028545941124,33065.0,2.6071984435797666,0.17754893913389547,2.1442931258106355,Healthy Growth
POWERGRID,Mar 2024,33.97028990249329,86.87476823070044,17.870011245496066,18.905165620757423,1.4173456039290386,4.539610167559558,0.18276594811604718,24176.0,2.394528992486997,0.3516760525610083,1.5524304886662814,Healthy Growth
POWERGRID,Mar 2024,33.97028990249329,86.87476823070044,17.870011245496066,18.905165620757423,1.4173456039290386,4.539610167559558,0.18276594811604718,24176.0,2.394528992486997,0.3516760525610083,1.5524304886662814,Healthy Growth
POWERGRID,Mar 2024,33.97028990249329,86.87476823070044,17.870011245496066,18.905165620757423,1.4173456039290386,4.539610167559558,0.18276594811604718,24176.0,2.394528992486997,0.3516760525610083,1.5524304886662814,Healthy Growth
POWERGRID,Mar 2024,33.97028990249329,86.87476823070044,17.870011245496066,18.905165620757423,1.4173456039290386,4.539610167559558,0.18276594811604718,24176.0,2.394528992486997,0.3516760525610083,1.5524304886662814,Healthy Growth
RECLTD,Mar 2017,25.938861040348428,92.2425836141014,18.749071901636423,11.140167623546692,,1.6676571088991234,0.11576018454660039,6704.0,1.0779344210359576,0.014842027920646584,1.0619356882623159,Healthy Growth
RELIANCE,Mar 2013,5.274815194579209,8.373383978563329,11.472357254675785,11.461451772368065,0.5889374090247452,9.574068726537684,1.0927262340730275,9317.0,1.7675955185291583,0.7476298824421691,0.4460882888058987,Healthy Growth
RELIANCE,Mar 2016,10.954828437576811,15.327808410649233,12.895800583876039,9.801534238862693,0.8408937794745116,11.31969655919805,0.45506571819224473,1948.0,1.2770503332105423,0.948916976975927,0.06523559157429423,Healthy Growth
RELIANCE,Mar 2018,9.231800584919515,16.456298631349743,12.292764032081116,12.05870827544441,0.8171655775350418,7.987456532538499,0.48174042523293636,3267.0,1.980570953436807,0.9542814760911852,0.09054878048780488,Healthy Growth
RELIANCE,Mar 2020,6.683660728800578,14.960472884080051,8.878677370949715,11.098608850688613,0.7906497820404929,4.052571843646434,0.5130449736245878,22380.0,2.379062186559679,0.7641156444659928,0.5611835506519559,Healthy Growth
RELIANCE,Mar 2022,9.76646566082171,15.630519683361813,8.703823678454365,9.883192265367367,0.40944726325715053,7.445213933077345,0.4635411731577409,1492.0,1.6309823863217627,0.9865165290003073,0.021991303706979142,Healthy Growth
RELIANCE,Mar 2023,8.45371270521545,16.239006111392566,10.349336194179966,12.189602718888326,0.6309284341334763,7.271881866026264,0.5457412188442239,22031.0,1.5526401036605118,0.8084793796508798,0.2973625958319836,Healthy Growth
RELIANCE,Mar 2024,8.789365557299389,18.07459281612296,9.958650553699458,12.974182257168223,0.5784524141094746,7.02906825849987,0.5122600635424216,45207.0,2.00946595798532,0.7152996448094314,0.5720956719817768,Healthy Growth
SBILIFE,Mar 2013,4.236718224613315,2.8715534633490245,23.026315789473685,15.60672514619883,,106.75,0.276836578917973,903.0,1.7936507936507937,0.20088495575221238,1.4333333333333333,Healthy Growth
SBILIFE,Mar 2015,3.4830548314030514,3.3933074062994146,20.09368836291913,19.57593688362919,,198.5,0.31568651259427155,2533.0,3.3263803680981594,0.06565842862412394,3.107975460122699,Healthy Growth
SBILIFE,Mar 2018,3.3756017377010687,3.9098274040154988,17.61642156862745,20.40441176470588,,222.0,0.2798882681564246,1485.0,9.039130434782608,0.8571428571428571,1.291304347826087,Healthy Growth
SBILIFE,Mar 2020,3.246723594684689,3.0846157358783506,16.264440123527393,15.452361889511609,,,0.26451262229737893,2313.0,13.571729957805907,0.8801492305300793,1.6265822784810127,Healthy Growth
SBILIFE,Mar 2021,1.7774956356133946,1.0645440894607694,14.000000000000002,8.384615384615385,,,0.36112066305162455,4675.0,16.399725274725274,0.804213083172795,3.2108516483516483,Healthy Growth
SBILIFE,Mar 2022,1.8148295434004555,0.8796982514490921,12.958182756840475,6.281190844949235,,,0.3035922688841979,241.0,14.50996015936255,0.9889712612117884,0.1600265604249668,Healthy Growth
SBIN,Mar 2013,11.046220888698386,-3.0504357765395054,,,,-0.047969443352244005,,22061.0,1.3113446510374562,0.09333388130856485,1.188951765022905,Healthy Growth
SBIN,Mar 2014,7.831822365150057,-7.729739450550613,,,,-0.12030062809209822,,18351.0,1.2927669345579793,0.04132274579458782,1.2393462551495915,Healthy Growth
SBIN,Mar 2015,8.574148691663382,-10.520065008126016,,,,-0.16428265717568086,,22873.0,1.4747083894122925,0.13020496634597103,1.2826940331987438,Healthy Growth
SBIN,Mar 2016,5.900749207960731,-14.684566678602023,,,,-0.2264919921424427,,11730.0,1.1119901682156847,0.18974925744284038,0.9009908595130194,Healthy Growth
SBIN,Mar 2019,1.322822336788751,-27.099501819818254,,,,-0.44043318983492336,,29336.0,8.820053715308863,0.007443497090269319,8.754401671142942,Healthy Growth
SBIN,Mar 2020,7.833923780442613,-23.78377777448379,,,,-0.39833296094933096,,23374.0,1.1319299905392621,0.0231936144427264,1.1056764427625354,Healthy Growth
SBIN,Mar 2021,8.589252647286195,-25.426532189921435,,,,-0.45327222613935003,,86249.0,3.764191225720027,0.040814510837531556,3.6105576021433357,Healthy Growth
SBIN,Mar 2022,12.822917995813404,-21.92273073699965,,,,-0.4069938666017901,,55043.0,1.5516499475566792,0.045965854926770085,1.4803270311701584,Healthy Growth
SHREECEM,Jun 2013,18.530823181985973,28.811369509043928,26.11862643080125,30.416991426344502,0.3350676378772112,8.088082901554404,0.8795454545454545,990.0,1.254980079681275,0.21428571428571427,0.9860557768924303,Healthy Growth
SHREECEM,Jun 2014,13.770778652668417,24.32195975503062,16.705582678836763,23.515479614278465,0.25472298874973465,10.775193798449612,0.7797789602947196,167.0,1.7801778907242694,0.8807994289793005,0.2121982210927573,Healthy Growth
SHREECEM,Jun 2015,6.806199073334398,21.47307876657613,8.074298711144806,21.701921524301632,0.17380591357088704,11.107438016528926,0.7825706426606651,249.0,2.908450704225352,0.7990314769975787,0.5845070422535211,Healthy Growth
SHREECEM,Mar 2017,15.580637654177332,29.24133116127531,17.394128345024683,27.95017239461684,0.16796570537802027,19.48062015503876,0.769657890023285,154.0,1.6445108289768484,0.9300635785649409,0.11501120238984316,Healthy Growth
SHREECEM,Mar 2019,8.084428514536041,22.277976901632815,10.495295212490953,22.422639089305758,0.2898355909419915,11.278225806451612,0.810365971729168,1360.0,2.0492610837438425,0.34615384615384615,1.3399014778325122,Healthy Growth
SHREECEM,Mar 2021,17.234513274336283,30.169616519174042,15.17828148340586,23.20871390480513,0.14483340910566994,16.298804780876495,0.6303165527820388,1603.0,1.8202824133504494,0.6231781852374236,0.6859221223791185,Healthy Growth
SHREECEM,Mar 2022,8.454363757495004,24.716855429713526,7.268041237113403,18.939200571749453,0.12193585337915235,14.106463878326997,0.6320266116468062,525.0,2.102442868400315,0.803223388305847,0.41371158392434987,Healthy Growth
SHREECEM,Mar 2023,13.270221823885278,16.580775263275825,12.711955355226442,13.857029165301249,0.14622236531444516,11.254752851711027,0.6779068884332042,164.0,1.084423807513719,0.9361619307123394,0.06922752216124947,Healthy Growth
SHREECEM,Mar 2024,8.445007553238145,22.01647093221578,8.370767521615225,20.206628203408023,0.07998840747717723,17.511627906976745,0.7348612354521038,1929.0,1.93133294864397,0.4236629817747236,1.1130986728216965,Healthy Growth
SIEMENS,Sep 2014,5.6471249297621275,1.1144409065368046,13.782857142857145,2.7199999999999998,0.0,3.838709677419355,1.037706511175899,478.0,1.0082918739635158,0.2138157894736842,0.7927031509121062,Healthy Growth
SIEMENS,Sep 2019,8.399571996331396,11.38795475389789,12.144988396507902,16.465907835119904,0.0,124.16666666666667,0.8519338455528064,138.0,1.1583257506824385,0.8915946582875098,0.12556869881710647,Healthy Growth
SUNPHARMA,Mar 2014,24.12313432835821,43.55099502487562,20.939271255060728,33.21160959878593,0.13824561403508773,159.1590909090909,0.5526722804605603,1783.0,1.0206238721319927,0.5496337458954281,0.45965455014178913,Healthy Growth
SUNPHARMA,Mar 2015,19.99123831775701,28.818633177570092,21.358920352601608,22.792631518161343,0.35088540447772837,13.63385146804836,0.5621985509923445,4114.0,1.0255661066471877,0.2674501424501424,0.7512783053323594,Healthy Growth
SUNPHARMA,Mar 2016,19.861691297784954,28.693790149892934,17.154291604766094,19.705882352941178,0.25761756056150137,15.62906309751434,0.5139460200620625,2737.0,1.1816896429833863,0.5906371522584505,0.483739837398374,Healthy Growth
SUNPHARMA,Mar 2018,9.596436256559326,21.257880629695343,6.634650519392389,11.562865767264215,0.2710497468288354,10.87065637065637,0.4119787859464672,803.0,1.536978756884343,0.794471461479396,0.31589299763965384,Healthy Growth
SUNPHARMA,Mar 2020,12.704793227358548,21.264997868323285,9.216834198608197,13.03284807764091,0.18369601237158953,23.046204620462046,0.48153796521688125,4330.0,1.571188878235858,0.33943554538520215,1.0378715244487056,Healthy Growth
SUNPHARMA,Mar 2021,6.782494477282226,25.285091647262526,4.889912403417773,16.82826035126758,0.08327055936982115,60.0709219858156,0.4953713288574724,5763.0,2.715669014084507,0.0659643435980551,2.536531690140845,Healthy Growth
SUNPHARMA,Mar 2022,8.767527293423708,26.538003828840484,7.0587990252233865,20.806880184986106,0.02686884255691404,80.77165354330708,0.5539727126805778,3429.0,2.6512245500147538,0.6183639398998331,1.0118028917084685,Healthy Growth
SUNPHARMA,Mar 2024,19.815658700538176,26.84289749881436,15.094161810671148,19.446975695015013,0.051423814535002436,54.69747899159664,0.5684929901064378,11372.0,1.2627471383975026,0.06287597857437165,1.183350676378772,Healthy Growth
TATACONSUM,Mar 2015,3.415488552483423,9.908670086325534,4.96996176952485,11.61801378905677,0.24103404332787184,9.658536585365853,0.8451046732924509,211.0,1.531135531135531,0.49521531100478466,0.7728937728937729,Healthy Growth
TATACONSUM,Mar 2017,6.710914454277287,11.666666666666666,7.262569832402235,11.216676120249575,0.12561851556264964,18.3953488372093,0.7098733116951105,596.0,1.6285714285714286,0.19568151147098514,1.30989010989011,Healthy Growth
TATACONSUM,Mar 2020,4.77326968973747,13.406661824219155,3.329714078899747,8.389065645087982,0.11480275063336953,18.72463768115942,0.5216802901531965,460.0,2.3521739130434782,0.5748613678373382,1.0,Healthy Growth
TATACONSUM,Mar 2021,8.015859334597483,13.308050336148941,6.398789046374019,9.549727857496288,0.11242603550295859,21.15068493150685,0.5738450885349689,1310.0,1.7806451612903227,0.20893719806763286,1.4086021505376345,Healthy Growth
TATACONSUM,Mar 2022,8.169014084507042,13.835010060362174,6.703209615638621,10.384197172888728,0.09325056135252939,19.75862068965517,0.5895610913404508,199.0,1.4935960591133004,0.8687335092348285,0.1960591133004926,Healthy Growth
TATACONSUM,Mar 2023,9.577015163607342,13.465863745193355,8.109602506604412,10.38205515466801,0.09829821220126558,14.276923076923078,0.6055267551181794,627.0,1.106818181818182,0.5708418891170431,0.475,Healthy Growth
TATACONSUM,Mar 2024,7.9902669998684726,15.020386689464685,7.566793298872766,11.692433705334288,0.21654107242947002,26.25287356321839,0.5454284586965099,26.0,1.594238683127572,0.9865771812080537,0.02139917695473251,Healthy Growth
TATAMOTORS,Mar 2014,6.034342063444342,14.96903373218688,21.416377050179864,27.607211317586298,0.9243643680263398,7.339018740787534,1.0659628432512613,8160.0,2.5730249110320287,0.7742801029017178,0.5807829181494661,Healthy Growth
TATAMOTORS,Mar 2016,4.276935021937695,14.061733187814507,14.791265579086026,25.88799287987486,0.8785084608369642,7.853344242176314,1.0374718827892273,1206.0,3.2454187360849462,0.9681794195250659,0.10327110806644973,Healthy Growth
TATAMOTORS,Mar 2023,0.7775308049611668,9.196252821800924,5.935307356250828,17.73121185944771,2.9591147786946737,3.11158924205379,1.0337432845097019,19971.0,13.155390334572491,0.4356561546286877,7.424163568773234,Healthy Growth
TATAMOTORS,Mar 2024,7.263066074788551,13.595385542828959,37.45613415294755,30.98033093974399,1.2631244259167667,5.962147005808132,1.1851234435931923,45133.0,2.135221806520577,0.33544872266804093,1.4189643789103028,Healthy Growth
TATAPOWER,Mar 2014,0.033588982813637126,19.35845042825953,0.0967663898072736,13.15479134172785,3.2394968147730023,2.01046511627907,0.5004833083507277,2874.0,540.25,0.5566867191115225,239.5,Healthy Growth
TATAPOWER,Mar 2015,1.3604024647992141,18.756883874616737,3.1917865623690456,11.47200728265817,2.836080458164548,1.703433360367667,0.4468045487796768,2116.0,13.087527352297593,0.6462130078582177,4.63019693654267,Healthy Growth
TATAPOWER,Mar 2016,2.664948803146403,7.137044822675799,6.7566405914209575,4.169803098133988,3.3395512765408752,0.6504944375772559,0.42100004282227327,5610.0,9.43384223918575,0.24342548887390425,7.137404580152672,Healthy Growth
TATAPOWER,Mar 2018,9.728017883755587,8.550670640834575,15.921702542837979,3.5314211854496214,2.962924568571254,0.6102100505184791,0.32774874224588485,4852.0,2.4373803140559174,0.23758642363293525,1.8582918422060513,Healthy Growth
TATAPOWER,Mar 2019,8.721261001974499,10.27408721261002,14.236547391423107,4.595051713041266,2.649877082764272,0.7362110311750599,0.3554173159040358,4302.0,1.7551803530314658,0.059466550065588104,1.6508058326937836,Healthy Growth
TATAPOWER,Mar 2020,4.516749038989566,23.355985722130697,6.725953184094859,9.517216301641913,2.6544004906470406,1.5142412105028928,0.3249102303900796,6882.0,5.604103343465046,0.06684745762711865,5.229483282674772,Healthy Growth
TATAPOWER,Mar 2021,4.400207931994006,21.163196037060818,6.446266182860727,10.02593037910504,2.092371097074766,1.7259351620947632,0.3314885206020982,7352.0,5.799166087560806,0.11899340922708208,5.1091035441278665,Healthy Growth
TATAPOWER,Mar 2022,5.035500747384155,16.421431240657697,9.606986899563319,9.548189089723916,2.281213795561893,1.8219746048199015,0.38041759218125276,443.0,3.104359925788497,0.9338114447930674,0.2054730983302412,Healthy Growth
TATAPOWER,Mar 2024,6.965125551270159,17.469771680580646,13.227840276919272,12.476029984310536,1.659321300531586,2.317073170731707,0.4419074604110633,3569.0,2.9429906542056075,0.7166560812956494,0.8338785046728971,Healthy Growth
TATASTEEL,Mar 2020,0.8396689959017859,12.489897508886616,1.5956290094596066,9.19569887943382,1.5810590409916276,2.318199920350458,0.5611782507656061,6157.0,17.179727427597957,0.6947295354256532,5.244463373083475,Healthy Growth
TATASTEEL,Mar 2021,5.240124380974318,19.517063994779072,11.031937391398053,18.74400884846995,1.19210926871321,4.009990797949257,0.6407881627984208,34890.0,5.412332112332113,0.21289507523631196,4.26007326007326,Healthy Growth
TATASTEEL,Mar 2022,17.113121467131773,26.02486483384503,36.48016916718366,33.41508599818951,0.6602500808262629,11.623947272061516,0.8638101847589778,33476.0,1.063043426189849,0.24571325567247246,0.8018395650195215,Healthy Growth
TATASTEEL,Mar 2023,3.3182249653795104,13.272899861518042,7.833569391358336,17.183136055326507,0.8235482431462331,5.127798063184632,0.8526853915261602,3504.0,2.6852012383900927,0.8383987455610385,0.4339318885448916,Healthy Growth
TCS,Mar 2021,19.833472410873632,28.351108864213625,37.67311096456215,49.39720677505625,0.09018546157139055,73.07064364207221,1.2629777217059512,30846.0,1.191634420490142,0.20504097726921292,0.947300534365211,Healthy Growth
TCS,Mar 2022,20.051211448001087,27.669305464292794,43.13375739014349,54.72219643759605,0.08770571803587655,67.67474489795919,1.3606908688371038,39211.0,1.0390127181461157,0.018473553781070864,1.0198184608182268,Healthy Growth
TECHM,Mar 2016,11.425228353589493,16.0791122518306,20.745665136042764,27.164902435913785,0.07477211979987664,43.91752577319588,1.176204217536071,1684.0,1.0363396101750908,0.46318138348740834,0.5563263957713909,Healthy Growth
TECHM,Mar 2016,11.425228353589493,16.0791122518306,20.745665136042764,27.164902435913785,0.07477211979987664,43.91752577319588,1.176204217536071,1684.0,1.0363396101750908,0.46318138348740834,0.5563263957713909,Healthy Growth
TECHM,Mar 2016,11.425228353589493,16.0791122518306,20.745665136042764,27.164902435913785,0.07477211979987664,43.91752577319588,1.176204217536071,1684.0,1.0363396101750908,0.46318138348740834,0.5563263957713909,Healthy Growth
TECHM,Mar 2016,11.425228353589493,16.0791122518306,20.745665136042764,27.164902435913785,0.07477211979987664,43.91752577319588,1.176204217536071,1684.0,1.0363396101750908,0.46318138348740834,0.5563263957713909,Healthy Growth
TECHM,Mar 2017,9.783466593459387,14.357777701520194,17.34501429701284,23.50165702409706,0.08310518951146803,32.434108527131784,1.1183559120389914,1178.0,1.4279200280603297,0.7106362073200688,0.4131883549631708,Healthy Growth
TECHM,Mar 2017,9.783466593459387,14.357777701520194,17.34501429701284,23.50165702409706,0.08310518951146803,32.434108527131784,1.1183559120389914,1178.0,1.4279200280603297,0.7106362073200688,0.4131883549631708,Healthy Growth
TECHM,Mar 2017,9.783466593459387,14.357777701520194,17.34501429701284,23.50165702409706,0.08310518951146803,32.434108527131784,1.1183559120389914,1178.0,1.4279200280603297,0.7106362073200688,0.4131883549631708,Healthy Growth
TECHM,Mar 2017,9.783466593459387,14.357777701520194,17.34501429701284,23.50165702409706,0.08310518951146803,32.434108527131784,1.1183559120389914,1178.0,1.4279200280603297,0.7106362073200688,0.4131883549631708,Healthy Growth
TECHM,Mar 2019,12.345288123884636,18.050198606873526,21.143702243036728,28.14505632601768,0.09839783090953907,47.150375939849624,1.0387490282843987,2328.0,1.0333411051527162,0.4747292418772563,0.5427838657029611,Healthy Growth
TECHM,Mar 2019,12.345288123884636,18.050198606873526,21.143702243036728,28.14505632601768,0.09839783090953907,47.150375939849624,1.0387490282843987,2328.0,1.0333411051527162,0.4747292418772563,0.5427838657029611,Healthy Growth
TECHM,Mar 2019,12.345288123884636,18.050198606873526,21.143702243036728,28.14505632601768,0.09839783090953907,47.150375939849624,1.0387490282843987,2328.0,1.0333411051527162,0.4747292418772563,0.5427838657029611,Healthy Growth
TECHM,Mar 2019,12.345288123884636,18.050198606873526,21.143702243036728,28.14505632601768,0.09839783090953907,47.150375939849624,1.0387490282843987,2328.0,1.0333411051527162,0.4747292418772563,0.5427838657029611,Healthy Growth
TECHM,Mar 2020,10.570142128675274,14.926223283063903,17.865493054600467,21.594788682651178,0.16824829230275523,28.661458333333332,0.9879414759633421,3277.0,1.1182961252245316,0.24804956402019274,0.8409032589171157,Healthy Growth
TECHM,Mar 2020,10.570142128675274,14.926223283063903,17.865493054600467,21.594788682651178,0.16824829230275523,28.661458333333332,0.9879414759633421,3277.0,1.1182961252245316,0.24804956402019274,0.8409032589171157,Healthy Growth
TECHM,Mar 2020,10.570142128675274,14.926223283063903,17.865493054600467,21.594788682651178,0.16824829230275523,28.661458333333332,0.9879414759633421,3277.0,1.1182961252245316,0.24804956402019274,0.8409032589171157,Healthy Growth
TECHM,Mar 2020,10.570142128675274,14.926223283063903,17.865493054600467,21.594788682651178,0.16824829230275523,28.661458333333332,0.9879414759633421,3277.0,1.1182961252245316,0.24804956402019274,0.8409032589171157,Healthy Growth
TECHM,Mar 2021,11.499141460837405,17.952714304583278,17.506535290569072,24.47597781459339,0.11667001809772773,39.05747126436781,0.9558860663602848,2661.0,1.859407305306685,0.6712379540400296,0.611302549965541,Healthy Growth
TECHM,Mar 2021,11.499141460837405,17.952714304583278,17.506535290569072,24.47597781459339,0.11667001809772773,39.05747126436781,0.9558860663602848,2661.0,1.859407305306685,0.6712379540400296,0.611302549965541,Healthy Growth
TECHM,Mar 2021,11.499141460837405,17.952714304583278,17.506535290569072,24.47597781459339,0.11667001809772773,39.05747126436781,0.9558860663602848,2661.0,1.859407305306685,0.6712379540400296,0.611302549965541,Healthy Growth
TECHM,Mar 2021,11.499141460837405,17.952714304583278,17.506535290569072,24.47597781459339,0.11667001809772773,39.05747126436781,0.9558860663602848,2661.0,1.859407305306685,0.6712379540400296,0.611302549965541,Healthy Growth
TECHM,Mar 2023,9.11428035278664,14.567461062112965,17.3936398796734,25.316331854943908,0.09812347801174617,23.812883435582823,1.162851594038449,5346.0,1.1472102120650607,0.04055994256999282,1.1006794317479927,Healthy Growth
TECHM,Mar 2023,9.11428035278664,14.567461062112965,17.3936398796734,25.316331854943908,0.09812347801174617,23.812883435582823,1.162851594038449,5346.0,1.1472102120650607,0.04055994256999282,1.1006794317479927,Healthy Growth
TECHM,Mar 2023,9.11428035278664,14.567461062112965,17.3936398796734,25.316331854943908,0.09812347801174617,23.812883435582823,1.162851594038449,5346.0,1.1472102120650607,0.04055994256999282,1.1006794317479927,Healthy Growth
TECHM,Mar 2023,9.11428035278664,14.567461062112965,17.3936398796734,25.316331854943908,0.09812347801174617,23.812883435582823,1.162851594038449,5346.0,1.1472102120650607,0.04055994256999282,1.1006794317479927,Healthy Growth
TECHM,Mar 2024,4.60996999769213,8.666051234710363,8.987963553189097,15.428336643155516,0.09512917619708275,11.494897959183673,1.2050337203643189,5058.0,2.6599916562369628,0.20671267252195735,2.110137672090113,Healthy Growth
TECHM,Mar 2024,4.60996999769213,8.666051234710363,8.987963553189097,15.428336643155516,0.09512917619708275,11.494897959183673,1.2050337203643189,5058.0,2.6599916562369628,0.20671267252195735,2.110137672090113,Healthy Growth
TECHM,Mar 2024,4.60996999769213,8.666051234710363,8.987963553189097,15.428336643155516,0.09512917619708275,11.494897959183673,1.2050337203643189,5058.0,2.6599916562369628,0.20671267252195735,2.110137672090113,Healthy Growth
TECHM,Mar 2024,4.60996999769213,8.666051234710363,8.987963553189097,15.428336643155516,0.09512917619708275,11.494897959183673,1.2050337203643189,5058.0,2.6599916562369628,0.20671267252195735,2.110137672090113,Healthy Growth
TITAN,Mar 2017,5.256013875273358,8.777618580800844,16.46586345381526,19.03515944399019,0.44460193716040636,30.63157894736842,1.5771883920076117,759.0,2.456241032998565,0.5566588785046729,1.0889526542324246,Healthy Growth
TITAN,Mar 2021,4.500092404361486,7.969876178155609,12.99186341203148,13.132851161020175,0.7520341469921302,8.497536945812808,1.3162247628314279,1340.0,4.249486652977413,0.6762503020053153,1.375770020533881,Healthy Growth
TORNTPHARM,Mar 2016,25.915956333183786,40.87034544638852,49.59931310818546,46.749914471433456,0.6731539782484258,14.853260869565217,0.7525320729237002,1873.0,1.5822273514137335,0.31692195477753465,1.0807847663012118,Healthy Growth
TORNTPHARM,Mar 2017,16.059147180192575,23.676066024759283,21.466329579407034,20.069960647135986,0.5768788784187543,6.684466019417476,0.6057702322674722,211.0,1.0802997858672376,0.7908820614469773,0.2259100642398287,Healthy Growth
TORNTPHARM,Mar 2019,5.682262478821843,25.843868108953473,9.227513227513228,18.42423116231534,1.2778835978835978,3.9345238095238093,0.5436831290299724,1552.0,4.123853211009174,0.13681868743047831,3.5596330275229358,Healthy Growth
TORNTPHARM,Mar 2020,12.910945962967629,27.333417306965615,21.24792703150912,20.456259426847662,1.199004975124378,4.811529933481153,0.5666666666666667,1164.0,1.3590243902439025,0.16439339554917445,1.1356097560975609,Healthy Growth
TORNTPHARM,Mar 2021,15.640224859462837,30.98063710181137,21.44570058239123,23.15160567587752,0.8348749571771155,7.025495750708215,0.5687388987566607,1561.0,1.601437699680511,0.22144638403990025,1.2468051118210863,Healthy Growth
TORNTPHARM,Mar 2022,9.132581100141044,28.573107663375648,13.052242566773057,24.25421530479896,0.6836888963547791,9.533333333333333,0.6592282659228266,1607.0,2.3204633204633205,0.10870770937326678,2.068211068211068,Healthy Growth
TORNTPHARM,Mar 2023,12.941787941787942,29.54261954261954,20.087124878993222,24.56989712112043,0.8662471765085511,8.534534534534535,0.6584531143052703,33.0,1.902008032128514,0.9860641891891891,0.02650602409638554,Healthy Growth
TORNTPHARM,Mar 2024,15.436241610738255,31.3944817300522,24.154025670945156,30.961573818716676,0.5866394399066511,9.514124293785311,0.7396070320579111,3106.0,1.9722222222222223,0.04898958971218616,1.8756038647342994,Healthy Growth
TRENT,Mar 2016,3.262158956109134,5.338078291814947,3.7568306010928962,4.828326180257511,0.273224043715847,1.875,0.7816411682892906,11.0,1.981818181818182,0.8990825688073395,0.2,Healthy Growth
TRENT,Mar 2017,4.690949227373068,7.39514348785872,5.4945054945054945,6.910778751933987,0.25339366515837103,2.9130434782608696,0.8154815481548154,58.0,1.2,0.43137254901960786,0.6823529411764706,Healthy Growth
TRENT,Mar 2022,0.7781236104935527,13.228101378390395,1.4805414551607445,8.393285371702639,1.998730964467005,1.8307692307692307,0.582190007765985,2.0,1.6571428571428573,0.9655172413793104,0.05714285714285714,Healthy Growth
TRENT,Mar 2023,4.780393108468818,13.516136859985439,15.177195685670261,15.779036827195467,1.7195685670261942,2.7237163814180927,1.0197970799307101,492.0,1.5101522842639594,0.173109243697479,1.248730964467005,Healthy Growth
TVSMOTOR,Mar 2013,2.6364846870838883,5.832223701731025,22.024471635150167,22.267412302999492,1.1879866518353726,4.252427184466019,2.2212363206152026,344.0,2.3434343434343434,0.25862068965517243,1.7373737373737375,Healthy Growth
TVSMOTOR,Mar 2014,2.23043893129771,5.868320610687023,16.1068044788975,26.045526733721548,0.6270456503014643,6.15,2.3083700440528636,235.0,2.513368983957219,0.5,1.2566844919786095,Healthy Growth
TVSMOTOR,Mar 2016,3.7707655796782986,7.198734288476752,23.58438702583837,28.144329896907216,0.59978009895547,11.7,2.210843373493976,331.0,2.1818181818181817,0.6463675213675214,0.7715617715617715,Healthy Growth
TVSMOTOR,Mar 2021,3.1306317903300553,11.49271407239586,15.88711784687745,13.94477071098338,3.182388293702639,2.533484676503973,0.8882231877429683,269.0,1.893092105263158,0.7662901824500434,0.44243421052631576,Healthy Growth
INDIGO,Mar 2015,9.364452423698385,1904.0,4939.39393939394,39546.05263157895,0.15151515151515152,30.435443037974682,228.27868852459017,1444.0,1.8282208588957056,0.39429530201342283,1.107361963190184,Healthy Growth
INDIGO,Mar 2016,12.304832713754648,3164.0,1534.775888717156,9443.959243085881,0.061823802163833076,25.19611650485437,82.34693877551021,1779.0,1.5689828801611279,0.4290757381258023,0.8957703927492447,Healthy Growth
INDIGO,Mar 2017,8.928955866523143,2219.0,1692.8571428571427,10908.0,0.5306122448979592,20.73764258555133,75.52845528455285,749.0,2.2796865581675707,0.8019566367001586,0.45147679324894513,Healthy Growth
INDIGO,Mar 2019,0.547426044846826,-151.0,120.93023255813952,13201.84331797235,0.6821705426356589,21.6211320754717,76.39946380697052,634.0,20.256410256410255,0.799367088607595,4.064102564102564,Healthy Growth
INDIGO,Mar 2024,11.852722628584697,16331.0,892.568306010929,5640.87982832618,0.018579234972677595,22.60232158211522,56.38625204582652,9424.0,2.5937308681278317,0.5551149506679884,1.1539120852210114,Healthy Growth
