company_id,year,net_profit_margin_pct,operating_profit_margin_pct,return_on_equity_pct,roce_calculated,debt_to_equity,interest_coverage,asset_turnover,free_cash_flow,cfo_quality_score,capex_intensity,fcf_conversion,capital_allocation_pattern
ABB,Dec 2012,8.771929824561402,12.220205686630369,22.411128284389488,31.221020092735703,0.0,,1.822491730981257,42.0,0.696551724137931,0.5841584158415841,0.2896551724137931,Healthy Growth
ABB,Mar 2014,8.699472759226714,11.731107205623902,25.12690355329949,33.88324873096447,0.0,,1.9982440737489024,11.0,0.7828282828282829,0.9290322580645162,0.05555555555555555,Healthy Growth
ABB,Mar 2014,8.699472759226714,11.731107205623902,25.12690355329949,33.88324873096447,0.0,,1.9982440737489024,0.0,0.0,,0.0,No Operations
ABB,Mar 2015,10.004368719965049,13.630406290956751,24.439701173959445,33.29775880469584,0.0,,1.665938864628821,28.0,0.9388646288209607,0.8697674418604651,0.1222707423580786,Healthy Growth
ABB,Mar 2015,10.004368719965049,13.630406290956751,24.439701173959445,33.29775880469584,0.0,,1.665938864628821,-1899.0,-0.15283842794759825,-53.25714285714286,-8.292576419213974,Cash Burn
ABB,Mar 2016,9.755164498852334,13.963274674827849,21.338912133891213,30.543933054393307,0.0,121.66666666666667,1.6175742574257426,172.0,0.9764705882352941,0.3092369477911647,0.6745098039215687,Healthy Growth
ABB,Mar 2016,9.755164498852334,13.963274674827849,21.338912133891213,30.543933054393307,0.0,121.66666666666667,1.6175742574257426,728.0,6.0549019607843135,0.5284974093264249,2.854901960784314,Healthy Growth
ABB,Mar 2017,9.541853255253187,13.709955218739237,19.971160778658977,28.69502523431867,0.0,199.0,1.40513068731849,152.0,1.108303249097473,0.504885993485342,0.5487364620938628,Healthy Growth
ABB,Mar 2017,9.541853255253187,13.709955218739237,19.971160778658977,28.69502523431867,0.0,199.0,1.40513068731849,459.0,7.902527075812275,0.7903152124257652,1.6570397111913358,Healthy Growth
ABB,Mar 2018,12.15888417222559,15.918738629472406,23.685764914353218,31.010041346721795,0.0,131.25,1.365066225165563,-62.0,0.38154613466334164,1.4052287581699345,-0.1546134663341646,Aggressive Expansion
ABB,Mar 2018,12.15888417222559,15.918738629472406,23.685764914353218,31.010041346721795,0.0,131.25,1.365066225165563,-994.0,5.4812967581047385,1.4522292993630572,-2.478802992518703,Aggressive Expansion
ABB,Mar 2019,12.231584669747214,16.444686055993476,22.410358565737052,30.12948207171315,0.0,302.5,1.2509350561033663,242.0,1.1088888888888888,0.5150300601202404,0.5377777777777778,Healthy Growth
ABB,Mar 2019,12.231584669747214,16.444686055993476,22.410358565737052,30.12948207171315,0.0,302.5,1.2509350561033663,-459.0,5.757777777777778,1.17715167888846,-1.02,Aggressive Expansion
ABB,Mar 2020,14.488150500855118,18.49499144881505,24.39325380501851,29.04834996162701,0.07198683669271905,84.11111111111111,1.153932901043135,225.0,1.0556492411467115,0.6405750798722045,0.3794266441821248,Healthy Growth
ABB,Mar 2020,14.488150500855118,18.49499144881505,24.39325380501851,29.04834996162701,0.07198683669271905,84.11111111111111,1.153932901043135,-206.0,9.168634064080944,1.0378885414750783,-0.3473861720067454,Aggressive Expansion
ABB,Mar 2021,16.03248259860789,21.392111368909514,26.5564950038432,33.46642468239565,0.058800922367409685,51.22222222222222,1.1223958333333333,655.0,1.0520984081041969,0.09903713892709766,0.9479015918958031,Healthy Growth
ABB,Mar 2021,16.03248259860789,21.392111368909514,26.5564950038432,33.46642468239565,0.058800922367409685,51.22222222222222,1.1223958333333333,-225.0,5.476121562952243,1.05946088794926,-0.3256150506512301,Aggressive Expansion
ABB,Mar 2022,16.26297577854671,22.023203745165887,28.333333333333332,36.4064602960969,0.05390070921985816,56.94736842105263,1.1631155303030303,552.0,1.1864831038798498,0.4177215189873418,0.690863579474343,Healthy Growth
ABB,Mar 2022,16.26297577854671,22.023203745165887,28.333333333333332,36.4064602960969,0.05390070921985816,56.94736842105263,1.1631155303030303,161.0,5.127659574468085,0.9607029533805224,0.20150187734668334,Healthy Growth
ABB,Mar 2023,17.74163395027108,22.546270330902974,29.767879548306148,36.53438352014541,0.03544542032622334,75.375,1.1740561896400352,745.0,0.9409905163329821,0.16573348264277715,0.7850368809272918,Healthy Growth
ABB,Mar 2023,17.74163395027108,22.546270330902974,29.767879548306148,36.53438352014541,0.03544542032622334,75.375,1.1740561896400352,-922.0,3.9799789251844047,1.2441090812814404,-0.9715489989462592,Aggressive Expansion
ABB,Mar 2024,20.533424517011454,24.84185330825782,32.46823465801568,38.41882601797991,0.022438496891051634,121.08333333333333,1.1263238975544,797.0,1.009991673605329,0.34295136026380874,0.6636136552872606,Healthy Growth
ABB,Mar 2024,20.533424517011454,24.84185330825782,32.46823465801568,38.41882601797991,0.022438496891051634,121.08333333333333,1.1263238975544,1095.0,5.027477102414655,0.8186485591255382,0.9117402164862615,Healthy Growth
ABB,TTM,21.183646554566433,25.502802505769868,,,,140.63636363636363,,,,,,
ADANIENSOL,Mar 2014,,,0.0,0.0,0.0,,,0.0,,,,No Operations
ADANIENSOL,Mar 2015,-5.343511450381679,77.09923664122137,-0.6463527239150507,0.936572700296736,8.95752539242844,1.3835616438356164,0.011399234249912982,-1899.0,5.0,-53.25714285714286,271.2857142857143,Cash Burn
ADANIENSOL,Mar 2016,16.773017319963536,87.83044667274385,13.77245508982036,17.118237541085545,3.2129491017964074,2.013584117032393,0.18678699131619275,728.0,4.195652173913044,0.5284974093264249,1.9782608695652173,Healthy Growth
ADANIENSOL,Mar 2017,14.464534075104313,68.94993045897078,14.116050220563285,16.633115249119275,3.045469969460468,2.1935840707964602,0.22449457497463118,459.0,5.262019230769231,0.7903152124257652,1.1033653846153846,Healthy Growth
ADANIENSOL,Mar 2018,28.98073022312373,71.65314401622717,18.87072808320951,17.142857142857142,1.7216443784051512,3.1896162528216703,0.22843903851723138,-994.0,1.9230096237970253,1.4522292993630572,-0.8696412948381452,Aggressive Expansion
ADANIENSOL,Mar 2019,7.652292950034223,38.02874743326489,6.950142981474575,9.858055358410219,2.50366778565212,1.9971243709561466,0.2243688187235088,-459.0,4.635062611806798,1.17715167888846,-0.8211091234347049,Aggressive Expansion
ADANIENSOL,Mar 2020,6.184302733006307,37.29852838121934,8.30685963054477,13.003511986562835,2.8528062124955875,1.902591599642538,0.2874770214801944,-206.0,7.701133144475921,1.0378885414750783,-0.29178470254957506,Aggressive Expansion
ADANIENSOL,Mar 2021,12.996171670360667,39.79447914567802,14.46350487722839,10.967956905647803,3.0378966251821953,1.8658478979688238,0.22958782439746495,-225.0,2.933333333333333,1.05946088794926,-0.1744186046511628,Aggressive Expansion
ADANIENSOL,Mar 2022,10.978859477704743,37.360099484810796,12.46847573892868,10.563857842521662,3.016443054574801,1.7784355179704017,0.23719029158941513,161.0,3.3147249190938513,0.9607029533805224,0.1302588996763754,Healthy Growth
ADANIENSOL,Mar 2023,9.636650868878357,33.98781313473256,10.90305557919823,9.81768400008692,2.916843986722274,1.6245954692556634,0.24647704516798932,-922.0,2.9484777517564402,1.2441090812814404,-0.7197501951600312,Aggressive Expansion
ADANIENSOL,Mar 2024,7.201782380923707,34.38911302462817,9.461276797721698,11.488402969161756,2.93252116130053,2.063968196602819,0.2836960606785336,1095.0,5.048494983277592,0.8186485591255382,0.9155518394648829,Healthy Growth
ADANIENSOL,TTM,2.665278971899181,29.829404045431918,,,,2.0710021991831606,,,,,,
ADANIENT,Mar 2013,2.6264150943396225,12.983288409703503,5.692652832305104,6.636319548540694,3.240418769863526,1.7242268041237114,0.41453996120531683,-7124.0,6.293924466338259,1.9292981998434646,-5.848932676518883,Aggressive Expansion
ADANIENT,Mar 2014,4.815549529546654,17.07645549347553,11.1377699204445,9.800808464856846,3.0298438355011155,1.6452744169735227,0.4652503767929417,221.0,3.109599395313681,0.9731404958677686,0.0835222978080121,Healthy Growth
ADANIENT,Mar 2015,3.564725044597844,19.312805398278137,8.931902985074627,11.390772102215024,3.248250932835821,1.7644557823129252,0.4931608500742055,-2933.0,3.7127937336814623,1.343764650726676,-1.2763272410791993,Aggressive Expansion
ADANIENT,Mar 2016,2.9404845918607387,4.951776052693484,7.4749588877261175,5.174055980581928,1.4328748691882194,1.2409727339719971,0.8159504786583172,3287.0,5.112,0.35700312989045385,3.287,Healthy Growth
ADANIENT,Mar 2017,2.5319574083705145,5.206251881860236,6.543576683644596,5.437081927848608,1.4746745897000566,1.5131264916467781,0.7673226775325029,-686.0,0.8367567567567568,1.8863049095607236,-0.7416216216216216,Aggressive Expansion
ADANIENT,Mar 2018,1.653490702594366,5.673087629439929,3.936642587315263,6.227464401393387,1.1688647359003248,1.6304,0.6368938923854268,-4707.0,4.952861952861953,2.59993201903467,-7.924242424242424,Aggressive Expansion
ADANIENT,Mar 2019,1.2531266252259838,4.876297085118502,3.429113580916238,7.57336820646948,0.7619273515857956,1.2116923076923076,0.9492900131653188,749.0,6.395256916996048,0.7685414091470952,1.4802371541501975,Healthy Growth
ADANIENT,Mar 2020,2.3961477317236133,5.285348939013432,6.136779370980115,7.811755090921474,0.7328140673865581,1.4592875318066159,0.9259306666666667,1372.0,2.3596153846153847,0.4409127954360228,1.3192307692307692,Healthy Growth
ADANIENT,Mar 2021,2.645623087234742,6.338366593317652,6.0959263360335685,7.506140298328641,0.9456844804475786,1.8198983297022513,0.7659685762442606,-4568.0,3.8652007648183555,2.129854068760821,-4.367112810707457,Aggressive Expansion
ADANIENT,Mar 2022,1.135119562085854,5.3500432152117545,3.5404591813811384,5.815756095269413,1.8692546165251382,1.4703087885985748,0.6833618805740949,-15656.0,1.7576142131979695,12.303971119133575,-19.868020304568528,Aggressive Expansion
ADANIENT,Mar 2023,1.899012074643249,6.913909361768857,7.328068742246831,10.223649580874424,1.6096335965628876,2.2217183169564123,0.9027590990812441,2167.0,7.277456647398844,0.8770566209009418,0.8947151114781172,Healthy Growth
ADANIENT,Mar 2024,3.458790097592848,11.799296833677312,8.534650424813185,10.89897112639626,1.671358378544375,2.497694840834248,0.6004321671876751,-8455.0,3.0920539730134933,1.8199185415050427,-2.535232383808096,Aggressive Expansion
ADANIENT,TTM,5.948529483633235,13.579185033867326,,,,3.347710843373494,,,,,,
ADANIGREEN,Mar 2017,-9.362549800796813,80.2788844621514,-3.906899418121363,7.261261261261261,3.6134663341645887,1.2065868263473054,0.08149350649350649,-1483.0,-0.5957446808510638,53.964285714285715,31.5531914893617,Aggressive Expansion
ADANIGREEN,Mar 2018,-9.324324324324325,56.95945945945946,-10.290827740492169,7.523427041499331,7.355704697986577,1.5271739130434783,0.09421350818002419,-3779.0,-4.702898550724638,6.822804314329738,27.384057971014492,Aggressive Expansion
ADANIGREEN,Mar 2019,-23.080660835762874,74.14965986394559,-24.573202276254527,11.671128107074571,5.764097258147957,1.3612845673505798,0.14040114613180515,-1041.0,-3.4210526315789473,1.6406153846153846,2.191578947368421,Aggressive Expansion
ADANIGREEN,Mar 2020,-2.6677128285602194,56.88505296194586,-2.8850233347475602,8.418974626952332,6.307170131523122,1.4572864321608041,0.13835214937038645,-1778.0,-28.897058823529413,1.9048346055979644,26.147058823529413,Aggressive Expansion
ADANIGREEN,Mar 2021,5.8258642765685025,71.73495518565942,8.272727272727273,8.485743496535273,11.004090909090909,1.1474654377880185,0.10888052418792694,-7536.0,8.796703296703297,5.707058088694566,-41.40659340659341,Aggressive Expansion
ADANIGREEN,Mar 2022,9.526592635885448,68.42002727449834,18.706962509563887,6.334090827111064,20.211170619739864,1.3419946503630111,0.08706788343454218,-15603.0,6.394683026584867,5.989766549408379,-31.9079754601227,Aggressive Expansion
ADANIGREEN,Mar 2023,12.512860082304528,63.91460905349794,13.321467688937568,8.07775448177223,7.423740416210296,1.7073170731707317,0.11621754920862665,3408.0,7.466598150051388,0.5309015829318651,3.50256937307297,Healthy Growth
ADANIGREEN,Mar 2024,13.665943600867678,79.3709327548807,12.812690665039659,9.797568682054303,6.595281675818589,1.4618457850579305,0.10467043571055559,-13347.0,6.121428571428571,2.7304550758459745,-10.592857142857143,Aggressive Expansion
ADANIGREEN,TTM,17.881654609534408,75.12520868113522,,,,1.633393829401089,,,,,,
ADANIPORTS,Mar 2013,45.820519988817445,66.59211629857423,25.633406318423525,13.22304873986899,1.817328745699093,4.394833948339484,0.17004991680532447,-3757.0,0.8413666870042709,3.7244379985496736,-2.2922513727882854,Aggressive Expansion
ADANIPORTS,Mar 2013,45.820519988817445,66.59211629857423,25.633406318423525,13.22304873986899,1.817328745699093,4.394833948339484,0.17004991680532447,-3757.0,0.8413666870042709,3.7244379985496736,-2.2922513727882854,Aggressive Expansion
ADANIPORTS,Mar 2013,45.820519988817445,66.59211629857423,25.633406318423525,13.22304873986899,1.817328745699093,4.394833948339484,0.17004991680532447,-3757.0,0.8413666870042709,3.7244379985496736,-2.2922513727882854,Aggressive Expansion
ADANIPORTS,Mar 2013,45.820519988817445,66.59211629857423,25.633406318423525,13.22304873986899,1.817328745699093,4.394833948339484,0.17004991680532447,-3757.0,0.8413666870042709,3.7244379985496736,-2.2922513727882854,Aggressive Expansion
ADANIPORTS,Mar 2014,36.04554865424431,60.43478260869565,19.86309184255562,13.42439293598234,1.4807758128921849,2.9877175025588536,0.19572881630668235,-1378.0,0.6502010338885698,2.217314487632509,-0.7914991384261918,Aggressive Expansion
ADANIPORTS,Mar 2014,36.04554865424431,60.43478260869565,19.86309184255562,13.42439293598234,1.4807758128921849,2.9877175025588536,0.19572881630668235,-1378.0,0.6502010338885698,2.217314487632509,-0.7914991384261918,Aggressive Expansion
ADANIPORTS,Mar 2014,36.04554865424431,60.43478260869565,19.86309184255562,13.42439293598234,1.4807758128921849,2.9877175025588536,0.19572881630668235,-1378.0,0.6502010338885698,2.217314487632509,-0.7914991384261918,Aggressive Expansion
ADANIPORTS,Mar 2014,36.04554865424431,60.43478260869565,19.86309184255562,13.42439293598234,1.4807758128921849,2.9877175025588536,0.19572881630668235,-1378.0,0.6502010338885698,2.217314487632509,-0.7914991384261918,Aggressive Expansion
ADANIPORTS,Mar 2015,37.77633289986996,63.42652795838751,21.58848118903855,13.67156021162538,1.651277287505806,3.3208510638297875,0.19175861853999127,572.0,1.3154044750430292,0.8128884527314361,0.24612736660929432,Healthy Growth
ADANIPORTS,Mar 2015,37.77633289986996,63.42652795838751,21.58848118903855,13.67156021162538,1.651277287505806,3.3208510638297875,0.19175861853999127,572.0,1.3154044750430292,0.8128884527314361,0.24612736660929432,Healthy Growth
ADANIPORTS,Mar 2015,37.77633289986996,63.42652795838751,21.58848118903855,13.67156021162538,1.651277287505806,3.3208510638297875,0.19175861853999127,572.0,1.3154044750430292,0.8128884527314361,0.24612736660929432,Healthy Growth
ADANIPORTS,Mar 2015,37.77633289986996,63.42652795838751,21.58848118903855,13.67156021162538,1.651277287505806,3.3208510638297875,0.19175861853999127,572.0,1.3154044750430292,0.8128884527314361,0.24612736660929432,Healthy Growth
ADANIPORTS,Mar 2016,40.17442678295119,64.38317625545083,21.147723065531284,12.768153541440007,1.6543502406516104,4.072064056939502,0.18520255308063047,-1772.0,0.8336834733893558,1.74422511549769,-0.6204481792717087,Aggressive Expansion
ADANIPORTS,Mar 2016,40.17442678295119,64.38317625545083,21.147723065531284,12.768153541440007,1.6543502406516104,4.072064056939502,0.18520255308063047,-1772.0,0.8336834733893558,1.74422511549769,-0.6204481792717087,Aggressive Expansion
ADANIPORTS,Mar 2016,40.17442678295119,64.38317625545083,21.147723065531284,12.768153541440007,1.6543502406516104,4.072064056939502,0.18520255308063047,-1772.0,0.8336834733893558,1.74422511549769,-0.6204481792717087,Aggressive Expansion
ADANIPORTS,Mar 2016,40.17442678295119,64.38317625545083,21.147723065531284,12.768153541440007,1.6543502406516104,4.072064056939502,0.18520255308063047,-1772.0,0.8336834733893558,1.74422511549769,-0.6204481792717087,Aggressive Expansion
ADANIPORTS,Mar 2017,46.23770588932338,64.20191965872733,22.264064817984707,13.633618520382488,1.2674883030925481,4.854838709677419,0.19458599460444095,1434.0,1.0412608918503332,0.6470588235294118,0.3675038441824705,Healthy Growth
ADANIPORTS,Mar 2017,46.23770588932338,64.20191965872733,22.264064817984707,13.633618520382488,1.2674883030925481,4.854838709677419,0.19458599460444095,1434.0,1.0412608918503332,0.6470588235294118,0.3675038441824705,Healthy Growth
ADANIPORTS,Mar 2017,46.23770588932338,64.20191965872733,22.264064817984707,13.633618520382488,1.2674883030925481,4.854838709677419,0.19458599460444095,1434.0,1.0412608918503332,0.6470588235294118,0.3675038441824705,Healthy Growth
ADANIPORTS,Mar 2017,46.23770588932338,64.20191965872733,22.264064817984707,13.633618520382488,1.2674883030925481,4.854838709677419,0.19458599460444095,1434.0,1.0412608918503332,0.6470588235294118,0.3675038441824705,Healthy Growth
ADANIPORTS,Mar 2018,32.588536606906295,63.20763048662016,17.652968473424867,16.539181475747004,1.0701813136870306,4.532615579480684,0.23972646243092752,1762.0,1.5197831978319782,0.6858059914407989,0.4775067750677507,Healthy Growth
ADANIPORTS,Mar 2018,32.588536606906295,63.20763048662016,17.652968473424867,16.539181475747004,1.0701813136870306,4.532615579480684,0.23972646243092752,1762.0,1.5197831978319782,0.6858059914407989,0.4775067750677507,Healthy Growth
ADANIPORTS,Mar 2018,32.588536606906295,63.20763048662016,17.652968473424867,16.539181475747004,1.0701813136870306,4.532615579480684,0.23972646243092752,1762.0,1.5197831978319782,0.6858059914407989,0.4775067750677507,Healthy Growth
ADANIPORTS,Mar 2018,32.588536606906295,63.20763048662016,17.652968473424867,16.539181475747004,1.0701813136870306,4.532615579480684,0.23972646243092752,1762.0,1.5197831978319782,0.6858059914407989,0.4775067750677507,Healthy Growth
ADANIPORTS,Mar 2019,37.02517162471396,60.37528604118994,16.596914492040046,12.664157898778896,1.1370425077958313,4.76245487364621,0.19401182717408677,1661.0,1.4904820766378244,0.724498258417648,0.41063040791100125,Healthy Growth
ADANIPORTS,Mar 2019,37.02517162471396,60.37528604118994,16.596914492040046,12.664157898778896,1.1370425077958313,4.76245487364621,0.19401182717408677,1661.0,1.4904820766378244,0.724498258417648,0.41063040791100125,Healthy Growth
ADANIPORTS,Mar 2019,37.02517162471396,60.37528604118994,16.596914492040046,12.664157898778896,1.1370425077958313,4.76245487364621,0.19401182717408677,1661.0,1.4904820766378244,0.724498258417648,0.41063040791100125,Healthy Growth
ADANIPORTS,Mar 2019,37.02517162471396,60.37528604118994,16.596914492040046,12.664157898778896,1.1370425077958313,4.76245487364621,0.19401182717408677,1661.0,1.4904820766378244,0.724498258417648,0.41063040791100125,Healthy Growth
ADANIPORTS,Mar 2020,31.8790533142424,50.08843594710688,14.868209136976077,10.67703190362484,1.1879640177554307,3.0481804202972835,0.1917567065587803,6653.0,1.9556142668428005,0.1011888678735477,1.7577278731836194,Healthy Growth
ADANIPORTS,Mar 2020,31.8790533142424,50.08843594710688,14.868209136976077,10.67703190362484,1.1879640177554307,3.0481804202972835,0.1917567065587803,6653.0,1.9556142668428005,0.1011888678735477,1.7577278731836194,Healthy Growth
ADANIPORTS,Mar 2020,31.8790533142424,50.08843594710688,14.868209136976077,10.67703190362484,1.1879640177554307,3.0481804202972835,0.1917567065587803,6653.0,1.9556142668428005,0.1011888678735477,1.7577278731836194,Healthy Growth
ADANIPORTS,Mar 2020,31.8790533142424,50.08843594710688,14.868209136976077,10.67703190362484,1.1879640177554307,3.0481804202972835,0.1917567065587803,6653.0,1.9556142668428005,0.1011888678735477,1.7577278731836194,Healthy Growth
ADANIPORTS,Mar 2021,40.23107569721115,69.22709163346613,16.586183108307875,13.104863038494027,1.1778522387569397,3.852771618625277,0.16827116462417205,-6508.0,1.4965339671222024,1.861302276336686,-1.2889681124975243,Aggressive Expansion
ADANIPORTS,Mar 2021,40.23107569721115,69.22709163346613,16.586183108307875,13.104863038494027,1.1778522387569397,3.852771618625277,0.16827116462417205,-6508.0,1.4965339671222024,1.861302276336686,-1.2889681124975243,Aggressive Expansion
ADANIPORTS,Mar 2021,40.23107569721115,69.22709163346613,16.586183108307875,13.104863038494027,1.1778522387569397,3.852771618625277,0.16827116462417205,-6508.0,1.4965339671222024,1.861302276336686,-1.2889681124975243,Aggressive Expansion
ADANIPORTS,Mar 2021,40.23107569721115,69.22709163346613,16.586183108307875,13.104863038494027,1.1778522387569397,3.852771618625277,0.16827116462417205,-6508.0,1.4965339671222024,1.861302276336686,-1.2889681124975243,Aggressive Expansion
ADANIPORTS,Mar 2022,28.93276476429698,55.65745662713943,11.843332297171278,10.615446321137306,1.1461944955883407,3.7452830188679247,0.1741009681881051,4927.0,2.103775489602261,0.5271593090211133,0.994750656167979,Healthy Growth
ADANIPORTS,Mar 2022,28.93276476429698,55.65745662713943,11.843332297171278,10.615446321137306,1.1461944955883407,3.7452830188679247,0.1741009681881051,4927.0,2.103775489602261,0.5271593090211133,0.994750656167979,Healthy Growth
ADANIPORTS,Mar 2022,28.93276476429698,55.65745662713943,11.843332297171278,10.615446321137306,1.1461944955883407,3.7452830188679247,0.1741009681881051,4927.0,2.103775489602261,0.5271593090211133,0.994750656167979,Healthy Growth
ADANIPORTS,Mar 2022,28.93276476429698,55.65745662713943,11.843332297171278,10.615446321137306,1.1461944955883407,3.7452830188679247,0.1741009681881051,4927.0,2.103775489602261,0.5271593090211133,0.994750656167979,Healthy Growth
ADANIPORTS,Mar 2023,25.85363514291195,52.498561289084975,11.8773271056864,11.077380771682705,1.1772455881380952,4.632670334320778,0.18524737258246493,-4816.0,2.2073826748284175,1.4047058823529412,-0.8933407531070302,Aggressive Expansion
ADANIPORTS,Mar 2023,25.85363514291195,52.498561289084975,11.8773271056864,11.077380771682705,1.1772455881380952,4.632670334320778,0.18524737258246493,-4816.0,2.2073826748284175,1.4047058823529412,-0.8933407531070302,Aggressive Expansion
ADANIPORTS,Mar 2023,25.85363514291195,52.498561289084975,11.8773271056864,11.077380771682705,1.1772455881380952,4.632670334320778,0.18524737258246493,-4816.0,2.2073826748284175,1.4047058823529412,-0.8933407531070302,Aggressive Expansion
ADANIPORTS,Mar 2023,25.85363514291195,52.498561289084975,11.8773271056864,11.077380771682705,1.1772455881380952,4.632670334320778,0.18524737258246493,-4816.0,2.2073826748284175,1.4047058823529412,-0.8933407531070302,Aggressive Expansion
ADANIPORTS,Mar 2024,30.339560480700833,58.36172363445772,15.3548827162833,15.246263985603631,0.9373223691689719,5.7039882912550315,0.22830109659056916,8250.0,1.8531589338598222,0.45065920894926087,1.0180157946692991,Healthy Growth
ADANIPORTS,Mar 2024,30.339560480700833,58.36172363445772,15.3548827162833,15.246263985603631,0.9373223691689719,5.7039882912550315,0.22830109659056916,8250.0,1.8531589338598222,0.45065920894926087,1.0180157946692991,Healthy Growth
ADANIPORTS,Mar 2024,30.339560480700833,58.36172363445772,15.3548827162833,15.246263985603631,0.9373223691689719,5.7039882912550315,0.22830109659056916,8250.0,1.8531589338598222,0.45065920894926087,1.0180157946692991,Healthy Growth
ADANIPORTS,Mar 2024,30.339560480700833,58.36172363445772,15.3548827162833,15.246263985603631,0.9373223691689719,5.7039882912550315,0.22830109659056916,8250.0,1.8531589338598222,0.45065920894926087,1.0180157946692991,Healthy Growth
ADANIPORTS,TTM,34.25447386000071,60.348767710860315,,,,6.624855268236202,,,,,,
ADANIPORTS,TTM,34.25447386000071,60.348767710860315,,,,6.624855268236202,,,,,,
ADANIPORTS,Mar 2013,45.820519988817445,66.59211629857423,25.633406318423525,13.22304873986899,1.817328745699093,4.394833948339484,0.17004991680532447,-3757.0,0.8413666870042709,3.7244379985496736,-2.2922513727882854,Aggressive Expansion
ADANIPORTS,Mar 2013,45.820519988817445,66.59211629857423,25.633406318423525,13.22304873986899,1.817328745699093,4.394833948339484,0.17004991680532447,-3757.0,0.8413666870042709,3.7244379985496736,-2.2922513727882854,Aggressive Expansion
ADANIPORTS,Mar 2013,45.820519988817445,66.59211629857423,25.633406318423525,13.22304873986899,1.817328745699093,4.394833948339484,0.17004991680532447,-3757.0,0.8413666870042709,3.7244379985496736,-2.2922513727882854,Aggressive Expansion
ADANIPORTS,Mar 2013,45.820519988817445,66.59211629857423,25.633406318423525,13.22304873986899,1.817328745699093,4.394833948339484,0.17004991680532447,-3757.0,0.8413666870042709,3.7244379985496736,-2.2922513727882854,Aggressive Expansion
ADANIPORTS,Mar 2014,36.04554865424431,60.43478260869565,19.86309184255562,13.42439293598234,1.4807758128921849,2.9877175025588536,0.19572881630668235,-1378.0,0.6502010338885698,2.217314487632509,-0.7914991384261918,Aggressive Expansion
ADANIPORTS,Mar 2014,36.04554865424431,60.43478260869565,19.86309184255562,13.42439293598234,1.4807758128921849,2.9877175025588536,0.19572881630668235,-1378.0,0.6502010338885698,2.217314487632509,-0.7914991384261918,Aggressive Expansion
ADANIPORTS,Mar 2014,36.04554865424431,60.43478260869565,19.86309184255562,13.42439293598234,1.4807758128921849,2.9877175025588536,0.19572881630668235,-1378.0,0.6502010338885698,2.217314487632509,-0.7914991384261918,Aggressive Expansion
ADANIPORTS,Mar 2014,36.04554865424431,60.43478260869565,19.86309184255562,13.42439293598234,1.4807758128921849,2.9877175025588536,0.19572881630668235,-1378.0,0.6502010338885698,2.217314487632509,-0.7914991384261918,Aggressive Expansion
ADANIPORTS,Mar 2015,37.77633289986996,63.42652795838751,21.58848118903855,13.67156021162538,1.651277287505806,3.3208510638297875,0.19175861853999127,572.0,1.3154044750430292,0.8128884527314361,0.24612736660929432,Healthy Growth
ADANIPORTS,Mar 2015,37.77633289986996,63.42652795838751,21.58848118903855,13.67156021162538,1.651277287505806,3.3208510638297875,0.19175861853999127,572.0,1.3154044750430292,0.8128884527314361,0.24612736660929432,Healthy Growth
ADANIPORTS,Mar 2015,37.77633289986996,63.42652795838751,21.58848118903855,13.67156021162538,1.651277287505806,3.3208510638297875,0.19175861853999127,572.0,1.3154044750430292,0.8128884527314361,0.24612736660929432,Healthy Growth
ADANIPORTS,Mar 2015,37.77633289986996,63.42652795838751,21.58848118903855,13.67156021162538,1.651277287505806,3.3208510638297875,0.19175861853999127,572.0,1.3154044750430292,0.8128884527314361,0.24612736660929432,Healthy Growth
ADANIPORTS,Mar 2016,40.17442678295119,64.38317625545083,21.147723065531284,12.768153541440007,1.6543502406516104,4.072064056939502,0.18520255308063047,-1772.0,0.8336834733893558,1.74422511549769,-0.6204481792717087,Aggressive Expansion
ADANIPORTS,Mar 2016,40.17442678295119,64.38317625545083,21.147723065531284,12.768153541440007,1.6543502406516104,4.072064056939502,0.18520255308063047,-1772.0,0.8336834733893558,1.74422511549769,-0.6204481792717087,Aggressive Expansion
ADANIPORTS,Mar 2016,40.17442678295119,64.38317625545083,21.147723065531284,12.768153541440007,1.6543502406516104,4.072064056939502,0.18520255308063047,-1772.0,0.8336834733893558,1.74422511549769,-0.6204481792717087,Aggressive Expansion
ADANIPORTS,Mar 2016,40.17442678295119,64.38317625545083,21.147723065531284,12.768153541440007,1.6543502406516104,4.072064056939502,0.18520255308063047,-1772.0,0.8336834733893558,1.74422511549769,-0.6204481792717087,Aggressive Expansion
ADANIPORTS,Mar 2017,46.23770588932338,64.20191965872733,22.264064817984707,13.633618520382488,1.2674883030925481,4.854838709677419,0.19458599460444095,1434.0,1.0412608918503332,0.6470588235294118,0.3675038441824705,Healthy Growth
ADANIPORTS,Mar 2017,46.23770588932338,64.20191965872733,22.264064817984707,13.633618520382488,1.2674883030925481,4.854838709677419,0.19458599460444095,1434.0,1.0412608918503332,0.6470588235294118,0.3675038441824705,Healthy Growth
ADANIPORTS,Mar 2017,46.23770588932338,64.20191965872733,22.264064817984707,13.633618520382488,1.2674883030925481,4.854838709677419,0.19458599460444095,1434.0,1.0412608918503332,0.6470588235294118,0.3675038441824705,Healthy Growth
ADANIPORTS,Mar 2017,46.23770588932338,64.20191965872733,22.264064817984707,13.633618520382488,1.2674883030925481,4.854838709677419,0.19458599460444095,1434.0,1.0412608918503332,0.6470588235294118,0.3675038441824705,Healthy Growth
ADANIPORTS,Mar 2018,32.588536606906295,63.20763048662016,17.652968473424867,16.539181475747004,1.0701813136870306,4.532615579480684,0.23972646243092752,1762.0,1.5197831978319782,0.6858059914407989,0.4775067750677507,Healthy Growth
ADANIPORTS,Mar 2018,32.588536606906295,63.20763048662016,17.652968473424867,16.539181475747004,1.0701813136870306,4.532615579480684,0.23972646243092752,1762.0,1.5197831978319782,0.6858059914407989,0.4775067750677507,Healthy Growth
ADANIPORTS,Mar 2018,32.588536606906295,63.20763048662016,17.652968473424867,16.539181475747004,1.0701813136870306,4.532615579480684,0.23972646243092752,1762.0,1.5197831978319782,0.6858059914407989,0.4775067750677507,Healthy Growth
ADANIPORTS,Mar 2018,32.588536606906295,63.20763048662016,17.652968473424867,16.539181475747004,1.0701813136870306,4.532615579480684,0.23972646243092752,1762.0,1.5197831978319782,0.6858059914407989,0.4775067750677507,Healthy Growth
ADANIPORTS,Mar 2019,37.02517162471396,60.37528604118994,16.596914492040046,12.664157898778896,1.1370425077958313,4.76245487364621,0.19401182717408677,1661.0,1.4904820766378244,0.724498258417648,0.41063040791100125,Healthy Growth
ADANIPORTS,Mar 2019,37.02517162471396,60.37528604118994,16.596914492040046,12.664157898778896,1.1370425077958313,4.76245487364621,0.19401182717408677,1661.0,1.4904820766378244,0.724498258417648,0.41063040791100125,Healthy Growth
ADANIPORTS,Mar 2019,37.02517162471396,60.37528604118994,16.596914492040046,12.664157898778896,1.1370425077958313,4.76245487364621,0.19401182717408677,1661.0,1.4904820766378244,0.724498258417648,0.41063040791100125,Healthy Growth
ADANIPORTS,Mar 2019,37.02517162471396,60.37528604118994,16.596914492040046,12.664157898778896,1.1370425077958313,4.76245487364621,0.19401182717408677,1661.0,1.4904820766378244,0.724498258417648,0.41063040791100125,Healthy Growth
ADANIPORTS,Mar 2020,31.8790533142424,50.08843594710688,14.868209136976077,10.67703190362484,1.1879640177554307,3.0481804202972835,0.1917567065587803,6653.0,1.9556142668428005,0.1011888678735477,1.7577278731836194,Healthy Growth
ADANIPORTS,Mar 2020,31.8790533142424,50.08843594710688,14.868209136976077,10.67703190362484,1.1879640177554307,3.0481804202972835,0.1917567065587803,6653.0,1.9556142668428005,0.1011888678735477,1.7577278731836194,Healthy Growth
ADANIPORTS,Mar 2020,31.8790533142424,50.08843594710688,14.868209136976077,10.67703190362484,1.1879640177554307,3.0481804202972835,0.1917567065587803,6653.0,1.9556142668428005,0.1011888678735477,1.7577278731836194,Healthy Growth
ADANIPORTS,Mar 2020,31.8790533142424,50.08843594710688,14.868209136976077,10.67703190362484,1.1879640177554307,3.0481804202972835,0.1917567065587803,6653.0,1.9556142668428005,0.1011888678735477,1.7577278731836194,Healthy Growth
ADANIPORTS,Mar 2021,40.23107569721115,69.22709163346613,16.586183108307875,13.104863038494027,1.1778522387569397,3.852771618625277,0.16827116462417205,-6508.0,1.4965339671222024,1.861302276336686,-1.2889681124975243,Aggressive Expansion
ADANIPORTS,Mar 2021,40.23107569721115,69.22709163346613,16.586183108307875,13.104863038494027,1.1778522387569397,3.852771618625277,0.16827116462417205,-6508.0,1.4965339671222024,1.861302276336686,-1.2889681124975243,Aggressive Expansion
ADANIPORTS,Mar 2021,40.23107569721115,69.22709163346613,16.586183108307875,13.104863038494027,1.1778522387569397,3.852771618625277,0.16827116462417205,-6508.0,1.4965339671222024,1.861302276336686,-1.2889681124975243,Aggressive Expansion
ADANIPORTS,Mar 2021,40.23107569721115,69.22709163346613,16.586183108307875,13.104863038494027,1.1778522387569397,3.852771618625277,0.16827116462417205,-6508.0,1.4965339671222024,1.861302276336686,-1.2889681124975243,Aggressive Expansion
ADANIPORTS,Mar 2022,28.93276476429698,55.65745662713943,11.843332297171278,10.615446321137306,1.1461944955883407,3.7452830188679247,0.1741009681881051,4927.0,2.103775489602261,0.5271593090211133,0.994750656167979,Healthy Growth
ADANIPORTS,Mar 2022,28.93276476429698,55.65745662713943,11.843332297171278,10.615446321137306,1.1461944955883407,3.7452830188679247,0.1741009681881051,4927.0,2.103775489602261,0.5271593090211133,0.994750656167979,Healthy Growth
ADANIPORTS,Mar 2022,28.93276476429698,55.65745662713943,11.843332297171278,10.615446321137306,1.1461944955883407,3.7452830188679247,0.1741009681881051,4927.0,2.103775489602261,0.5271593090211133,0.994750656167979,Healthy Growth
ADANIPORTS,Mar 2022,28.93276476429698,55.65745662713943,11.843332297171278,10.615446321137306,1.1461944955883407,3.7452830188679247,0.1741009681881051,4927.0,2.103775489602261,0.5271593090211133,0.994750656167979,Healthy Growth
ADANIPORTS,Mar 2023,25.85363514291195,52.498561289084975,11.8773271056864,11.077380771682705,1.1772455881380952,4.632670334320778,0.18524737258246493,-4816.0,2.2073826748284175,1.4047058823529412,-0.8933407531070302,Aggressive Expansion
ADANIPORTS,Mar 2023,25.85363514291195,52.498561289084975,11.8773271056864,11.077380771682705,1.1772455881380952,4.632670334320778,0.18524737258246493,-4816.0,2.2073826748284175,1.4047058823529412,-0.8933407531070302,Aggressive Expansion
ADANIPORTS,Mar 2023,25.85363514291195,52.498561289084975,11.8773271056864,11.077380771682705,1.1772455881380952,4.632670334320778,0.18524737258246493,-4816.0,2.2073826748284175,1.4047058823529412,-0.8933407531070302,Aggressive Expansion
ADANIPORTS,Mar 2023,25.85363514291195,52.498561289084975,11.8773271056864,11.077380771682705,1.1772455881380952,4.632670334320778,0.18524737258246493,-4816.0,2.2073826748284175,1.4047058823529412,-0.8933407531070302,Aggressive Expansion
ADANIPORTS,Mar 2024,30.339560480700833,58.36172363445772,15.3548827162833,15.246263985603631,0.9373223691689719,5.7039882912550315,0.22830109659056916,8250.0,1.8531589338598222,0.45065920894926087,1.0180157946692991,Healthy Growth
ADANIPORTS,Mar 2024,30.339560480700833,58.36172363445772,15.3548827162833,15.246263985603631,0.9373223691689719,5.7039882912550315,0.22830109659056916,8250.0,1.8531589338598222,0.45065920894926087,1.0180157946692991,Healthy Growth
ADANIPORTS,Mar 2024,30.339560480700833,58.36172363445772,15.3548827162833,15.246263985603631,0.9373223691689719,5.7039882912550315,0.22830109659056916,8250.0,1.8531589338598222,0.45065920894926087,1.0180157946692991,Healthy Growth
ADANIPORTS,Mar 2024,30.339560480700833,58.36172363445772,15.3548827162833,15.246263985603631,0.9373223691689719,5.7039882912550315,0.22830109659056916,8250.0,1.8531589338598222,0.45065920894926087,1.0180157946692991,Healthy Growth
ADANIPORTS,TTM,34.25447386000071,60.348767710860315,,,,6.624855268236202,,,,,,
ADANIPORTS,TTM,34.25447386000071,60.348767710860315,,,,6.624855268236202,,,,,,
ADANIPOWER,Mar 2013,-34.294680215182304,14.34548714883443,-53.459119496855344,2.0829717063009894,9.735616119263918,0.5637110980622431,0.12236688121708601,-1063.0,-1.3076252723311548,1.3542152615794736,0.4631808278867102,Aggressive Expansion
ADANIPOWER,Mar 2014,-1.8984864300626305,29.964770354906058,-4.447501146263182,9.060422543546446,6.747669264863212,1.1035559827006247,0.2609509865676978,-1462.0,-11.127147766323024,1.4515132798023471,5.024054982817869,Aggressive Expansion
ADANIPOWER,Mar 2015,-4.367606915377617,25.03880533104962,-14.253275109170305,9.26942358372798,7.815196506550218,0.9617598684210527,0.3195095256011219,1087.0,-7.137254901960785,0.8133585164835165,-1.3321078431372548,Healthy Growth
ADANIPOWER,Mar 2016,2.171257437837412,34.6849509398274,7.378146759507231,14.621991129126036,7.06065881092662,1.5830935251798561,0.33481542074570547,2565.0,9.540834845735027,0.5120791325851246,4.655172413793103,Healthy Growth
ADANIPOWER,Mar 2017,-27.299257163070394,26.44145737530951,-205.79999999999998,10.77788191190253,17.494666666666667,1.013215859030837,0.31625903707121983,3513.0,-0.7653061224489796,0.2565079365079365,-0.5689990281827016,Healthy Growth
ADANIPOWER,Mar 2018,-10.35756501182033,26.773049645390074,-236.55793025871765,10.118382845655573,59.43194600674916,0.9759425493716337,0.29202623403520883,4581.0,-2.425582501188778,0.10194079592236817,-2.1783166904422253,Healthy Growth
ADANIPOWER,Mar 2019,-4.119912912409982,20.86333947412494,-12.759336099585061,9.11102172164119,6.091804979253112,0.8808555771610395,0.3513127895859381,4626.0,-5.701219512195122,0.1754010695187166,-4.701219512195122,Healthy Growth
ADANIPOWER,Mar 2020,-8.595284872298626,21.66389602538915,-35.102607622280516,9.296368352788587,8.517049837987965,1.0788334901222953,0.3527890703098967,3294.0,-2.4606593406593404,0.4115755627009646,-1.447912087912088,Healthy Growth
ADANIPOWER,Mar 2021,4.84344609282636,33.13374775942947,9.685045374818882,13.237445148707947,4.005109433386716,1.701527614571093,0.3327284724513362,4826.0,5.522834645669291,0.3119475335044197,3.8,Healthy Growth
ADANIPOWER,Mar 2022,17.725812854101257,35.6573201977554,26.613209080565635,14.61643146652466,2.662675407704394,2.412942612942613,0.33801734548248985,9459.0,2.0832654723127035,0.07563764291996482,1.9256921824104234,Healthy Growth
ADANIPOWER,Mar 2023,27.666159440848016,26.038738297268715,35.90507430713616,13.978345748068563,1.4175257731958764,3.0281943611277744,0.4517891891262045,6886.0,0.7859606600167801,0.18325228324042225,0.6419315745315559,Healthy Growth
ADANIPOWER,Mar 2024,41.36759945184802,36.20186292228556,48.27674122146251,23.441056570774553,0.8023177656738903,5.380165289256198,0.5472399439185297,10689.0,0.6803015027125642,0.24565984474241356,0.5131787411781651,Healthy Growth
ADANIPOWER,TTM,23.213174748398902,38.36230558096981,,,,6.4806800618238025,,,,,,
AMBUJACEM,Dec 2012,13.252641296543235,25.36670427736178,14.686825053995682,27.921418087388506,0.006820506991019666,31.705128205128204,0.7897124341838802,1472.0,1.4396284829721362,0.2086021505376344,1.1393188854489165,Healthy Growth
AMBUJACEM,Dec 2013,13.950442091474729,18.218535094422005,13.506658211794548,17.549947423764458,0.0050729232720355105,24.91044776119403,0.7070855202222909,771.0,0.9913928012519562,0.3914759273875296,0.6032863849765259,Healthy Growth
AMBUJACEM,Dec 2014,14.937217478653944,19.427423405323957,14.766633565044687,19.1409342834521,0.0033763654419066533,29.303030303030305,0.7173223807465052,1219.0,1.1264290517821116,0.27223880597014927,0.8197713517148622,Healthy Growth
AMBUJACEM,Dec 2015,8.562043022146868,16.33993853979019,7.866809463538117,14.962157966233262,0.0034076526141563626,16.76086956521739,0.6677280124531239,1474.0,1.926980198019802,0.05330764290301863,1.8242574257425743,Healthy Growth
AMBUJACEM,Dec 2016,7.136458644371454,15.830596197870012,7.234751021643711,16.025188916876573,0.00146309469754301,20.790849673202615,0.6121740190104802,-1355.0,1.9595536959553697,1.4822064056939501,-0.9449093444909344,Aggressive Expansion
AMBUJACEM,Dec 2017,8.238383667245541,16.34122580371892,9.408862229102168,18.641283339775804,0.0011609907120743034,18.728155339805824,0.6648736939930722,2678.0,1.7562982005141388,0.21604215456674472,1.3768637532133676,Healthy Growth
AMBUJACEM,Dec 2018,11.416612265273992,15.402634307438271,13.29012069736254,17.89825970548862,0.001788109074653554,23.594117647058823,0.6964510176245621,938.0,0.5728220652539522,0.44920728126834997,0.315506222670703,Healthy Growth
AMBUJACEM,Dec 2019,10.267857142857142,16.960596221959857,11.558268959215882,19.059662506737425,0.0017027992358169283,27.041176470588237,0.6745980387276619,3548.0,1.7028386633129715,0.2513188436378983,1.2748832195472513,Healthy Growth
AMBUJACEM,Dec 2020,12.673356175558819,20.41931799641051,13.65294195192688,21.551575684518685,0.02069692841762974,35.75714285714286,0.6172516239488394,3515.0,1.5551979401351785,0.2725579470198676,1.1313163823624075,Healthy Growth
AMBUJACEM,Dec 2021,12.812014500258934,21.439668565510097,14.636743709079436,24.04088111184236,0.01881359943204228,42.534246575342465,0.6407477048999004,3302.0,1.4306116949609269,0.3780372951591637,0.8897871193748316,Healthy Growth
AMBUJACEM,Mar 2023 15,7.766391863779952,13.154583044405063,,,,26.266666666666666,,,,,,
AMBUJACEM,Mar 2024,14.288299155609169,19.300361881785282,11.428984947896565,15.182066184319773,0.01686125048243921,23.18840579710145,0.5081135747230352,-3295.0,1.1916420430561419,1.583599008147361,-0.6954411143942592,Aggressive Expansion
AMBUJACEM,TTM,11.78386605783866,17.72298325722983,,,,19.536912751677853,,,,,,
APOLLOHOSP,Mar 2013,8.039267710267975,16.23772884054126,11.030214779759739,15.454545454545453,0.4415726246814707,5.941747572815534,0.7829248026589115,-290.0,1.462046204620462,1.654627539503386,-0.9570957095709571,Aggressive Expansion
APOLLOHOSP,Mar 2014,7.229745237548772,15.515262795501492,10.581121934833725,15.64452672992363,0.4514612025529056,5.680672268907563,0.814392523364486,17.0,1.1841269841269841,0.9544235924932976,0.05396825396825397,Healthy Growth
APOLLOHOSP,Mar 2015,6.531487619418989,14.369272762721778,10.561160151324085,14.271882261812548,0.6279949558638083,6.245762711864407,0.7940857717912989,-289.0,1.4029850746268657,1.6148936170212767,-0.8626865671641791,Aggressive Expansion
APOLLOHOSP,Mar 2016,3.8211382113821135,11.121951219512196,7.052821128451381,11.093091144988646,0.8505402160864346,3.8,0.8355978260869565,-291.0,2.5404255319148934,1.4874371859296482,-1.2382978723404254,Aggressive Expansion
APOLLOHOSP,Mar 2017,1.8054024255788312,10.115766262403527,3.952926976463488,11.399285603354558,0.9429692214846107,2.8560311284046693,0.8954708132790324,-529.0,4.755725190839694,1.8491171749598716,-4.038167938931298,Aggressive Expansion
APOLLOHOSP,Mar 2018,0.7278903311901006,9.717335921387845,1.8450184501845017,11.992813295403504,1.0538130381303814,2.7152542372881356,0.9589343880874825,132.0,8.95,0.7541899441340782,2.2,Healthy Growth
APOLLOHOSP,Mar 2019,2.0796506186960593,11.126130810023916,5.9988002399520095,15.270443841872414,1.1016796640671866,3.27217125382263,1.0492035784420686,194.0,4.525,0.7856353591160221,0.97,Healthy Growth
APOLLOHOSP,Mar 2020,3.841024273139504,14.145994487418868,12.934131736526947,22.93829296424452,1.0766467065868264,2.9849906191369606,0.996279564177518,1004.0,2.9930555555555554,0.22351121423047177,2.324074074074074,Healthy Growth
APOLLOHOSP,Mar 2021,1.2973484848484849,10.795454545454545,2.976319791440365,13.009243409791168,0.9037584184227677,2.538975501113586,0.9269662921348315,385.0,9.233576642335766,0.6956521739130435,2.81021897810219,Healthy Growth
APOLLOHOSP,Mar 2022,7.556434563186251,14.928732183045762,19.704783923172684,22.587968217934165,0.723457229237062,5.775725593667546,1.1057235502601614,949.0,1.5306859205776173,0.4404481132075472,0.8564981949458483,Healthy Growth
APOLLOHOSP,Mar 2023,5.080664579821816,12.430772935227546,13.617295901903839,19.610636277302945,0.6989351403678606,5.41994750656168,1.152330743618202,520.0,1.6315165876777251,0.6223674655047204,0.6161137440758294,Healthy Growth
APOLLOHOSP,Mar 2024,4.905818773282963,12.56099480560365,13.480392156862745,19.51259271334257,0.7688869665513264,5.33184855233853,1.1383944570541153,383.0,2.053475935828877,0.8005208333333333,0.40962566844919784,Healthy Growth
APOLLOHOSP,TTM,5.979774292833065,13.410523230250623,,,,5.890557939914163,,,,,,
ASIANPAINT,Mar 2013,11.043412033511043,16.536557501904035,34.2789598108747,47.785419532324624,0.0741725768321513,41.357142857142854,1.5483490566037736,724.0,1.0232758620689655,0.3900589721988206,0.6241379310344828,Healthy Growth
ASIANPAINT,Mar 2013,11.043412033511043,16.536557501904035,34.2789598108747,47.785419532324624,0.0741725768321513,41.357142857142854,1.5483490566037736,724.0,1.0232758620689655,0.3900589721988206,0.6241379310344828,Healthy Growth
ASIANPAINT,Mar 2013,11.043412033511043,16.536557501904035,34.2789598108747,47.785419532324624,0.0741725768321513,41.357142857142854,1.5483490566037736,724.0,1.0232758620689655,0.3900589721988206,0.6241379310344828,Healthy Growth
ASIANPAINT,Mar 2013,11.043412033511043,16.536557501904035,34.2789598108747,47.785419532324624,0.0741725768321513,41.357142857142854,1.5483490566037736,724.0,1.0232758620689655,0.3900589721988206,0.6241379310344828,Healthy Growth
ASIANPAINT,Mar 2014,10.335515548281506,16.399345335515548,31.27011636543699,46.73507462686567,0.06164892300074276,41.75,1.513312693498452,816.0,1.110055423594616,0.41797432239657634,0.6460807600950119,Healthy Growth
ASIANPAINT,Mar 2014,10.335515548281506,16.399345335515548,31.27011636543699,46.73507462686567,0.06164892300074276,41.75,1.513312693498452,816.0,1.110055423594616,0.41797432239657634,0.6460807600950119,Healthy Growth
ASIANPAINT,Mar 2014,10.335515548281506,16.399345335515548,31.27011636543699,46.73507462686567,0.06164892300074276,41.75,1.513312693498452,816.0,1.110055423594616,0.41797432239657634,0.6460807600950119,Healthy Growth
ASIANPAINT,Mar 2014,10.335515548281506,16.399345335515548,31.27011636543699,46.73507462686567,0.06164892300074276,41.75,1.513312693498452,816.0,1.110055423594616,0.41797432239657634,0.6460807600950119,Healthy Growth
ASIANPAINT,Mar 2015,10.481087036356959,16.47447668013221,30.09278785322649,43.468992248062015,0.08814846056516237,53.404761904761905,1.5273726722010321,723.0,0.8325157673440785,0.39141414141414144,0.5066573230553609,Healthy Growth
ASIANPAINT,Mar 2015,10.481087036356959,16.47447668013221,30.09278785322649,43.468992248062015,0.08814846056516237,53.404761904761905,1.5273726722010321,723.0,0.8325157673440785,0.39141414141414144,0.5066573230553609,Healthy Growth
ASIANPAINT,Mar 2015,10.481087036356959,16.47447668013221,30.09278785322649,43.468992248062015,0.08814846056516237,53.404761904761905,1.5273726722010321,723.0,0.8325157673440785,0.39141414141414144,0.5066573230553609,Healthy Growth
ASIANPAINT,Mar 2015,10.481087036356959,16.47447668013221,30.09278785322649,43.468992248062015,0.08814846056516237,53.404761904761905,1.5273726722010321,723.0,0.8325157673440785,0.39141414141414144,0.5066573230553609,Healthy Growth
ASIANPAINT,Mar 2016,12.634013033424427,19.09466750753276,27.632183908045977,39.79264018691589,0.04950191570881226,55.61224489795919,1.351548442087319,1377.0,1.2440377149195785,0.3860900579580918,0.7637271214642263,Healthy Growth
ASIANPAINT,Mar 2016,12.634013033424427,19.09466750753276,27.632183908045977,39.79264018691589,0.04950191570881226,55.61224489795919,1.351548442087319,1377.0,1.2440377149195785,0.3860900579580918,0.7637271214642263,Healthy Growth
ASIANPAINT,Mar 2016,12.634013033424427,19.09466750753276,27.632183908045977,39.79264018691589,0.04950191570881226,55.61224489795919,1.351548442087319,1377.0,1.2440377149195785,0.3860900579580918,0.7637271214642263,Healthy Growth
ASIANPAINT,Mar 2016,12.634013033424427,19.09466750753276,27.632183908045977,39.79264018691589,0.04950191570881226,55.61224489795919,1.351548442087319,1377.0,1.2440377149195785,0.3860900579580918,0.7637271214642263,Healthy Growth
ASIANPAINT,Mar 2017,13.384676669764971,19.87783826849024,26.512361914781696,36.67319941205292,0.07364544976328248,80.91891891891892,1.2141878274889157,846.0,0.7574404761904762,0.44597249508840864,0.41964285714285715,Healthy Growth
ASIANPAINT,Mar 2017,13.384676669764971,19.87783826849024,26.512361914781696,36.67319941205292,0.07364544976328248,80.91891891891892,1.2141878274889157,846.0,0.7574404761904762,0.44597249508840864,0.41964285714285715,Healthy Growth
ASIANPAINT,Mar 2017,13.384676669764971,19.87783826849024,26.512361914781696,36.67319941205292,0.07364544976328248,80.91891891891892,1.2141878274889157,846.0,0.7574404761904762,0.44597249508840864,0.41964285714285715,Healthy Growth
ASIANPAINT,Mar 2017,13.384676669764971,19.87783826849024,26.512361914781696,36.67319941205292,0.07364544976328248,80.91891891891892,1.2141878274889157,846.0,0.7574404761904762,0.44597249508840864,0.41964285714285715,Healthy Growth
ASIANPAINT,Mar 2018,12.469539375928678,19.043090638930163,24.94649227110583,35.826903723582696,0.0633769322235434,78.14634146341463,1.2224805638305603,557.0,1.0071496663489037,0.7363937529578798,0.26549094375595805,Healthy Growth
ASIANPAINT,Mar 2018,12.469539375928678,19.043090638930163,24.94649227110583,35.826903723582696,0.0633769322235434,78.14634146341463,1.2224805638305603,557.0,1.0071496663489037,0.7363937529578798,0.26549094375595805,Healthy Growth
ASIANPAINT,Mar 2018,12.469539375928678,19.043090638930163,24.94649227110583,35.826903723582696,0.0633769322235434,78.14634146341463,1.2224805638305603,557.0,1.0071496663489037,0.7363937529578798,0.26549094375595805,Healthy Growth
ASIANPAINT,Mar 2018,12.469539375928678,19.043090638930163,24.94649227110583,35.826903723582696,0.0633769322235434,78.14634146341463,1.2224805638305603,557.0,1.0071496663489037,0.7363937529578798,0.26549094375595805,Healthy Growth
ASIANPAINT,Mar 2019,11.476091476091476,19.56860706860707,23.3132720937599,34.89018626633305,0.13937282229965156,34.22727272727273,1.1840728660225244,1552.0,1.118659420289855,0.37165991902834006,0.7028985507246377,Healthy Growth
ASIANPAINT,Mar 2019,11.476091476091476,19.56860706860707,23.3132720937599,34.89018626633305,0.13937282229965156,34.22727272727273,1.1840728660225244,1552.0,1.118659420289855,0.37165991902834006,0.7028985507246377,Healthy Growth
ASIANPAINT,Mar 2019,11.476091476091476,19.56860706860707,23.3132720937599,34.89018626633305,0.13937282229965156,34.22727272727273,1.1840728660225244,1552.0,1.118659420289855,0.37165991902834006,0.7028985507246377,Healthy Growth
ASIANPAINT,Mar 2019,11.476091476091476,19.56860706860707,23.3132720937599,34.89018626633305,0.13937282229965156,34.22727272727273,1.1840728660225244,1552.0,1.118659420289855,0.37165991902834006,0.7028985507246377,Healthy Growth
ASIANPAINT,Mar 2020,13.725199148978279,20.568007520657066,27.38400789733465,36.9576813655761,0.11036525172754195,40.754901960784316,1.2523856735654977,2520.0,1.0951694304253785,0.17050691244239632,0.9084354722422494,Healthy Growth
ASIANPAINT,Mar 2020,13.725199148978279,20.568007520657066,27.38400789733465,36.9576813655761,0.11036525172754195,40.754901960784316,1.2523856735654977,2520.0,1.0951694304253785,0.17050691244239632,0.9084354722422494,Healthy Growth
ASIANPAINT,Mar 2020,13.725199148978279,20.568007520657066,27.38400789733465,36.9576813655761,0.11036525172754195,40.754901960784316,1.2523856735654977,2520.0,1.0951694304253785,0.17050691244239632,0.9084354722422494,Healthy Growth
ASIANPAINT,Mar 2020,13.725199148978279,20.568007520657066,27.38400789733465,36.9576813655761,0.11036525172754195,40.754901960784316,1.2523856735654977,2520.0,1.0951694304253785,0.17050691244239632,0.9084354722422494,Healthy Growth
ASIANPAINT,Mar 2021,14.769953484087875,22.36448210749321,25.042948617835393,34.93776530685661,0.0853506168983289,52.78260869565217,1.0667157946450503,3142.0,1.1484253196133458,0.14689112136844965,0.9797318366074212,Healthy Growth
ASIANPAINT,Mar 2021,14.769953484087875,22.36448210749321,25.042948617835393,34.93776530685661,0.0853506168983289,52.78260869565217,1.0667157946450503,3142.0,1.1484253196133458,0.14689112136844965,0.9797318366074212,Healthy Growth
ASIANPAINT,Mar 2021,14.769953484087875,22.36448210749321,25.042948617835393,34.93776530685661,0.0853506168983289,52.78260869565217,1.0667157946450503,3142.0,1.1484253196133458,0.14689112136844965,0.9797318366074212,Healthy Growth
ASIANPAINT,Mar 2021,14.769953484087875,22.36448210749321,25.042948617835393,34.93776530685661,0.0853506168983289,52.78260869565217,1.0667157946450503,3142.0,1.1484253196133458,0.14689112136844965,0.9797318366074212,Healthy Growth
ASIANPAINT,Mar 2022,10.60101027456101,16.50802377925157,22.335650159281784,31.19683096304955,0.11490008688097307,50.56842105263158,1.2675755727850857,669.0,0.3196110210696921,0.32150101419878296,0.21685575364667747,Healthy Growth
ASIANPAINT,Mar 2022,10.60101027456101,16.50802377925157,22.335650159281784,31.19683096304955,0.11490008688097307,50.56842105263158,1.2675755727850857,669.0,0.3196110210696921,0.32150101419878296,0.21685575364667747,Healthy Growth
ASIANPAINT,Mar 2022,10.60101027456101,16.50802377925157,22.335650159281784,31.19683096304955,0.11490008688097307,50.56842105263158,1.2675755727850857,669.0,0.3196110210696921,0.32150101419878296,0.21685575364667747,Healthy Growth
ASIANPAINT,Mar 2022,10.60101027456101,16.50802377925157,22.335650159281784,31.19683096304955,0.11490008688097307,50.56842105263158,1.2675755727850857,669.0,0.3196110210696921,0.32150101419878296,0.21685575364667747,Healthy Growth
ASIANPAINT,Mar 2023,12.163298442981821,18.150714720635566,26.231865932966482,34.92329149232915,0.12087293646823412,43.47222222222222,1.3378719112455875,2911.0,0.999523241954708,0.3057476746959218,0.6939213349225268,Healthy Growth
ASIANPAINT,Mar 2023,12.163298442981821,18.150714720635566,26.231865932966482,34.92329149232915,0.12087293646823412,43.47222222222222,1.3378719112455875,2911.0,0.999523241954708,0.3057476746959218,0.6939213349225268,Healthy Growth
ASIANPAINT,Mar 2023,12.163298442981821,18.150714720635566,26.231865932966482,34.92329149232915,0.12087293646823412,43.47222222222222,1.3378719112455875,2911.0,0.999523241954708,0.3057476746959218,0.6939213349225268,Healthy Growth
ASIANPAINT,Mar 2023,12.163298442981821,18.150714720635566,26.231865932966482,34.92329149232915,0.12087293646823412,43.47222222222222,1.3378719112455875,2911.0,0.999523241954708,0.3057476746959218,0.6939213349225268,Healthy Growth
ASIANPAINT,Mar 2024,15.658543456824905,21.3692069305536,29.677488252883382,35.774926893689276,0.1321016659547202,37.0,1.187084044011906,3556.0,1.0982367758186398,0.41743119266055045,0.6397984886649875,Healthy Growth
ASIANPAINT,Mar 2024,15.658543456824905,21.3692069305536,29.677488252883382,35.774926893689276,0.1321016659547202,37.0,1.187084044011906,3556.0,1.0982367758186398,0.41743119266055045,0.6397984886649875,Healthy Growth
ASIANPAINT,Mar 2024,15.658543456824905,21.3692069305536,29.677488252883382,35.774926893689276,0.1321016659547202,37.0,1.187084044011906,3556.0,1.0982367758186398,0.41743119266055045,0.6397984886649875,Healthy Growth
ASIANPAINT,Mar 2024,15.658543456824905,21.3692069305536,29.677488252883382,35.774926893689276,0.1321016659547202,37.0,1.187084044011906,3556.0,1.0982367758186398,0.41743119266055045,0.6397984886649875,Healthy Growth
ASIANPAINT,TTM,13.295627458298643,19.181189170566448,,,,29.431718061674008,,,,,,
ATGL,Mar 2018,11.790393013100436,26.637554585152838,15.94488188976378,15.501905972045742,1.3238188976377954,2.928,0.49018908312522297,,,,,
ATGL,Mar 2019,13.321698662012798,26.46887725421757,20.780399274047188,30.414438502673796,0.35753176043557167,5.055555555555555,0.83935546875,,,,,
ATGL,Mar 2020,23.253333333333334,31.733333333333334,29.63970088375255,31.332280147446024,0.2909585316111489,14.512195121951219,0.7572697899838449,,,,,
ATGL,Mar 2021,27.299528301886795,41.509433962264154,23.94002068252327,28.583028826634187,0.27352637021716647,17.6,0.529338327091136,,,,,
ATGL,Mar 2022,16.754443712969056,25.44437129690586,21.06788079470199,22.39930454940597,0.4283940397350993,14.584905660377359,0.6881087202718007,,,,,
ATGL,Mar 2023,12.47144814984011,19.872087711283694,18.56511390683441,19.94040797616319,0.48350901054063244,11.153846153846153,0.7755535872453498,,,,,
ATGL,Mar 2024,14.927374301675977,24.670391061452516,18.65921787709497,21.491142690286157,0.43491620111731844,9.945945945945946,0.6788531553398058,,,,,
ATGL,TTM,13.841690841276419,23.891421467053462,,,,10.877358490566039,,,,,,
BAJAJ-AUTO,Mar 2013,15.645443196004994,18.257178526841447,38.84686918784873,44.688913335778025,0.014383137011779294,3656.0,1.5840056953013764,824.0,0.7079476540057453,0.6284941388638413,0.26300670284072775,Healthy Growth
BAJAJ-AUTO,Mar 2013,15.645443196004994,18.257178526841447,38.84686918784873,44.688913335778025,0.014383137011779294,3656.0,1.5840056953013764,824.0,0.7079476540057453,0.6284941388638413,0.26300670284072775,Healthy Growth
BAJAJ-AUTO,Mar 2014,16.785022595222724,20.673387297015445,33.24481164551982,40.70995501662429,0.0058030884233303826,4163.0,1.3154559707342566,1430.0,1.036094674556213,0.5916619074814392,0.4230769230769231,Healthy Growth
BAJAJ-AUTO,Mar 2014,16.785022595222724,20.673387297015445,33.24481164551982,40.70995501662429,0.0058030884233303826,4163.0,1.3154559707342566,1430.0,1.036094674556213,0.5916619074814392,0.4230769230769231,Healthy Growth
BAJAJ-AUTO,Mar 2015,14.012502894188469,19.115536003704563,27.273546642631818,36.834121531185865,0.010094637223974764,688.0,1.3525616935988976,1734.0,0.6986120290812955,0.17975402081362346,0.5730337078651685,Healthy Growth
BAJAJ-AUTO,Mar 2015,14.012502894188469,19.115536003704563,27.273546642631818,36.834121531185865,0.010094637223974764,688.0,1.3525616935988976,1734.0,0.6986120290812955,0.17975402081362346,0.5730337078651685,Healthy Growth
BAJAJ-AUTO,Mar 2016,17.989722689820148,21.23239124656685,28.96576319543509,33.901541943697836,0.008416547788873038,4793.0,1.3093967517401393,3622.0,0.9086431913321842,0.01842818428184282,0.8918985471558729,Healthy Growth
BAJAJ-AUTO,Mar 2016,17.989722689820148,21.23239124656685,28.96576319543509,33.901541943697836,0.008416547788873038,4793.0,1.3093967517401393,3622.0,0.9086431913321842,0.01842818428184282,0.8918985471558729,Healthy Growth
BAJAJ-AUTO,Mar 2017,18.7497127097219,20.358538267065043,22.843862007168457,24.638406764574988,0.006720430107526882,4429.0,1.0054071540807838,-343.0,0.8009316008825692,1.1049892868074687,-0.08408923755822506,Aggressive Expansion
BAJAJ-AUTO,Mar 2017,18.7497127097219,20.358538267065043,22.843862007168457,24.638406764574988,0.006720430107526882,4429.0,1.0054071540807838,-343.0,0.8009316008825692,1.1049892868074687,-0.08408923755822506,Aggressive Expansion
BAJAJ-AUTO,Mar 2018,16.735422451408173,19.22253074176914,20.656058751529986,23.586099484084492,0.005924112607099143,4846.0,1.0027445209021122,2374.0,1.0258355060440862,0.45147874306839186,0.5626925811803745,Healthy Growth
BAJAJ-AUTO,Mar 2018,16.735422451408173,19.22253074176914,20.656058751529986,23.586099484084492,0.005924112607099143,4846.0,1.0027445209021122,2374.0,1.0258355060440862,0.45147874306839186,0.5626925811803745,Healthy Growth
BAJAJ-AUTO,Mar 2019,16.2329534224916,17.12234007510376,21.211208195239532,22.25361760424694,0.005380278052769767,1299.5,1.0528542692654506,2214.0,0.5046672077922078,0.1097708082026538,0.4492694805194805,Healthy Growth
BAJAJ-AUTO,Mar 2019,16.2329534224916,17.12234007510376,21.211208195239532,22.25361760424694,0.005380278052769767,1299.5,1.0528542692654506,2214.0,0.5046672077922078,0.1097708082026538,0.4492694805194805,Healthy Growth
BAJAJ-AUTO,Mar 2020,17.42036832781844,17.076105484808984,24.06056689133044,23.448687350835325,0.005816637429600221,1703.0,1.1285929837797057,2084.0,0.7386799693016116,0.4587012987012987,0.39984650805832694,Healthy Growth
BAJAJ-AUTO,Mar 2020,17.42036832781844,17.076105484808984,24.06056689133044,23.448687350835325,0.005816637429600221,1703.0,1.1285929837797057,2084.0,0.7386799693016116,0.4587012987012987,0.39984650805832694,Healthy Growth
BAJAJ-AUTO,Mar 2021,17.508381096571863,17.800367686817346,17.808821911780882,18.025845075563993,0.0044366223004436624,705.4285714285714,0.8255758585798464,251.0,0.6423718344657195,0.919551282051282,0.05167799052913321,Healthy Growth
BAJAJ-AUTO,Mar 2021,17.508381096571863,17.800367686817346,17.808821911780882,18.025845075563993,0.0044366223004436624,705.4285714285714,0.8255758585798464,251.0,0.6423718344657195,0.919551282051282,0.05167799052913321,Healthy Growth
BAJAJ-AUTO,Mar 2022,18.60310755770101,15.866646553024587,20.650390167118793,17.540524314588755,0.004119360996684417,584.3333333333334,0.9440061519182023,3921.0,0.6806681803438209,0.06576125804145819,0.6359065844956211,Healthy Growth
BAJAJ-AUTO,Mar 2022,18.60310755770101,15.866646553024587,20.650390167118793,17.540524314588755,0.004119360996684417,584.3333333333334,0.9440061519182023,3921.0,0.6806681803438209,0.06576125804145819,0.6359065844956211,Healthy Growth
BAJAJ-AUTO,Mar 2023,16.62323412426279,17.734192840488273,20.638921054424088,21.925659635081054,0.004223145562291397,161.625,1.037539845173042,4066.0,0.8707920792079208,0.2294864506348304,0.670957095709571,Healthy Growth
BAJAJ-AUTO,Mar 2023,16.62323412426279,17.734192840488273,20.638921054424088,21.925659635081054,0.004223145562291397,161.625,1.037539845173042,4066.0,0.8707920792079208,0.2294864506348304,0.670957095709571,Healthy Growth
BAJAJ-AUTO,Mar 2024,17.178515712057056,19.534209939826162,26.61418410330778,28.389583468290468,0.06601754022512257,146.08333333333334,1.1404534363562424,6486.0,0.8508043591074209,0.010978956999085087,0.8414634146341463,Healthy Growth
BAJAJ-AUTO,Mar 2024,17.178515712057056,19.534209939826162,26.61418410330778,28.389583468290468,0.06601754022512257,146.08333333333334,1.1404534363562424,6486.0,0.8508043591074209,0.010978956999085087,0.8414634146341463,Healthy Growth
BAJAJ-AUTO,TTM,15.073619631901842,18.697341513292436,,,,55.75,,,,,,
AXISBANK,Mar 2013,19.05234889452967,1353.0,15.6191567645817,2.5235874831517977,,1.2689665699893147,0.07981900293048468,-8366.0,0.4968140567677158,4.251457442673922,-1.6153697625024135,Aggressive Expansion
AXISBANK,Mar 2014,20.293071374955126,2307.0,16.194395249505156,2.5947330470624954,,1.3023632680621202,0.0793089167852983,298.0,2.326149887423609,0.9793971238938053,0.04792537793502734,Healthy Growth
AXISBANK,Mar 2015,20.739028721215366,3097.0,16.369663396293575,2.46397704096885,,1.3301852958756724,0.07593265174652161,-23134.0,-2.060614297363414,-0.5257881545970189,-3.1440608861103563,Cash Burn
AXISBANK,Mar 2016,20.064409095344978,3466.0,15.355029033402415,2.5426614343676825,,1.4264219400277451,0.07501642608627218,-43706.0,-4.19443093385214,-0.26702420640672564,-5.314445525291829,Cash Burn
AXISBANK,Mar 2017,8.259620133806294,-5715.0,6.525363604114934,4.077990192132123,,2.0364382858609185,0.07284508276883928,19751.0,8.754824680619734,0.3867863019652892,5.368578418048383,Healthy Growth
AXISBANK,Mar 2018,0.6028833551769331,-10277.0,0.42985967262136526,4.276736448244015,,2.634722348864776,0.06505585452953874,-48397.0,-139.09420289855072,-0.2606668403230008,-175.3514492753623,Cash Burn
AXISBANK,Mar 2019,8.505801476739535,-5447.0,6.898026606884752,3.482312085950464,,2.068164508758568,0.06754655142338394,18451.0,7.937780628608082,0.503003367003367,3.9450502458841137,Healthy Growth
AXISBANK,Mar 2020,2.5975892073122058,-9859.0,1.8844104702339586,3.9681919977548357,,2.256935058248053,0.06750392295489033,20931.0,18.694529809465273,0.31184245134139926,12.86478180700676,Healthy Growth
AXISBANK,Mar 2021,10.400025258106274,-2510.0,6.359441666505782,3.3274816720729032,,2.5887964774951078,0.06328240118680725,-41655.0,1.9175774134790529,4.297316551887913,-6.322859744990892,Aggressive Expansion
AXISBANK,Mar 2022,19.33152262641554,3170.0,11.01377461716035,2.630082057296147,,1.9684646212469614,0.056345695985629454,1025.0,2.1602303262955855,0.9635710985535061,0.07869481765834933,Healthy Growth
AXISBANK,Mar 2023,11.248884505189986,13857.0,7.381666037401469,2.2693531614057836,,1.8019575048008425,0.06334636995339248,-10276.0,2.3042797494780793,1.4655039637599094,-1.072651356993737,Aggressive Expansion
AXISBANK,Mar 2024,22.73130411725443,11952.0,15.832712405189048,2.612569500628303,,1.6907138401212014,0.0720367478374617,-14556.0,-0.2234423394071035,-1.6203420342034203,-0.5854953541691806,Cash Burn
AXISBANK,TTM,21.86824024730853,9061.0,,,,1.7654795388820663,,,,,,
BAJAJFINSV,Mar 2013,27.48603351955307,48.80198634388579,28.377339143809277,18.905400856057327,,3.264950166112957,0.12322166131252868,-9875.0,-3.1264679313459802,-0.42661080612539726,-4.460252935862692,Cash Burn
BAJAJFINSV,Mar 2014,36.37722065415906,74.5641706790636,23.528780068728523,15.583469239043687,,2.875160051216389,0.08097280292539961,-13571.0,-4.476038338658147,-0.3838074844498827,-6.193975353719763,Cash Burn
BAJAJFINSV,Mar 2015,21.25275694750772,48.619320688134096,21.724231220128054,14.734900136359991,,2.4713004484304935,0.12847395384685134,-14440.0,-4.454545454545454,-0.34563414406858634,-5.994188459941885,Cash Burn
BAJAJFINSV,Mar 2016,13.514829786197827,32.82033799249987,20.405912199426428,13.570004631400897,,2.3423705248522766,0.19752575732797184,-10681.0,-3.5297297297297296,-0.09045431342521695,-3.849009009009009,Cash Burn
BAJAJFINSV,Mar 2017,14.077610478638755,35.553107275472314,21.360906445421335,13.522573836388185,,2.344725511302476,0.19054690780163902,-11073.0,-3.165797101449275,-0.013825306720380882,-3.2095652173913045,Cash Burn
BAJAJFINSV,Mar 2018,12.707686689793682,32.82819061530034,20.387638529512277,12.518276126157488,,2.3809313617303025,0.20346223856755452,-20502.0,-4.688697318007663,-0.04708886618998979,-4.9094827586206895,Cash Burn
BAJAJFINSV,Mar 2019,12.61354301138364,35.29397957986152,22.636899747262003,12.176300063160964,,2.258825296680186,0.20441111558907632,-33979.0,-5.038332713062895,-0.2549490323533757,-6.322850762932639,Cash Burn
BAJAJFINSV,Mar 2020,11.028315946348734,33.59275818292212,19.148936170212767,11.518225519512471,,1.9218947368421053,0.21627590488014517,-33317.0,-3.898732065398732,-0.4256921562754076,-5.558391725058391,Cash Burn
BAJAJFINSV,Mar 2021,12.158370742012146,32.415170319514125,20.56098241696902,11.955006665002953,,2.1178563726547335,0.21651985920777572,863.0,0.6172118908646668,0.8102045304596437,0.11714402063255057,Healthy Growth
BAJAJFINSV,Mar 2022,12.153904628248984,31.364207818027655,20.657440306109773,10.651554417006743,,2.228164918475439,0.20516896461745643,-35115.0,-4.049795525619437,-0.04291654291654292,-4.223598749097907,Cash Burn
BAJAJFINSV,Mar 2023,14.877181011794521,36.39243590993274,26.310685887904846,11.546669140842457,,2.412600969305331,0.2024464665849369,-53425.0,-3.2334152334152333,-0.35321681864235055,-4.375511875511876,Cash Burn
BAJAJFINSV,Mar 2024,14.128209309488865,37.04045949520755,25.850351412279537,11.706431579821395,,2.1973450851829956,0.2053943414307379,-79634.0,-4.403590894517474,-0.1595946064012581,-5.106380250080154,Cash Burn
BAJAJFINSV,TTM,13.083801271948234,36.01926138298631,,,,2.108633160237389,,,,,,
BAJAJHLDNG,Mar 2013,550.7418397626113,95.54896142433235,17.941034316094733,3.112614789753504,,,0.03127610208816705,104.0,0.2548491379310345,0.7801268498942917,0.05603448275862069,Healthy Growth
BAJAJHLDNG,Mar 2014,469.97635933806146,94.56264775413712,16.56804733727811,3.3336111342611883,,,0.03398136246786632,353.0,0.4386317907444668,0.5951834862385321,0.17756539235412475,Healthy Growth
BAJAJHLDNG,Mar 2015,387.2137404580153,92.36641221374046,15.149705069812589,3.6138281191667287,,,0.037716835816598286,332.0,0.39231148348940365,0.5829145728643216,0.16362740266140957,Healthy Growth
BAJAJHLDNG,Mar 2016,481.9148936170213,91.27659574468086,14.810697704832275,2.805204995749689,,,0.030377456049638055,128.0,0.506401766004415,0.8884045335658239,0.0565121412803532,Healthy Growth
BAJAJHLDNG,Mar 2017,293.70546318289786,74.58432304038006,13.879223257380177,3.5245257604669433,,,0.047068030633350105,-1295.0,-0.3732308936514355,-0.40303358613217766,-0.523655479175091,Cash Burn
BAJAJHLDNG,Mar 2018,632.1428571428571,84.52380952380952,10.535296218404032,1.408674258957978,,,0.016621156357592308,508.0,0.6143126177024482,0.688534641324341,0.19133709981167607,Healthy Growth
BAJAJHLDNG,Mar 2019,707.1925754060325,80.51044083526682,11.308993766696348,1.2874740279014545,,,0.0159582345971564,465.0,0.20603674540682415,0.25955414012738853,0.15255905511811024,Healthy Growth
BAJAJHLDNG,Mar 2020,708.0459770114943,69.19540229885057,11.093901955840508,1.0776556514267301,,23.153846153846153,0.013290965199058938,1120.0,0.6233766233766234,0.4166666666666667,0.36363636363636365,Healthy Growth
BAJAJHLDNG,Mar 2021,799.562363238512,77.02407002188184,9.831301961417386,0.9436238372248881,,88.0,0.010046163992086172,-36.0,0.07443897099069513,1.1323529411764706,-0.009852216748768473,Aggressive Expansion
BAJAJHLDNG,Mar 2022,852.4793388429752,75.82644628099173,9.630736193455022,0.8543626035943757,,122.33333333333333,0.009031872807344929,1459.0,0.39020843431895297,0.09378881987577639,0.353611245758604,Healthy Growth
BAJAJHLDNG,Mar 2023,947.5095785440614,72.79693486590038,11.194604137431535,0.8582721626199887,,54.285714285714285,0.009814243814394224,1591.0,0.3493732308936514,0.07928240740740741,0.3216740800646987,Healthy Growth
BAJAJHLDNG,Mar 2024,432.7262044653349,91.7743830787309,13.576787656460265,2.8760817529000184,,781.0,0.026119918356071883,1469.0,0.26354378818737273,0.2431736218444101,0.19945689069925324,Healthy Growth
BAJAJHLDNG,TTM,431.9676860934795,89.67109059434507,,,,777.0,,,,,,
BAJFINANCE,Mar 2015,16.654302670623146,1367.0,18.708333333333332,5.569861707200763,,67.38461538461539,0.16449054301403296,-7424.0,-7.866369710467706,-0.05096262740656852,-8.267260579064589,Cash Burn
BAJFINANCE,Mar 2016,17.522948349088914,1986.0,17.220950585700823,5.295599748042832,,67.25714285714285,0.1553871372916356,-10557.0,-7.716966379984362,-0.0696048632218845,-8.254104769351056,Cash Burn
BAJFINANCE,Mar 2017,18.415245737211634,2867.0,19.125,5.52251486830926,,147.72727272727272,0.15643878175456213,-13486.0,-5.685729847494553,-0.291886195995785,-7.345315904139434,Cash Burn
BAJFINANCE,Mar 2018,19.58261415345991,3935.0,15.749621403331652,4.993629027364845,,411.5,0.15031014882426472,-21641.0,-8.239583333333334,-0.05227073811144608,-8.670272435897436,Cash Burn
BAJFINANCE,Mar 2019,21.609779845296696,6310.0,20.2822764888054,4.496846271179454,,419.53846153846155,0.1488090925921454,-34441.0,-7.27459324155194,-0.18508705526116578,-8.621026282853567,Cash Burn
BAJFINANCE,Mar 2020,19.959050580116784,7608.0,16.283098243009157,5.649031048392071,,1017.6666666666666,0.1604345736688748,-33170.0,-4.637537993920972,-0.35875798787481566,-6.30129179331307,Cash Burn
BAJFINANCE,Mar 2021,16.5710643722116,6314.0,11.972479549271359,6.43065641463762,,3613.0,0.15555490756400536,-1236.0,-0.18257918552036198,-0.5315985130111525,-0.27963800904977376,Cash Burn
BAJFINANCE,Mar 2022,22.211687367655887,9906.0,16.07759705350811,5.685706764938141,,-698.8235294117648,0.14889461944603918,-43437.0,-5.277461582242458,-0.17112429226206524,-6.180563460443938,Cash Burn
BAJFINANCE,Mar 2023,27.7897177078554,16018.0,21.16530567203708,4.682692520530359,,-2538.6,0.15046180230065473,-52506.0,-3.659367396593674,-0.24681800911854104,-4.5625651720542235,Cash Burn
BAJFINANCE,Mar 2024,26.287928399912687,19987.0,18.841921351830603,4.350587230638684,,2683.1666666666665,0.14630251608816688,-79931.0,-5.034945678499758,-0.09855689939527212,-5.531174313196319,Cash Burn
BAJFINANCE,TTM,24.709773760015413,21417.0,,,,653.2068965517242,,,,,,
BANKBARODA,Mar 2013,13.251193677624718,1006.0,14.509344390361157,2.0185299203279787,,2.4273996896475283,0.06514631194503984,22682.0,4.803478981155519,0.022158992929815484,4.697038724373576,Healthy Growth
BANKBARODA,Mar 2014,12.4459382645874,809.0,13.306206568552328,1.8400476466815308,,2.169036903690369,0.059847301598570636,41503.0,8.386219221604447,0.017285061444841713,8.241262907069103,Healthy Growth
BANKBARODA,Mar 2015,8.794389402204164,902.0,9.400733019182256,1.903318864566976,,2.4712791337860156,0.06119493273530382,17282.0,4.5159493670886075,0.031169413611391413,4.375189873417722,Healthy Growth
BANKBARODA,Mar 2016,-10.98932291098059,-11700.0,-11.841517069383338,3.8294881598216692,,4.237483311081442,0.06626271570214692,-14016.0,1.9890721239817206,-0.4000599340725202,2.7848201867673357,Cash Burn
BANKBARODA,Mar 2017,4.171070087468801,-4372.0,4.307242204007709,2.7835376522269746,,2.425349628323044,0.06183538742185936,17314.0,9.630727762803234,0.03084242933109432,9.333692722371968,Healthy Growth
BANKBARODA,Mar 2018,-3.986451276706618,-9197.0,-3.9427908774642444,3.6296890845026337,,3.26488988988989,0.061588989510508216,-60106.0,32.5119825708061,-0.006935602760838973,32.73747276688453,Cash Burn
BANKBARODA,Mar 2019,2.203908819415567,-5414.0,2.1201541930322207,3.269989815720272,,3.273107645492583,0.06454548781826833,-3986.0,-1.2427101200686106,-1.7508626639061422,-3.4185248713550602,Cash Burn
BANKBARODA,Mar 2020,1.2434248051207302,-11728.0,1.2890255439924314,3.5441037128248123,,3.3289311787384137,0.06574939475888278,18392.0,18.889908256880734,0.007500944363499002,18.748216106014272,Healthy Growth
BANKBARODA,Mar 2021,2.1799391770056786,-6957.0,1.9662580410243962,3.3116932260345884,,2.5920882413018314,0.061791002829544674,-1358.0,-0.5475308641975308,-0.5310033821871477,-0.8382716049382716,Cash Burn
BANKBARODA,Mar 2022,10.810111058118144,-2948.0,8.635121749447583,2.9375195740682742,,2.606321639458145,0.05475998062861488,2565.0,0.7828060002521114,0.5869565217391305,0.32333291314761126,Healthy Growth
BANKBARODA,Mar 2023,15.877802821074463,6329.0,14.282994621864736,2.6409062430274783,,2.349062980030722,0.06193380698630487,-22450.0,-1.423125624791736,-0.05132527863632107,-1.4961679440186604,Cash Burn
BANKBARODA,Mar 2024,15.93948250956673,4102.0,15.761863790899902,2.8204469854601983,,1.8966195136544297,0.07153782236255685,-7559.0,-0.3325030473263024,-0.204813516098183,-0.40060416556256295,Cash Burn
BANKBARODA,TTM,16.226317824461916,3526.0,,,,1.9514848573948838,,,,,,
BHARTIARTL,Mar 2013,2.9461837368578374,29.838720158030853,4.50498787806526,19.61420834116421,1.326179404634156,5.080770081876522,0.48709881623092993,3932.0,9.972651080723423,0.8260792639773531,1.7344508160564622,Healthy Growth
BHARTIARTL,Mar 2014,3.516025342401938,30.87673530233858,5.05221233014258,19.544127620676438,1.2700984001606532,4.509610477972444,0.47310074273246205,1052.0,8.689301093077178,0.9598978386002364,0.3484597548857237,Healthy Growth
BHARTIARTL,Mar 2015,5.252806942695706,34.96529692719118,12.690750936470824,27.276121826092602,2.097066143751414,7.557804768331084,0.5282045081043647,5758.0,5.558438985736926,0.7947895505898286,1.140649762282092,Healthy Growth
BHARTIARTL,Mar 2016,7.140637301620188,35.2049061451125,10.323498577205331,20.299135088641467,1.5073536019170286,3.97659723847414,0.4300402722834028,13851.0,4.053677643986653,0.5042946102641185,2.0094298563760336,Healthy Growth
BHARTIARTL,Mar 2017,4.442326224494071,37.00716470440357,6.286967994426079,20.21803198947037,1.5904650369865247,3.7006389441709437,0.41092965797470754,-2400.0,6.668238622966282,1.084865629420085,-0.5659042678613535,Aggressive Expansion
BHARTIARTL,Mar 2018,2.6428199760403683,36.398068708479045,3.1408643129359315,16.630268315742335,1.60112173725462,3.2252841518335837,0.33119056111509654,1914.0,13.66941391941392,0.9358879882092852,0.8763736263736264,Healthy Growth
BHARTIARTL,Mar 2019,2.0896261450854174,31.894033176528847,2.3633843439788302,13.088071688739197,1.7561289780602887,2.425531914893617,0.29478954551757863,-8216.0,11.889810426540285,1.4093672147483807,-4.867298578199052,Aggressive Expansion
BHARTIARTL,Mar 2020,-35.02895852134477,41.821359622568224,-39.748525503921186,16.244181867393166,1.9214207012768163,2.616495140080046,0.2437794319545742,-11469.0,-0.5912144534307331,1.6326327982790005,0.3740216540568745,Aggressive Expansion
BHARTIARTL,Mar 2021,-12.28830404707005,45.00178897988392,-20.972639221074417,20.420045278662204,2.7612674503417978,3.0003975879663374,0.2921342442446221,20919.0,-3.8988191523778712,0.5660408671299658,-1.691928178582983,Healthy Growth
BHARTIARTL,Mar 2022,7.125880546045801,49.36549203325697,12.478588815097515,24.354871482271665,2.5494786188658836,3.4625662012518057,0.32265985985875134,13539.0,6.624563515954245,0.7539124270679972,1.6302227573750752,Healthy Growth
BHARTIARTL,Mar 2023,8.830356822020196,51.22282511049624,15.84131609143535,23.477599206806705,2.914018281912768,3.692953367875648,0.3129969835139251,26093.0,5.31659477496541,0.600566398775354,2.12362659721657,Healthy Growth
BHARTIARTL,Mar 2024,5.706018055499993,52.20093077836007,10.35839213740181,26.253894054880604,2.6094723973904306,3.456905687036383,0.3393112060793767,27809.0,9.219210095816779,0.6475322568379427,3.249474176209395,Healthy Growth
BHARTIARTL,TTM,8.886144663553686,51.92567437193687,,,,3.6002943275062433,,,,,,
BEL,Mar 2013,14.522556990275785,10.664753706360592,15183.333333333334,2230.0,4.0,95.57142857142857,139.4,-3292.0,-1.6893523600439078,-1.1390513320337883,-3.6136114160263446,Cash Burn
BEL,Mar 2014,14.605707272169377,14.191469776004908,13600.0,3303.5714285714284,3.0,132.14285714285714,141.69565217391303,-1328.0,-0.5976890756302521,-1.3339191564147628,-1.3949579831932772,Cash Burn
BEL,Mar 2015,16.875793035387,16.622021711546594,17100.0,3572.7272727272725,3.7142857142857144,168.42857142857142,144.75510204081633,595.0,1.1979949874686717,0.5850767085076709,0.49707602339181284,Healthy Growth
BEL,Mar 2016,18.18058199619255,18.94207234158281,11141.666666666668,3764.8648648648646,2.0833333333333335,139.3,141.42307692307693,790.0,1.6903515332834704,0.6504424778761062,0.5908750934928946,Healthy Growth
BEL,Mar 2017,17.594731977818853,20.70240295748614,10153.333333333334,4072.7272727272725,1.9333333333333333,99.55555555555556,112.41558441558442,-3176.0,-0.04005252790544977,-51.0655737704918,-2.0853578463558766,Cash Burn
BEL,Mar 2018,13.758292471877704,19.603884241899816,4616.129032258064,2581.012658227848,1.5483870967741935,339.8333333333333,85.95867768595042,-693.0,-0.480083857442348,-0.008733624454148471,-0.48427672955974843,Cash Burn
BEL,Mar 2019,15.512989148306477,23.914830647813222,3851.020408163265,3030.208333333333,0.9591836734693877,181.8125,96.53968253968254,618.0,0.8023317435082141,0.5918097754293263,0.3275039745627981,Healthy Growth
BEL,Mar 2020,14.073103022825418,21.275447254781,3318.181818181818,2786.868686868687,0.8,344.875,106.29508196721312,1921.0,1.4082191780821918,0.2525291828793774,1.0526027397260274,Healthy Growth
BEL,Mar 2021,14.88411652136934,22.779785952229073,3559.322033898305,2975.925925925926,0.8305084745762712,321.4,92.82236842105263,2498.0,2.4252380952380954,0.5095228745336736,1.1895238095238094,Healthy Growth
BEL,Mar 2022,15.616866215512754,21.759500260281104,3478.260869565217,2633.070866141732,0.8405797101449275,371.55555555555554,94.28220858895706,-665.0,1.7529166666666667,1.1580698835274543,-0.27708333333333335,Aggressive Expansion
BEL,Mar 2023,16.837712867937295,23.063042742754032,3981.333333333333,3587.7192982456136,0.52,215.26315789473685,123.15277777777777,-1509.0,0.4015405224380442,2.2585487906588826,-0.5053583389149364,Aggressive Expansion
BEL,Mar 2024,19.661535425300965,24.921057825143084,4744.047619047619,3977.165354330709,0.5119047619047619,420.9166666666667,125.88819875776397,-1265.0,1.1691342534504392,1.271517493024254,-0.3174404015056462,Aggressive Expansion
BEL,TTM,21.047508690614137,26.45654692931634,,,,815.4285714285714,,,,,,
BHEL,Mar 2013,13.686276915526655,19.39144837740016,21.90906412648532,28.522874244292716,0.08831712985695113,74.0859375,0.6809295719735999,646.0,0.26281189302256086,0.6327458783399659,0.09651875093381145,Healthy Growth
BHEL,Mar 2014,8.852152372285838,11.574530471929426,10.557414609146544,12.093281216987112,0.14147900274336017,34.42857142857143,0.5251622837875509,3644.0,1.2884066247858366,0.19237588652482268,1.0405482581382068,Healthy Growth
BHEL,Mar 2015,4.629186220987772,6.835232895955048,4.238898471073172,5.931405141843971,0.055222615254187736,23.27173913043478,0.44127467140019444,171.0,0.5662068965517242,0.7917174177831913,0.11793103448275861,Healthy Growth
BHEL,Mar 2016,-2.768084689276612,-5.320525387178984,-2.1847439269689,-4.172046977802373,0.006529475475785239,-3.7694444444444444,0.3889320950943166,351.0,-0.5297450424929179,0.06149732620320856,-0.4971671388101983,Healthy Growth
BHEL,Mar 2017,1.5984542420516425,3.846829439662744,1.4047979252215257,3.364572130895683,0.0048164500293309456,2.651331719128329,0.4613601737495543,-5.0,1.2307692307692308,1.0089285714285714,-0.01098901098901099,Aggressive Expansion
BHEL,Mar 2018,1.5194088875013008,5.734207513789156,1.3545693520952529,5.094775774387425,0.0034018865006958405,5.009090909090909,0.450844541757898,28.0,2.2579908675799087,0.9716885743174924,0.0639269406392694,Healthy Growth
BHEL,Mar 2019,3.2916132847146935,6.675207778982293,3.2422987315557856,6.065309533759178,0.08406678747087756,5.375661375661376,0.47202667080167465,-5779.0,-3.852295409181637,-0.4971502590673575,-5.76746506986028,Cash Burn
BHEL,Mar 2020,-6.839677584680613,-0.6196710618273308,-5.12212142358688,-0.3941908713692946,0.17725052337752967,-0.2169657422512235,0.35599011461080426,-4769.0,1.9700272479564032,-0.6490318118948825,3.2486376021798367,Cash Burn
BHEL,Mar 2021,-15.59882142238142,-17.615113524755905,-10.391409767925182,-9.856468610590289,0.1905476657814725,-6.528907922912206,0.30931022158684773,518.0,-0.2074074074074074,0.075,-0.19185185185185186,Healthy Growth
BHEL,Mar 2022,2.0979680354533023,3.9036349064164817,1.678865162604693,2.642328312484044,0.18222289292990265,1.8482142857142858,0.3721815725289958,-458.0,1.4831460674157304,1.6939393939393939,-1.0292134831460673,Aggressive Expansion
BHEL,Mar 2023,2.7990584207147444,4.468221699122619,2.682746738862909,3.4995977473853577,0.22372631060792517,1.7058823529411764,0.4051921476137625,-2221.0,-1.1330275229357798,-1.9973009446693657,-3.3960244648318043,Cash Burn
BHEL,Mar 2024,1.180262001423011,2.9757669610346125,1.1539405843358703,2.1355199134979275,0.36238644733611586,0.8586956521739131,0.399628688031043,-5044.0,-13.166666666666666,-0.3584702396983571,-17.886524822695037,Cash Burn
BHEL,TTM,1.7226028722951263,4.064568575078388,,,,1.4075067024128687,,,,,,
BOSCHLTD,Dec 2012,11.063633213996997,15.59071486314817,17.19002332675399,23.263829053937616,0.041270410909743406,225.0,1.0957985320172108,47.0,0.9091858037578288,0.9460390355912744,0.049060542797494784,Healthy Growth
BOSCHLTD,Dec 2013,10.106200753682767,14.71965284914925,14.061010486177311,19.90118882198549,0.029075309818875118,,0.9849285794623777,211.0,1.1943502824858756,0.8003784295175024,0.2384180790960452,Healthy Growth
BOSCHLTD,Mar 2015,11.070660268078768,16.390865464173423,18.211514904042467,26.562080986859748,0.015108207431604737,141.5,1.1586616815262198,213.0,1.0433482810164425,0.8474212034383954,0.1591928251121076,Healthy Growth
BOSCHLTD,Mar 2016,15.781878156891041,19.3588289867024,16.056633455689564,19.593114241001565,0.005243838489774515,144.46153846153845,0.7802622054210568,323.0,0.8608752449379491,0.7549317147192717,0.21097322011757022,Healthy Growth
BOSCHLTD,Mar 2017,16.684235745088642,18.811691423095354,19.786339356745085,22.309353335606318,0.0,72.70370370370371,0.8843220338983051,211.0,0.8368753589890867,0.8551818805765271,0.12119471568064331,Healthy Growth
BOSCHLTD,Mar 2018,11.72797262617622,17.904191616766468,13.736098587315901,20.96984270113215,0.0,697.6666666666666,0.8393767501974582,559.0,1.261123267687819,0.6766917293233082,0.4077315827862874,Healthy Growth
BOSCHLTD,Mar 2019,13.223003723624327,17.823748448489862,17.508491289580366,23.60030678207516,0.0,165.69230769230768,0.9508261211644374,-1173.0,0.3710888610763454,2.9780775716694774,-0.7340425531914894,Aggressive Expansion
BOSCHLTD,Mar 2020,6.604348709611868,15.068075594391384,7.011866235167206,15.871147260273974,0.007982740021574973,148.3,0.7388888888888889,463.0,2.0553846153846154,0.6534431137724551,0.7123076923076923,Healthy Growth
BOSCHLTD,Mar 2021,4.959868285655484,11.967483021197777,4.9068512674335745,11.774830414093348,0.005497302249821846,83.07142857142857,0.6577771761202111,372.0,1.7323651452282158,0.5544910179640719,0.7717842323651453,Healthy Growth
BOSCHLTD,Mar 2022,10.329315905618742,12.408759124087592,11.386601796407184,13.58609794628752,0.0068300898203592815,50.41379310344828,0.764568462037638,238.0,0.22267871815940837,0.12177121771217712,0.19556285949055052,Healthy Growth
BOSCHLTD,Mar 2023,9.538482148837831,12.124053854913257,12.930173431399256,16.35640701247063,0.004812494324888767,150.83333333333334,0.9181991512393136,952.0,0.8525280898876404,0.2158154859967051,0.6685393258426966,Healthy Growth
BOSCHLTD,Mar 2024,14.886112273569676,12.524660728164047,20.639920424403183,17.30975791126167,0.003232758620689655,41.07843137254902,0.9638144626908672,970.0,0.5032128514056224,0.22585794094173983,0.3895582329317269,Healthy Growth
BOSCHLTD,TTM,12.151603498542274,12.921282798833818,,,,170.46153846153845,,,,,,
BPCL,Mar 2013,0.7994021000821699,2.770242091658718,11.540983606557377,13.436273331731154,1.9765722801788375,2.664416203335981,3.0414050334053346,2322.0,3.0609504132231407,0.6081673979075262,1.1993801652892562,Healthy Growth
BPCL,Mar 2014,1.5327829484042492,3.5602316003645704,20.848765432098766,17.90006084575601,1.705349794238683,4.749747729566095,2.9891589418946416,2707.0,2.3656550703182826,0.7176679182311222,0.6679003207500617,Healthy Growth
BPCL,Mar 2015,2.0948235352311233,4.031360522345609,22.524598883077743,20.352103883131477,1.1298643737257335,8.288135593220339,2.81038437478279,10206.0,4.0814639905549,0.507954874168354,2.0082644628099175,Healthy Growth
BPCL,Mar 2016,4.306897745121529,6.906264142906584,29.103403612290425,25.342893986167013,0.8414765776786357,19.075,2.173231353127676,1886.0,1.3745827667202373,0.8303804298947747,0.23315613796513784,Healthy Growth
BPCL,Mar 2017,4.723951682227666,6.84866162155716,30.847853596807163,20.712611204616493,1.1591875141957884,19.80316091954023,1.844883853106723,-6233.0,0.9509834858525297,1.6894148877336579,-0.6556221731355844,Aggressive Expansion
BPCL,Mar 2018,4.150999385319739,6.493143135717163,26.740216827330077,20.62117989175799,1.0284005570878505,12.914839797639123,1.9599770680315065,4002.0,1.1303104575163399,0.6384170581857608,0.40870098039215685,Healthy Growth
BPCL,Mar 2019,2.859576294488073,5.067297955241997,21.999226106023475,18.075690158365628,1.1566877337804722,8.566893424036282,2.1780085593678336,-294.0,1.1910178236397748,1.0289455547898,-0.03447467166979362,Aggressive Expansion
BPCL,Mar 2020,1.2882504251999494,3.1538591287969298,10.035037775101282,8.798329542780959,1.792291689477718,3.403488813045127,1.8863316982632905,-3254.0,2.1497545008183305,1.412891765004441,-0.8876159301691217,Aggressive Expansion
BPCL,Mar 2021,7.524840227483046,9.124086005621908,32.340584445896745,19.429718652566912,1.0182429278312015,12.188624492164829,1.4298289207220862,20981.0,1.3542147806004619,0.10547857599658922,1.2113741339491917,Healthy Growth
BPCL,Mar 2022,3.3685995311297003,5.518309298684223,22.50650226375108,16.435215005281737,1.243309893073885,7.343438219493477,1.849265980195063,12198.0,1.7407978085944187,0.40017702596380805,1.04417051874679,Healthy Growth
BPCL,Mar 2023,0.45035049568141133,2.3033177158290488,3.9815403011845594,8.868329834496901,1.2962146407084938,2.9102803738317755,2.5154936765386027,4660.0,5.849835757860159,0.6261832183539227,2.1867667761614267,Healthy Growth
BPCL,Mar 2024,5.994201967046283,9.837909494446341,35.511337343822305,33.84830382235054,0.7218747934157467,10.62472885032538,2.213651947949293,25415.0,1.3379500353698945,0.2927704808548531,0.9462377601548829,Healthy Growth
BPCL,TTM,3.082129528434631,5.9591428205951065,,,,7.295054945054945,,,,,,
BRITANNIA,Mar 2013,4.203718674211803,6.806790622473727,46.59498207885305,44.882729211087415,0.6810035842293907,10.268292682926829,3.2846521508231548,292.0,1.2307692307692308,0.0875,1.123076923076923,Healthy Growth
BRITANNIA,Mar 2014,5.713872414291914,9.069868363951974,49.49874686716792,66.13924050632912,0.18796992481203006,78.375,3.280968201233982,425.0,1.6987341772151898,0.36661698956780925,1.0759493670886076,Healthy Growth
BRITANNIA,Mar 2015,8.768134385339781,11.071519470603207,55.34136546184739,62.589928057553955,0.11646586345381527,217.5,2.8134622269960614,134.0,0.8476052249637155,0.7705479452054794,0.19448476052249636,Healthy Growth
BRITANNIA,Mar 2016,9.824937477670597,14.576634512325832,39.4359464627151,55.06072874493927,0.06261950286806883,244.8,2.403262736119061,254.0,1.1624242424242424,0.735140771637122,0.30787878787878786,Healthy Growth
BRITANNIA,Mar 2017,9.774685222001326,14.115308151093439,32.826409495548965,45.30308401276143,0.046364985163204746,255.6,2.2034558286687758,291.0,0.49830508474576274,0.3401360544217687,0.3288135593220339,Healthy Growth
BRITANNIA,Mar 2018,10.127092999798265,15.14020576961872,29.47739283617146,41.613529248683115,0.05901350557839107,187.625,1.9109483423284503,292.0,1.2440239043824701,0.7662129703763011,0.2908366533864542,Healthy Growth
BRITANNIA,Mar 2019,10.44776119402985,15.66711895070104,27.157300728897248,39.283284191426624,0.03667999059487421,192.44444444444446,1.7722026290477717,304.0,1.000865800865801,0.7370242214532872,0.2632034632034632,Healthy Growth
BRITANNIA,Mar 2020,12.017241379310345,15.887931034482758,31.66023166023166,31.021713516243054,0.3493072904837611,23.935064935064936,1.4814814814814814,-41.0,1.0652797704447632,1.0276094276094276,-0.029411764705882353,Aggressive Expansion
BRITANNIA,Mar 2021,14.091047503045068,19.10018270401949,52.17023675310034,44.25044091710759,0.5980834272829764,22.603603603603602,1.642,1443.0,1.0135062128579146,0.2308102345415778,0.779578606158833,Healthy Growth
BRITANNIA,Mar 2022,10.724391624221845,15.570175438596493,59.26505082095387,43.67930144870014,0.9698983580922595,15.284722222222221,1.8780390593862097,386.0,0.8575197889182058,0.703076923076923,0.2546174142480211,Healthy Growth
BRITANNIA,Mar 2023,14.207717317955954,17.36703269738053,65.53480475382003,43.3471137651202,0.8480475382003395,16.75147928994083,1.743236017538231,1019.0,1.0906735751295338,0.5965954077593032,0.43998272884283246,Healthy Growth
BRITANNIA,Mar 2024,12.725863199952292,18.886039716142882,54.14869322506978,52.730602730602726,0.5239786856127886,19.3109756097561,1.8484347442680775,2096.0,1.2057169634489222,0.18538670812281383,0.9821930646672915,Healthy Growth
BRITANNIA,TTM,12.346323358849455,18.186035722570168,,,,25.917355371900825,,,,,,
CANBK,Mar 2013,8.790724977986498,655.0,11.896250397203687,1.798781703620992,,2.1816807738814994,0.08124982114069311,7575.0,2.674457429048414,0.054307116104868915,2.5292153589315527,Healthy Growth
CANBK,Mar 2014,6.7525903462218855,-672.0,8.854718981972429,2.0155243061438353,,2.3252895752895753,0.07896785008681076,13864.0,5.330838323353293,0.02667789946644201,5.188622754491018,Healthy Growth
CANBK,Mar 2015,6.689795266245178,-621.0,9.020682014034225,1.9365389676303622,,2.1766321571941685,0.07843948166528812,5240.0,2.1644489935175706,0.17402269861286254,1.787785738655749,Healthy Growth
CANBK,Mar 2016,-5.756261495492632,-8008.0,-7.821659981487196,3.2988822567062743,,3.3773262438283327,0.07812142445341257,8903.0,-3.686785009861933,0.04739995720094158,-3.5120315581854045,Healthy Growth
CANBK,Mar 2017,3.403526545577345,-5775.0,4.06804093988756,2.755015863595901,,1.9983443708609272,0.06954017300753658,2099.0,1.824946846208363,0.18485436893203883,1.4875974486180015,Healthy Growth
CANBK,Mar 2018,-9.367517233039061,-13350.0,-10.496788356776973,4.259031420803692,,3.457961611246283,0.06547784015773594,-11607.0,2.871159308029951,-0.04379496402877698,2.996901626646011,Cash Burn
CANBK,Mar 2019,1.4514817209234425,-11590.0,1.8466926689484995,4.012952622611031,,2.74573533864944,0.06736744204343177,17492.0,26.20258620689655,0.04085101716291056,25.132183908045977,Healthy Growth
CANBK,Mar 2020,-3.8606081311923472,-12867.0,-4.661942435567636,3.779236963190184,,2.2721417069243155,0.0671112969356927,-5734.0,2.7532535137948986,-0.08413688788050672,2.984903695991671,Cash Burn
CANBK,Mar 2021,4.2090729221527905,-18367.0,4.73802275276398,3.86653824790281,,1.881529931560253,0.05955965885006019,58002.0,19.99256002705445,0.018877499238810515,19.615150490361852,Healthy Growth
CANBK,Mar 2022,8.720650295975302,-13657.0,8.802046854676176,3.428857953728088,,1.7440680116736456,0.056096772374083344,-510.0,0.14923676518350112,1.5549510337323178,-0.08281909710945112,Aggressive Expansion
CANBK,Mar 2023,13.209524363975083,-9877.0,14.534809234632434,3.2520943359787835,,1.6889239881539981,0.06218909075110606,-41134.0,-3.523843102688409,-0.028915903747060885,-3.6257382106654914,Cash Burn
CANBK,Mar 2024,13.935160470145405,-7745.0,16.716051794688113,3.15654898752525,,1.6109055365496054,0.0719985042520674,13296.0,0.9769495487306019,0.11630998271965971,0.8633205635997663,Healthy Growth
CANBK,TTM,13.879489413025997,-8985.0,,,,1.580114496282161,,,,,,
CHOLAFIN,Mar 2013,11.98443579766537,472.0,15.778688524590164,3.995122234481157,,688.0,0.14099188062321702,-3759.0,-12.188311688311689,-0.0013319126265316996,-12.204545454545455,Cash Burn
CHOLAFIN,Mar 2014,11.222933821286977,578.0,16.09094884127678,4.577153521265101,,932.0,0.1522001485332343,-2530.0,-6.649456521739131,-0.033919084593379646,-6.875,Cash Burn
CHOLAFIN,Mar 2015,11.951547779273216,696.0,16.598130841121495,4.68950276243094,,,0.15564772917714095,-2304.0,-5.099099099099099,-0.0176678445229682,-5.1891891891891895,Cash Burn
CHOLAFIN,Mar 2016,13.64499288087328,899.0,15.66757493188011,4.8291119926762285,,633.0,0.15109899960557927,-2946.0,-4.885217391304348,-0.048771804912780346,-5.1234782608695655,Cash Burn
CHOLAFIN,Mar 2017,15.296122709842352,1143.0,16.70544439274081,4.660016214882442,,440.6666666666667,0.15340871952415192,-1690.0,-2.0445682451253484,-0.15122615803814715,-2.3537604456824512,Cash Burn
CHOLAFIN,Mar 2018,16.51376146788991,1451.0,17.912195121951218,3.339086411230008,,,0.12586320103244503,-7986.0,-8.633986928104575,-0.00757002271006813,-8.699346405228757,Cash Burn
CHOLAFIN,Mar 2019,16.840180078784467,1888.0,19.281572164948454,2.8745046235138707,,1632.0,0.12363889372064707,-9328.0,-7.783625730994152,-0.0011806375442739079,-7.79281537176274,Cash Burn
CHOLAFIN,Mar 2020,12.098255280073463,1699.0,12.853658536585366,3.830393165097698,,,0.13600174841549845,-2129.0,-1.9686907020872866,-0.026024096385542168,-2.019924098671727,Cash Burn
CHOLAFIN,Mar 2021,15.871856412396953,2094.0,15.84375,3.972453293331515,,52.017857142857146,0.12838272332672418,-10594.0,-5.817225509533202,-0.19733273056057865,-6.965154503616042,Cash Burn
CHOLAFIN,Mar 2022,21.225857311785575,2924.0,18.302319653326535,3.6148894901350337,,34.833333333333336,0.12303887097165304,-7211.0,-2.586350974930362,-0.29438161909890503,-3.3477251624883935,Cash Burn
CHOLAFIN,Mar 2023,20.684570009313877,3515.0,18.576606719643106,3.241602807419609,,16.45909090909091,0.113388543215961,-29253.0,-10.170731707317072,-0.07924737133370227,-10.976735459662288,Cash Burn
CHOLAFIN,Mar 2024,17.846892448990243,4548.0,17.455213596692694,3.495209907313654,,21.11764705882353,0.12230192869816066,-38538.0,-10.433625730994152,-0.08001008883782193,-11.26842105263158,Cash Burn
CHOLAFIN,TTM,17.118478357479336,5175.0,,,,26.016129032258064,,,,,,
CIPLA,Mar 2013,18.661674115231307,2214.0,17.130502272979268,60.73502904065692,0.10721809513249805,24.755102040816325,0.7101561159718648,-665.0,0.9048543689320389,1.4756795422031475,-0.43042071197411,Aggressive Expansion
CIPLA,Mar 2014,13.80123857269242,2147.0,13.968759327430105,71.03283476413841,0.1241667495771565,31.97609561752988,0.7591791044776119,298.0,1.1132478632478633,0.8093410108765196,0.21225071225071226,Healthy Growth
CIPLA,Mar 2015,10.832966064345527,2163.0,11.377522680985003,73.43462614954018,0.15765598963154973,55.99390243902439,0.7239948947032546,223.0,0.9544344995931652,0.8098891730605285,0.18144833197721724,Healthy Growth
CIPLA,Mar 2016,10.029006526468455,2480.0,12.00833550403751,67.64758657814463,0.45168012503256055,54.375,0.6551380113069505,-2792.0,1.2588575560375994,2.603676048248133,-2.0187997107736804,Aggressive Expansion
CIPLA,Mar 2017,7.190496040016674,2496.0,8.250956632653061,71.42942906885995,0.3278858418367347,57.20192307692308,0.6897311802194642,1078.0,2.301449275362319,0.5474391267842149,1.0415458937198068,Healthy Growth
CIPLA,Mar 2018,9.349432567959884,2826.0,9.958535385480358,67.27233044142523,0.2880033733923677,44.03214285714286,0.668460283156177,629.0,1.0324629498941424,0.5700615174299385,0.44389555398729713,Healthy Growth
CIPLA,Mar 2019,9.118689646742451,3097.0,9.938715694111377,68.63100165562915,0.2875033306687983,27.80922431865828,0.6885784024913728,3.0,1.133378016085791,0.9982259018332348,0.0020107238605898124,Healthy Growth
CIPLA,Mar 2020,8.755545178613122,3206.0,9.515955084692001,74.95559502664298,0.17864619678995114,40.48255813953488,0.731417837168595,2954.0,2.0453333333333332,0.037157757496740544,1.9693333333333334,Healthy Growth
CIPLA,Mar 2021,12.468684759916492,4252.0,13.036123540325221,73.28908554572271,0.10989850485648806,56.04135338345865,0.7708710521021928,1381.0,1.571787358727501,0.6322237017310253,0.5780661364587694,Healthy Growth
CIPLA,Mar 2022,11.703349722005237,4553.0,12.221102634230602,78.59980819290314,0.05066935367784655,173.84848484848484,0.8103287783445656,1468.0,1.3058500196309384,0.5586289837642814,0.5763643502159403,Healthy Growth
CIPLA,Mar 2023,12.45110534874522,5027.0,12.103216986371597,73.21767864518793,0.03430597684453369,60.49829351535836,0.7765529010238907,862.0,1.1429579950582422,0.7337862878319951,0.3042710907165549,Healthy Growth
CIPLA,Mar 2024,16.11701714906495,6291.0,15.554557028383135,71.45791307537137,0.020931625851868495,35.29528985507246,0.7922417237881536,1152.0,0.9951853635050554,0.7213352685050798,0.2773230621088108,Healthy Growth
CIPLA,TTM,18.48337719135688,6906.0,,,,24.42214111922141,,,,,,
COALINDIA,Mar 2013,25.41030408620412,18087.0,35.80623865324311,100.88193342306688,0.026922759531275788,5.737659963436928,0.6154365983979528,7276.0,0.5248329108089421,0.2012295531891536,0.41922101866789585,Healthy Growth
COALINDIA,Mar 2014,21.402673917969636,17766.0,35.63814734459013,124.0946878962942,0.0041977171964908975,7.370902496861487,0.6728544473879815,5945.0,0.9611566966649021,0.5907056798623064,0.3933959767072525,Healthy Growth
COALINDIA,Mar 2015,18.519967620075555,17343.0,34.01729735087849,139.2924609307917,0.010110772433276337,8.641856925418569,0.6661453980065968,13488.0,1.0477161797916514,0.0621610346266166,0.9825890580607561,Healthy Growth
COALINDIA,Mar 2016,18.323679377351947,18714.0,40.95828668216921,164.15130994671404,0.034421382022794475,9.959084020878937,0.6856375484325467,5000.0,0.9219878040232705,0.6198874866960621,0.35045910142286396,Healthy Growth
COALINDIA,Mar 2017,11.872473261347935,12448.0,37.84974304592544,238.68952491646084,0.12293009217717596,12.361926260346126,0.6591278976616324,16006.0,1.7738146551724139,0.027641091063726385,1.7247844827586207,Healthy Growth
COALINDIA,Mar 2018,8.25629956360565,9288.0,34.87957181088314,349.7697550193406,0.07622162751511548,15.26753768844221,0.6793920507527635,13368.0,3.000142085819835,0.36689557186834004,1.8994032395566922,Healthy Growth
COALINDIA,Mar 2019,17.536601530335588,25007.0,66.01398601398601,260.1744287458573,0.08353808353808354,12.783510455947892,0.7486487096022433,8460.0,0.9365551992670637,0.4827586206896552,0.48442510306917086,Healthy Growth
COALINDIA,Mar 2020,17.38134887593672,21581.0,51.93270516528283,193.05019305019303,0.20008085331343098,11.561142147734326,0.64044794027463,3944.0,0.2980239520958084,0.20755475185854932,0.2361676646706587,Healthy Growth
COALINDIA,Mar 2021,14.109257325661476,18628.0,34.78284681526918,168.3835668128862,0.16112602004490936,19.08017103153394,0.5589906302972351,10410.0,0.8338844276491891,0.017182779456193353,0.819555975436939,Healthy Growth
COALINDIA,Mar 2022,15.839219796746114,24721.0,40.27999907285075,182.1698780461667,0.08145006142363767,21.985256078634247,0.6114436344992086,15392.0,2.365462078490045,0.6255625562556255,0.8857175739440672,Healthy Growth
COALINDIA,Mar 2023,22.94578016954547,44232.0,52.13911214108443,144.25998097400804,0.07118320924346268,14.332317073170731,0.6244557263907207,12269.0,1.1264382309365444,0.6566575250461745,0.386754090092362,Healthy Growth
COALINDIA,Mar 2024,26.25628846856468,47971.0,45.16982956605826,105.7129732333927,0.0788468512027076,11.237732253454025,0.6018691588785047,13617.0,0.48443897348069254,0.24780423134287136,0.3643929460247799,Healthy Growth
COALINDIA,TTM,24.47836497349068,46610.0,,,,11.506077348066299,,,,,,
DABUR,Mar 2013,12.47557003257329,16.156351791530945,36.563245823389025,30.560690080098585,0.5494033412887828,16.8135593220339,1.3038861754087916,248.0,1.1357702349869452,0.7149425287356321,0.3237597911227154,Healthy Growth
DABUR,Mar 2014,12.978180787758573,16.463587418532164,34.48795180722892,34.54221165279429,0.26656626506024095,21.51851851851852,1.3286897590361446,994.0,1.1986899563318778,0.0947176684881603,1.0851528384279476,Healthy Growth
DABUR,Mar 2015,13.701090442591404,16.93393200769724,31.84257602862254,32.28962818003914,0.21884317233154443,33.0,1.2766131673763512,171.0,0.9803370786516854,0.836676217765043,0.1601123595505618,Healthy Growth
DABUR,Mar 2016,16.118251928020566,19.511568123393317,30.064732678014867,30.5064308681672,0.19299928074802206,31.625,1.122331217541835,457.0,0.9465709728867624,0.6149957877000842,0.36443381180223283,Healthy Growth
DABUR,Mar 2017,16.811137378513266,19.858156028368796,26.408087476789767,25.97045688766747,0.20115535382710956,28.0,0.9847387480600104,420.0,0.95859375,0.6577017114914425,0.328125,Healthy Growth
DABUR,Mar 2018,17.586117586117584,20.94017094017094,23.79950928846828,24.337748344370862,0.16438836312653346,30.50943396226415,0.8873822109859802,551.0,0.8041237113402062,0.49542124542124544,0.4057437407952872,Healthy Growth
DABUR,Mar 2019,16.981796829125074,20.434527304756312,25.67471590909091,27.483809824672246,0.12411221590909091,29.0,1.0092449922958397,1161.0,1.0366528354080222,0.22548365577051369,0.8029045643153527,Healthy Growth
DABUR,Mar 2020,16.672423719055843,20.63327576280944,21.91946715107478,25.140291806958476,0.07901907356948229,35.84,0.9301702902431188,1097.0,1.1146408839779005,0.32032218091697645,0.7575966850828729,Healthy Growth
DABUR,Mar 2021,17.72641706755909,20.937042459736457,22.116388308977037,24.49528936742934,0.06641440501043841,64.58064516129032,0.8826733130250162,711.0,1.247787610619469,0.6638297872340425,0.4194690265486726,Healthy Growth
DABUR,Mar 2022,15.997795940857745,20.681421618146754,20.782629444046766,23.926901827454312,0.12288236697685516,57.743589743589745,0.8864376424617388,529.0,1.034443168771527,0.7064372918978913,0.3036739380022962,Healthy Growth
DABUR,Mar 2023,14.752818733738074,18.751084128360798,18.956870611835505,21.306790184290925,0.13083695531037556,27.71794871794872,0.8445648989159098,905.0,0.8747795414462081,0.3918010752688172,0.5320399764844209,Healthy Growth
DABUR,Mar 2024,14.600128990648178,19.348597226701063,18.355969997972835,21.369423915946932,0.13835394283397526,19.35483870967742,0.8205874569992061,1042.0,1.1115405853119824,0.4823646299056135,0.5753727222528989,Healthy Growth
DABUR,TTM,14.139953402426286,18.807744838113603,,,,15.401315789473685,,,,,,
DIVISLAB,Mar 2013,28.065268065268068,38.04195804195804,24.070371851259495,32.202052091554854,0.013194722111155539,272.0,0.6833386428798981,225.0,0.7973421926910299,0.53125,0.37375415282392027,Healthy Growth
DIVISLAB,Mar 2014,30.529225908372826,40.20537124802528,26.07962213225371,34.13816230717639,0.006072874493927126,339.3333333333333,0.6824797843665769,252.0,0.720569210866753,0.547576301615799,0.3260025873221216,Healthy Growth
DIVISLAB,Mar 2015,27.351524879614768,37.65650080256822,24.37070938215103,33.29548680102186,0.007723112128146453,391.0,0.7071509648127128,305.0,0.9694835680751174,0.6307506053268765,0.357981220657277,Healthy Growth
DIVISLAB,Mar 2016,29.81991525423729,37.6853813559322,26.22874446773818,32.825836216839676,0.009783368273934312,284.6,0.7709269089424254,632.0,0.9218472468916519,0.3911368015414258,0.5612788632326821,Healthy Growth
DIVISLAB,Mar 2017,26.08267716535433,35.67913385826771,19.787194325182007,26.88670498794734,0.006720179204778794,483.3333333333333,0.6602761982128351,10.0,1.0849056603773586,0.991304347826087,0.009433962264150943,Healthy Growth
DIVISLAB,Mar 2018,22.539193009509123,32.61372397841172,14.801687763713081,21.19238476953908,0.010632911392405063,634.5,0.5734708916728076,298.0,0.8848346636259977,0.615979381443299,0.33979475484606614,Healthy Growth
DIVISLAB,Mar 2019,27.355438738374442,37.88920339668419,19.448037947391118,26.532634857709187,0.015236452493891045,374.8,0.6154803384768541,269.0,0.70509977827051,0.7180293501048218,0.19881744271988175,Healthy Growth
DIVISLAB,Mar 2020,25.528364849833146,33.852428624397476,18.83720930232558,24.84691794802014,0.00533515731874145,260.85714285714283,0.6322822646817489,1133.0,0.8830791575889615,0.06825657894736842,0.8228031953522149,Healthy Growth
DIVISLAB,Mar 2021,28.46893384990673,41.13933132443679,21.34480903711673,30.827956989247312,0.0005379236148466917,1433.5,0.6470151332281125,1872.0,0.9813508064516129,0.03852080123266564,0.9435483870967742,Healthy Growth
DIVISLAB,Mar 2022,33.035714285714285,43.359375,25.2387448840382,33.1145584725537,0.00034106412005457026,1942.5,0.6706586826347305,-283.0,0.6459459459459459,1.1480125523012552,-0.0956081081081081,Aggressive Expansion
DIVISLAB,Mar 2023,23.483970645036695,30.513711857860176,14.286833241951907,18.557669720460417,0.0003133077465340331,1185.0,0.5384402079722703,-248.0,1.3481359649122806,1.1008540056933713,-0.13596491228070176,Aggressive Expansion
DIVISLAB,Mar 2024,20.395156150414277,28.170809432759718,11.78984599513669,16.281125681449833,0.0002210596124088129,552.5,0.5074385510996119,992.0,0.788125,0.21332275971451228,0.62,Healthy Growth
DIVISLAB,TTM,21.31413977246343,29.69584397492454,,,,852.6666666666666,,,,,,
DLF,Mar 2013,8.580985462498392,33.87366525151164,2.5924054568774535,5.031626822603146,1.0338528508686695,1.137856525496975,0.1202375980323913,14.0,3.0119940029985006,0.9930313588850174,0.020989505247376312,Healthy Growth
DLF,Mar 2014,7.1101470233791275,30.04338394793926,2.1536776784084686,4.8381462505822075,0.8809271764920606,1.0121802679658953,0.12860131731886865,-2456.0,2.488135593220339,2.673024523160763,-4.16271186440678,Aggressive Expansion
DLF,Mar 2015,6.628317427114655,39.40384363969146,1.8524608133289489,5.811352768779885,0.8949906828894004,1.3081597222222223,0.11543569466662643,1939.0,4.017751479289941,0.048109965635738834,3.824457593688363,Healthy Growth
DLF,Mar 2016,3.07273826314729,39.955671972597216,1.2671901616186798,8.039243508402084,1.049648926004404,1.4798507462686568,0.1607996241636832,2139.0,9.695081967213115,0.2766317213391951,7.0131147540983605,Healthy Growth
DLF,Mar 2017,8.612090986497993,41.9170417224182,2.881211085337566,6.408182240818223,1.1883774874862654,1.1563758389261745,0.12854551709040873,-1770.0,-1.268361581920904,-0.9710467706013363,-2.5,Cash Burn
DLF,Mar 2018,66.75115550916952,35.455494259728646,12.678768655659708,4.503617287223969,0.49534139503270935,0.8058285327007794,0.11070396962944623,-1832.0,0.060308242126423946,7.785185185185185,-0.40920259102077283,Aggressive Expansion
DLF,Mar 2019,15.706430791298112,25.67535261773847,3.913509649749821,4.228512933580062,0.5129258994519895,1.0417070805043647,0.12583668005354753,2040.0,1.5547945205479452,0.0014684287812041115,1.552511415525114,Healthy Growth
DLF,Mar 2020,-9.699161597895776,18.839388459641622,-1.7127761488663744,2.693301997649824,0.23523093447905477,0.803083391730904,0.10883879048130256,-6152.0,-0.6033898305084746,18.280898876404493,10.427118644067797,Aggressive Expansion
DLF,Mar 2021,20.003694126339123,27.133357960842257,3.0641693073789047,3.478569737153682,0.19482797645993663,1.7221570926143024,0.10121896500149566,1310.0,1.348107109879963,0.10273972602739725,1.2096029547553093,Healthy Growth
DLF,Mar 2022,26.237537169844323,30.488018191359107,4.125185633353501,4.2990331491712706,0.1150101754578956,2.7888,0.111732171125921,2565.0,1.888,0.09427966101694915,1.71,Healthy Growth
DLF,Mar 2023,35.71553994732221,30.307287093942055,5.397086528511158,4.207600984861413,0.08846551861384562,4.403061224489796,0.10832762687362094,1914.0,1.1676499508357916,0.19410526315789473,0.9410029498525073,Healthy Growth
DLF,Mar 2024,42.38369379181578,33.04807841916913,6.908270142781061,4.7983734327346665,0.12259389820192235,5.966292134831461,0.10880495691479457,1010.0,0.9320851688693098,0.6022055927530524,0.3707782672540382,Healthy Growth
DLF,TTM,57.19182973860877,26.9247250392801,,,,4.883419689119171,,,,,,
DMART,Mar 2013,2.8135288835677943,6.435199042202933,11.913814955640051,16.34980988593156,0.6666666666666666,5.0,2.2392761394101877,-104.0,1.351063829787234,1.8188976377952757,-1.1063829787234043,Aggressive Expansion
DMART,Mar 2014,3.4357661118224496,7.276995305164319,16.84100418410042,21.35253600500939,0.6705020920502092,6.089285714285714,2.5918141592920354,-72.0,1.2298136645962734,1.3636363636363635,-0.4472049689440994,Aggressive Expansion
DMART,Mar 2015,3.292436713775431,7.081845006988663,17.666666666666668,21.673003802281368,0.7533333333333333,6.333333333333333,2.7341825902335457,-252.0,1.0471698113207548,2.135135135135135,-1.1886792452830188,Aggressive Expansion
DMART,Mar 2016,3.727865796831314,7.735321528424977,21.038790269559502,24.474751197935866,0.7836949375410914,7.2967032967032965,2.7672469374597033,-200.0,1.353125,1.46189376443418,-0.625,Aggressive Expansion
DMART,Mar 2017,4.025886703647672,8.144225920322743,12.467464862051015,18.14946619217082,0.3896408120770432,7.942622950819672,2.044681216703901,-2027.0,0.9498956158663883,5.454945054945055,-4.231732776617954,Aggressive Expansion
DMART,Mar 2018,5.361537949843678,9.000199560965875,17.262797172842152,26.487862176977288,0.09402441636324695,22.55,2.6616501416430594,266.0,0.9057071960297767,0.6356164383561644,0.33002481389578164,Healthy Growth
DMART,Mar 2019,4.508872781804548,8.162959260184955,16.144621442634687,25.974232543343405,0.12529085376767496,34.744680851063826,2.8554096488723952,-151.0,0.8946784922394678,1.1871127633209417,-0.1674057649667406,Aggressive Expansion
DMART,Mar 2020,5.231202251708886,8.556493767591476,11.74187725631769,18.645404363445195,0.030054151624548737,30.840579710144926,2.0594567737661476,-3377.0,0.9838585703305149,3.63828125,-2.595695618754804,Aggressive Expansion
DMART,Mar 2021,4.5520440707451435,7.227767883030278,9.020026263952726,13.874532877474754,0.032255416940249505,41.54761904761905,1.7680703039179788,265.0,1.2511373976342128,0.8072727272727273,0.2411282984531392,Healthy Growth
DMART,Mar 2022,4.8166322314049586,8.077221074380166,10.908027489399034,17.465968586387433,0.04730223716917678,46.333333333333336,2.0021976601383233,83.0,0.9195710455764075,0.9395043731778425,0.05563002680965148,Healthy Growth
DMART,Mar 2023,5.550887021475257,8.494397759103641,14.790396815524318,21.763052449016207,0.039992536385122526,54.3134328358209,2.3661971830985915,317.0,1.1059714045416316,0.879467680608365,0.13330529857022708,Healthy Growth
DMART,Mar 2024,4.993207190533383,8.084427730414067,13.56294790886726,21.28564022809746,0.031661140228901485,70.79310344827586,2.398875873795579,278.0,1.082807570977918,0.898761835396941,0.10962145110410094,Healthy Growth
DMART,TTM,4.754164263366718,7.823396780451995,,,,69.9375,,,,,,
DRREDDY,Mar 2013,12.904588861658075,22.555564945491422,23.97550635892605,26.55457168440951,0.5781127335531481,26.69,0.8843796711509716,-59.0,0.9024230517354289,1.0428156748911466,-0.038637851997380485,Aggressive Expansion
DRREDDY,Mar 2014,14.632873648900485,24.23406634364517,24.958677685950413,26.340949602981688,0.5692307692307692,25.598425196850393,0.84339243052936,366.0,1.0035659704533877,0.8142131979695432,0.18644931227712686,Healthy Growth
DRREDDY,Mar 2015,15.549490780802769,23.35086201158224,23.708515173043743,24.761770311286792,0.4378361920227342,32.48148148148148,0.8139459283740587,154.0,1.0804794520547945,0.938985736925515,0.06592465753424658,Healthy Growth
DRREDDY,Mar 2016,13.688335046248715,23.028006166495373,16.95441164770467,22.51742980968532,0.2666878828864667,43.19277108433735,0.7657648794884407,1653.0,1.5312060065696855,0.4934109714986209,0.7756921633036133,Healthy Growth
DRREDDY,Mar 2017,9.101155255001409,17.413355874894336,10.536617191322787,14.388824214202561,0.4010764964932311,31.29113924050633,0.655583264062067,254.0,1.6594427244582044,0.8815298507462687,0.19659442724458204,Healthy Growth
DRREDDY,Mar 2018,6.631188292136406,16.462432602758913,7.532612153993,13.325398174913564,0.40335666560610883,29.759493670886076,0.6389995078079556,320.0,1.903907074973601,0.8225180255130339,0.337909186906019,Healthy Growth
DRREDDY,Mar 2019,12.622993267736923,20.572242361470742,13.904734740444951,17.791960586720414,0.27367370222475756,35.70786516853933,0.6890891248104202,2101.0,1.471794871794872,0.26794425087108015,1.0774358974358975,Healthy Growth
DRREDDY,Mar 2020,11.565907404235885,14.140549180795798,12.988012052054618,13.908697849401989,0.14167574844541317,25.275510204081634,0.7542953106833742,2489.0,1.472852912142152,0.16588471849865952,1.2285291214215202,Healthy Growth
DRREDDY,Mar 2021,10.247795044099119,20.338093238135237,11.06513236211099,18.74032507739938,0.17181565670880336,39.93814432989691,0.7164134195877839,1315.0,1.8288934426229508,0.6316526610644257,0.6736680327868853,Healthy Growth
DRREDDY,Mar 2022,10.127639823624971,17.488976560686933,11.35748490526754,16.675517790759425,0.17613991255465333,39.25,0.7242990654205608,246.0,1.2882676443629697,0.9124866595517609,0.11274060494958753,Healthy Growth
DRREDDY,Mar 2023,18.269152817186868,26.22618565058776,19.35497723954307,26.265578695246216,0.05784591600103066,45.24475524475525,0.7659349871154025,1779.0,1.3064122476148214,0.697860054347826,0.3947193254936765,Healthy Growth
DRREDDY,Mar 2024,19.913605369319196,28.321016743422227,19.74233736816026,26.219592808038072,0.07085722375592836,46.39181286549707,0.7223053120165034,509.0,0.8144496235209753,0.8879594981289897,0.0912513445679455,Healthy Growth
DRREDDY,TTM,17.44532325722886,26.61308399244292,,,,30.11231884057971,,,,,,
EICHERMOT,Dec 2012,7.433489827856025,8.607198748043817,27.065527065527068,30.93363329583802,0.013105413105413105,137.5,1.4292104674569448,-277.0,1.0442105263157895,1.5584677419354838,-0.5831578947368421,Aggressive Expansion
EICHERMOT,Dec 2013,7.709251101321586,10.499265785609397,25.547445255474454,33.42683496961197,0.040875912408759124,89.375,1.2759977515458123,-74.0,1.3638095238095238,1.1033519553072626,-0.14095238095238094,Aggressive Expansion
EICHERMOT,Dec 2014,8.033875028610666,12.794689860379949,27.90143084260731,43.43434343434344,0.023052464228934817,111.8,1.3646728096204903,-167.0,1.4914529914529915,1.1595033428844317,-0.2378917378917379,Aggressive Expansion
EICHERMOT,Mar 2016,21.675036449052325,27.37728819050705,36.627429509991785,45.97388465723613,0.006296194908294552,845.0,1.2498481473982588,462.0,1.093423019431988,0.6842105263157895,0.3452914798206278,Healthy Growth
EICHERMOT,Mar 2017,23.702545144319636,30.911417602729983,31.18802619270346,39.83873923401136,0.02095416276894294,543.5,1.003424168925667,-36.0,1.0245950809838031,1.0210772833723654,-0.021595680863827234,Aggressive Expansion
EICHERMOT,Mar 2018,21.862799776910204,31.3329615170106,27.880512091038405,39.117114607993315,0.021479374110953058,561.8,0.9415038857382902,337.0,1.2663265306122449,0.8642224012892828,0.1719387755102041,Healthy Growth
EICHERMOT,Mar 2019,22.486475451668877,29.641727059303868,24.702848172235928,31.89456342668863,0.020968827091276072,414.85714285714283,0.8603670852726794,915.0,0.7149341806627326,0.41904761904761906,0.41534271448025417,Healthy Growth
EICHERMOT,Mar 2020,19.958488092637097,23.847498361372075,18.30477908025248,21.339198435972627,0.024947400060114217,114.89473684210526,0.7352610441767068,186.0,0.9272030651340997,0.8902007083825265,0.10180623973727422,Healthy Growth
EICHERMOT,Mar 2021,15.447247706422019,20.44724770642202,11.776534359153699,15.295530582482627,0.01914670396922539,111.4375,0.5989422350436157,66.0,1.2553823311061618,0.960969840331165,0.04899777282850779,Healthy Growth
EICHERMOT,Mar 2022,16.284715478733737,21.149737813167604,13.301078680203046,17.1280276816609,0.008565989847715736,114.63157894736842,0.6380421313506816,544.0,0.9105545617173524,0.6437459070072037,0.32438878950506855,Healthy Growth
EICHERMOT,Mar 2023,20.177260767206757,23.8609610857222,19.43962641761174,22.555308286424925,0.019212808539026016,123.07142857142857,0.7522658610271903,426.0,0.9687714481811942,0.8490967056323061,0.14619080301990392,Healthy Growth
EICHERMOT,Mar 2024,24.195694242864054,26.179245283018872,22.172346910501524,23.445623916811094,0.023219728456636186,84.88235294117646,0.7153796236210254,890.0,0.9307673081729567,0.7610096670247046,0.2224443889027743,Healthy Growth
EICHERMOT,TTM,24.972207594640455,26.165818266924113,,,,84.37735849056604,,,,,,
GAIL,Mar 2013,8.567112645662494,14.570173029387531,15.166354101548935,16.40745813634958,0.5720636243661874,16.9954233409611,0.8522797572271732,-2023.0,1.5120219830547286,1.3063758897470847,-0.46324708037554385,Aggressive Expansion
GAIL,Mar 2014,7.7487250060714,12.932890795758114,14.746117821050037,15.664895181691604,0.5711424698052748,11.940209267563528,0.9237269124355044,149.0,0.9642707898035938,0.9677139761646804,0.031132469703301295,Healthy Growth
GAIL,Mar 2015,5.21822415245141,9.298677279257559,9.288107695020868,10.764054823848756,0.5376227147140086,8.636503067484663,0.8692101221490189,1405.0,1.3335443037974684,0.6665875652586616,0.44462025316455694,Healthy Growth
GAIL,Mar 2016,3.6001767429350853,8.71419514725376,5.147927368623465,9.97910020899791,0.24866082465730846,5.518248175182482,0.8813131740683676,3056.0,2.113127001067236,0.22828282828282828,1.6307363927427962,Healthy Growth
GAIL,Mar 2017,6.949250288350635,12.40113692535838,8.584149599287622,13.129661127829387,0.16672179112072255,11.829076620825147,0.8329244651833044,5690.0,1.7854179016004743,0.05544488711819389,1.6864256075874333,Healthy Growth
GAIL,Mar 2018,8.817160892542573,14.31664709336465,11.528587538088725,17.126550323784436,0.09299647304397898,26.447457627118645,0.8882369240297948,6109.0,1.8249739854318419,0.30334131599954384,1.2713839750260145,Healthy Growth
GAIL,Mar 2019,8.600866255414097,13.04370652316577,14.244413529258326,20.606286804346023,0.04834362229371359,62.503144654088054,1.1134656417151376,2283.0,1.2183732641538227,0.7140531062124249,0.34839005035861437,Healthy Growth
GAIL,Mar 2020,13.120880333158663,12.44104911883946,19.31273849151579,16.059095763616945,0.14029390273605585,29.197411003236247,0.9677582939653562,46.0,0.8770362585391487,0.9944877171959257,0.0048344718864950075,Healthy Growth
GAIL,Mar 2021,10.70731367217458,12.628111273792095,11.550900680681433,11.866350012284006,0.14803881012372608,40.47486033519553,0.7080340614587189,4353.0,1.463942699007,0.5159568553319248,0.7086114276412177,Healthy Growth
GAIL,Mar 2022,13.262908267758974,16.342567640400993,19.19081635836167,20.67503068321287,0.14374395607823565,75.05445544554455,0.9605110577321295,3930.0,0.7656046814044213,0.5828025477707006,0.319408322496749,Healthy Growth
GAIL,Mar 2023,3.841612433753467,5.14869429112777,8.61891046868021,9.064210869801675,0.274400480539683,20.54794520547945,1.3512174759983304,-4248.0,0.5727305218012866,2.3254290171606864,-0.7591136526090064,Aggressive Expansion
GAIL,Mar 2024,7.433122166511544,10.743987750322754,12.861540060002339,14.489174115050965,0.28304998896060884,19.908205841446453,1.0680883472962681,4360.0,1.270928001615672,0.6535833465755602,0.4402706250631122,Healthy Growth
GAIL,TTM,8.48097824090064,12.333830586194987,,,,22.89768076398363,,,,,,
GODREJCP,Mar 2013,13.178415470991892,15.517779164067374,25.505584062782976,17.247356560929102,0.7413220645940235,11.436781609195402,0.8332683560753736,-45.0,0.9704142011834319,1.0548780487804879,-0.05325443786982249,Aggressive Expansion
GODREJCP,Mar 2014,10.777733912356888,15.383603105671797,21.695364238410598,19.014313597918022,0.6286092715231788,9.741666666666667,0.9133413461538461,622.0,1.3626373626373627,0.44265232974910396,0.7594627594627594,Healthy Growth
GODREJCP,Mar 2015,11.797413272089932,16.66868125226641,22.639758756668986,19.621513944223107,0.6302482022732545,12.3125,0.9066301369863013,-209.0,1.0522540983606556,1.2035053554040895,-0.21413934426229508,Aggressive Expansion
GODREJCP,Mar 2016,9.864672364672366,19.669990503323838,19.475041012420906,23.14892428052529,0.67752519334427,12.9453125,0.8703378448186796,225.0,1.0192539109506618,0.7343565525383707,0.27075812274368233,Healthy Growth
GODREJCP,Mar 2017,14.113077255071213,20.576176089771256,24.669935873255376,20.498763839621628,0.7546208977744248,12.383116883116884,0.7162287480680062,-383.0,1.4220183486238531,1.2059139784946236,-0.29281345565749234,Aggressive Expansion
GODREJCP,Mar 2018,16.593886462882097,21.163806235401644,26.110578459571748,21.339340569322136,0.5605624800255673,12.046242774566474,0.7102567801500288,1387.0,1.0544675642594858,0.1950087057457922,0.8488372093023255,Healthy Growth
GODREJCP,Mar 2019,22.70700019391119,20.67093271281753,32.22787945507087,20.02065921682787,0.4653914958029448,8.957983193277311,0.7318007662835249,1455.0,0.7382578992314262,0.1584731058415269,0.6212638770281811,Healthy Growth
GODREJCP,Mar 2020,15.104429421854505,21.733427504792655,18.95416561154723,18.7745140765275,0.45264623955431754,9.447368421052632,0.6660618279569892,1036.0,1.0607882431529727,0.34760705289672544,0.6920507682030728,Healthy Growth
GODREJCP,Mar 2021,15.604315894460061,21.751745398494876,18.23286365081047,21.224453684862425,0.1974785464561924,17.384057971014492,0.7742909295141814,1738.0,1.179546775130738,0.1438423645320197,1.0098779779198142,Healthy Growth
GODREJCP,Mar 2022,14.524275008145976,19.623655913978492,15.429214260989962,18.167420814479637,0.1474558670820353,19.74590163934426,0.7633378932968536,607.0,0.8137969713965227,0.5816678152997933,0.340437464946719,Healthy Growth
GODREJCP,Mar 2023,12.781616100931211,18.34635025533193,12.338697984630999,16.369606003752345,0.08191967522111063,12.99468085106383,0.7636634742214831,397.0,1.263807285546416,0.8154346815434682,0.23325499412455933,Healthy Growth
GODREJCP,Mar 2024,-3.9798524404086266,20.977582292849036,-4.45308779171297,18.691529709228824,0.2557548817272583,9.538709677419355,0.7664201826881253,-1365.0,-3.6898395721925135,1.6594202898550725,2.4331550802139037,Aggressive Expansion
GODREJCP,TTM,-3.2009609949123803,21.17015262860373,,,,8.837758112094395,,,,,,
GRASIM,Mar 2013,13.536851911569745,21.226127772403167,19.219616421630974,20.2828089156709,0.48583201912804597,18.28395061728395,0.6325272533599257,-1445.0,1.1228163049232398,1.3406412069778406,-0.38247750132345154,Aggressive Expansion
GRASIM,Mar 2014,10.42674102573153,17.348487522501856,13.66643534582466,15.704882413087933,0.44788341429562806,10.995525727069351,0.5934933802580862,1213.0,1.2014218009478672,0.6582135812905043,0.41062965470548407,Healthy Growth
GRASIM,Mar 2015,8.136383689418288,16.209743492783765,11.158167675021607,14.667807242657544,0.5155574762316335,7.712143928035982,0.5873077563711065,2235.0,1.7792408985282726,0.5134958641706574,0.8656080557707204,Healthy Growth
GRASIM,Mar 2016,10.018267753066374,17.13979180560791,12.596157351708046,14.80192317323584,0.45590433482810166,8.232590529247911,0.5788740432388881,1353.0,1.6984081041968162,0.7694274028629857,0.3916063675832127,Healthy Growth
GRASIM,Mar 2017,11.772208051458357,20.480758567150936,13.527893713958008,18.194581280788178,0.29352916812693153,10.522792022792023,0.5748163258801218,3779.0,1.7164390014130946,0.4814763995609221,0.8900141309467734,Healthy Growth
GRASIM,Mar 2018,6.598203742798869,20.775038465667155,6.429455553424801,9.332079626459644,1.1692613448161644,3.17007917007917,0.26885170202838876,-5686.0,-1.1225596529284165,-0.37342995169082127,-1.54175704989154,Cash Burn
GRASIM,Mar 2019,3.5556994818652847,21.554404145077722,4.731127197518097,11.676619394135026,1.4561702861082386,2.745874587458746,0.3201632334827705,-3871.0,-0.6043715846994535,-1.3333333333333333,-1.4102003642987249,Cash Burn
GRASIM,Mar 2020,9.727187481685519,15.19808943327668,11.722847103279006,7.335407679796337,1.4969540727137889,1.5055152394775035,0.27951396709817716,5256.0,2.5033890646181653,0.683754512635379,0.7916854948034342,Healthy Growth
GRASIM,Mar 2021,9.144809172294645,24.39008428878069,10.668152807890799,12.88977118667515,1.2074083122118056,3.2561593569806044,0.28578375082756996,7929.0,2.157578359811078,0.47402985074626863,1.1348218119364535,Healthy Growth
GRASIM,Mar 2022,11.709386526786554,21.34878423422953,14.803365962562253,13.580558749825517,0.9873842454986196,4.277847571189279,0.3309746877907238,5985.0,0.6280563983580225,0.149616368286445,0.5340888809566304,Healthy Growth
GRASIM,Mar 2023,9.417905752930874,18.353779319373952,14.068730791699474,11.876378719448127,1.3085646795864976,3.5719722038385173,0.34922496385341856,-26397.0,-1.1450622856111212,-1.080961765865195,-2.382830835890955,Cash Burn
GRASIM,Mar 2024,7.578371940325857,20.763028905617738,11.196462612658342,12.043417416566287,1.5470993649397087,2.9314433545327154,0.3178182841724175,-33833.0,-1.0798911948418295,-2.156357869204217,-3.4085230707233527,Cash Burn
GRASIM,TTM,6.339887394614779,20.060386825753376,,,,2.5716155572176516,,,,,,
HAL,Mar 2013,20.917085427135678,5.360134003350084,,,,153.6,,,,,,
HAL,Mar 2014,17.793194582094483,10.373306904525933,,,,196.25,,,,,,
HAL,Mar 2015,15.181182453909727,14.945963127781308,,,,156.73333333333332,,,,,,
HAL,Mar 2016,11.92266380236305,14.786967418546364,1664.9999999999998,1795.6521739130433,0.15,413.0,95.2159090909091,,,,,
HAL,Mar 2017,14.573816155988858,18.027855153203344,1966.9172932330828,2397.037037037037,0.015037593984962405,202.25,105.58823529411765,-3444.0,-0.16169724770642202,-7.141843971631205,-1.31651376146789,Cash Burn
HAL,Mar 2018,10.729521032453155,18.683514228630056,1528.4615384615386,2601.503759398496,0.023076923076923078,98.85714285714286,111.56024096385542,-1328.0,-0.36940110719677904,-0.8092643051771117,-0.6683442375440363,Cash Burn
HAL,Mar 2019,11.72530987604958,22.835865653738505,1763.9097744360904,3240.425531914894,0.06015037593984962,25.8135593220339,114.33142857142857,-12986.0,-3.279624893435635,-0.6878086820899402,-5.53537936913896,Cash Burn
HAL,Mar 2020,13.252506411750991,22.75588715318256,2059.4202898550725,3485.7142857142853,0.014492753623188406,13.593314763231199,123.95953757225433,203.0,0.5408163265306123,0.8679245283018868,0.07142857142857142,Healthy Growth
HAL,Mar 2021,14.155231186085132,23.341491128397866,2249.3055555555557,3560.666666666667,0.041666666666666664,20.00374531835206,123.02150537634408,13934.0,4.669342389626428,0.0786828881248347,4.301945044766903,Healthy Growth
HAL,Mar 2022,20.65800162469537,22.014622258326565,3324.183006535948,3284.848484848485,0.0784313725490196,83.38461538461539,121.88118811881188,-2609.0,2.0015729453401496,1.256286836935167,-0.5129767990562328,Aggressive Expansion
HAL,Mar 2023,21.57976827094474,24.766042780748663,3283.050847457627,2977.2321428571427,0.2655367231638418,104.203125,99.36531365313652,3102.0,1.5205644467389434,0.648936170212766,0.5338151781104801,Healthy Growth
HAL,Mar 2024,24.999177117277245,32.08913465652875,3816.5829145728644,3027.639751552795,0.6180904522613065,226.72093023255815,67.51333333333334,1814.0,1.0830809743252139,0.7794796985168977,0.23884134298880844,Healthy Growth
HAL,TTM,27.193939783013416,31.950953328625538,,,,311.0625,,,,,,
HAVELLS,Mar 2013,8.142957252978276,9.446391030133146,40.29126213592233,27.805280528052805,0.680998613037448,5.479674796747967,1.6004934948407357,494.0,1.0981067125645438,0.22570532915360503,0.8502581755593803,Healthy Growth
HAVELLS,Mar 2014,5.539684511240839,9.650975034157247,26.770708283313326,28.566176470588232,0.6326530612244898,7.617647058823529,1.5099399849962492,492.0,1.946188340807175,0.43317972350230416,1.1031390134529149,Healthy Growth
HAVELLS,Mar 2015,4.546528105810109,8.915918752952292,21.177117711771174,33.675289919714544,0.23322332233223322,7.864583333333333,1.7685881370091896,478.0,2.501298701298701,0.5036344755970924,1.2415584415584415,Healthy Growth
HAVELLS,Mar 2016,17.118777982617857,10.481959441664472,42.94681202510737,25.18190446061373,0.04426825239511067,8.747252747252746,1.7310234784590837,392.0,0.3946153846153846,0.23586744639376217,0.30153846153846153,Healthy Growth
HAVELLS,Mar 2017,8.05872756933116,13.295269168026099,15.079365079365079,23.392652123995408,0.06349206349206349,62.69230769230769,1.1861455108359134,547.0,1.5526315789473684,0.28683181225554105,1.1072874493927125,Healthy Growth
HAVELLS,Mar 2018,8.144406111384919,12.727944800394283,17.721179624664877,26.86605981794538,0.030831099195710455,41.32,1.2282082324455206,154.0,1.6641452344931922,0.86,0.2329803328290469,Healthy Growth
HAVELLS,Mar 2019,7.822892881961679,11.803832026208678,18.770843258694615,27.7027027027027,0.022391615054787994,74.3125,1.409205372132065,316.0,0.6357868020304569,0.36926147704590817,0.4010152284263959,Healthy Growth
HAVELLS,Mar 2020,7.786016949152542,11.302966101694915,17.045454545454543,24.338503649635037,0.016697588126159554,20.92156862745098,1.3346529054149583,279.0,1.125170068027211,0.6626360338573156,0.3795918367346939,Healthy Growth
HAVELLS,Mar 2021,9.983742947308023,15.195562780912308,20.166119374154917,27.88697788697789,0.10063743480780375,17.655555555555555,1.1813149570718482,-103.0,0.632183908045977,1.156060606060606,-0.09865900383141762,Aggressive Expansion
HAVELLS,Mar 2022,8.58085808580858,12.73496914908882,19.923371647509576,26.81673968877474,0.10261535898717308,26.492537313432837,1.324527226076214,969.0,1.4448160535117056,0.4392361111111111,0.810200668896321,Healthy Growth
HAVELLS,Mar 2023,6.3390692448702035,9.58547690852108,16.178690009055238,23.66768871368083,0.03365529731361304,29.472727272727273,1.5157300349556333,534.0,0.5270522388059702,0.05486725663716814,0.498134328358209,Healthy Growth
HAVELLS,Mar 2024,6.837009144701453,10.118343195266272,17.067275412917954,24.270967741935483,0.040687525177924,22.392857142857142,1.4952143489101584,335.0,1.5365853658536586,0.8284690220174091,0.26357199055861524,Healthy Growth
HAVELLS,TTM,6.770808144314939,9.711273395560283,,,,43.65217391304348,,,,,,
HCLTECH,Jun 2013,15.792971345920801,22.203979516047063,30.689759951382555,39.97747747747748,0.07930720145852324,53.58490566037736,1.1420599133889906,2131.0,1.111881188118812,0.5256010685663401,0.5274752475247525,Healthy Growth
HCLTECH,Jun 2014,20.3086112493778,24.99688899950224,33.39130434782609,39.06553870089459,0.05207161125319693,70.48245614035088,1.0721814543028685,1615.0,0.9891237745098039,0.7498838469877652,0.24739583333333334,Healthy Growth
HCLTECH,Jun 2015,20.004904498515028,23.121985776954308,30.30878467635403,34.11868768092634,0.026750330250990752,93.25274725274726,1.0413108242303872,3451.0,0.7544265867611005,0.3769633507853403,0.4700354126940888,Healthy Growth
HCLTECH,Mar 2016 9m,17.992034943473794,21.3707605344296,,,,89.91891891891892,,,,,,
HCLTECH,Mar 2017,18.091994618230743,21.84241506895392,26.119153843819237,30.98625152843637,0.01766366202312665,116.74157303370787,1.039465058345352,5105.0,1.0452010225424122,0.4324624791550862,0.5931907971182896,Healthy Growth
HCLTECH,Mar 2018,17.24772093575115,22.238921078130872,23.97075798383994,30.44149094551065,0.015308085527400648,162.9855072463768,1.0537623205317885,6092.0,0.9548268745700528,0.26849183477425553,0.6984636551249713,Healthy Growth
HCLTECH,Mar 2019,16.747480430933194,23.04598937561024,24.46453609244307,30.565615328899714,0.10141178745829908,80.03448275862068,1.035613292430033,5715.0,0.8864624505928854,0.3629472745513321,0.5647233201581028,Healthy Growth
HCLTECH,Mar 2020,15.644631841077594,24.50053766483672,21.56748005539626,29.22383676775859,0.15577271929311254,34.28910891089109,0.8533790555307357,1027.0,1.2081939043140093,0.9231229882476233,0.09288233698109795,Healthy Growth
HCLTECH,Mar 2021,14.817124132716009,26.596266864776663,18.64203094487006,30.022313071866062,0.11456612087526914,39.23287671232877,0.8760212442037492,13953.0,1.756468797564688,0.2887654195126924,1.2492613483749664,Healthy Growth
HCLTECH,Mar 2022,15.78849050215409,23.96819651842944,21.841586717059148,30.076036157463705,0.10244855767677746,64.35423197492163,0.9632257846852824,15303.0,1.2497226946683428,0.09449704142011835,1.1316275974266066,Healthy Growth
HCLTECH,Mar 2023,14.631958681595963,22.303264469326606,22.697041510587876,32.23407740851009,0.07329714853604465,64.10198300283287,1.088,14436.0,1.2131357359380264,0.1984007996001999,0.9724486359043449,Healthy Growth
HCLTECH,Mar 2024,14.293122742532729,22.015594151738192,23.01393141233172,32.690722902959976,0.08435023365512796,43.75768535262206,1.1101650405025958,15840.0,1.428898790579249,0.29436920883820383,1.008274984086569,Healthy Growth
HCLTECH,TTM,14.816838380684775,21.801609602109135,,,,38.147192716236724,,,,,,
HDFCBANK,Mar 2013,19.249323777920306,3534.0,18.838523046693776,3.3933229634286235,,1.770783681480443,0.08795432192934909,-6749.0,-0.8470230334637114,-0.1542671455447238,-0.9776908590467912,Cash Burn
HDFCBANK,Mar 2014,20.60392433321584,5602.0,19.851925645844183,2.9311437275954555,,1.6278621354543263,0.08449823279456734,3112.0,0.4802691605839416,0.26098313939681783,0.35492700729927007,Healthy Growth
HDFCBANK,Mar 2015,21.12462006079027,7214.0,16.947461760141874,2.8213560103051756,,1.6932746700188561,0.08345618574955897,-22081.0,-1.9883210314864992,-0.03759221841078897,-2.063066429972905,Cash Burn
HDFCBANK,Mar 2016,20.298597257844907,9037.0,17.25479112833764,2.7704447216500827,,1.7887085265786657,0.08286670899959592,-35272.0,-2.6858279385383357,-0.024306664730651954,-2.7511114577646048,Cash Burn
HDFCBANK,Mar 2017,20.904587080836894,11374.0,16.686275791446064,2.862683357653022,,1.8485858194498257,0.08211071066763491,16136.0,1.128288829405236,0.06631176947112603,1.0534700006528694,Healthy Growth
HDFCBANK,Mar 2018,21.76273332708001,13374.0,16.935373497933377,2.8007920972367644,,1.8391978576321852,0.07731062576936255,16372.0,0.9274284790690157,0.04891367491576624,0.8820645439362104,Healthy Growth
HDFCBANK,Mar 2019,21.34441475451926,16592.0,14.60633943503413,2.8248459366500582,,1.8396579933498707,0.0813432177759076,-64375.0,-2.801033591731266,-0.023905713195062985,-2.867994297424931,Cash Burn
HDFCBANK,Mar 2020,22.339163099788035,14593.0,15.477608047267491,3.0117285091615935,,1.8272036657421922,0.07729420620813117,-18272.0,-0.6180026377491208,-0.08317031240737448,-0.6694021101992966,Cash Burn
HDFCBANK,Mar 2021,24.78141141328023,16848.0,15.183737667413375,3.0476497012597985,,1.9191819412431859,0.0714373436724614,40653.0,1.3333333333333333,0.04291835389396365,1.2761088614747151,Healthy Growth
HDFCBANK,Mar 2022,28.06541313559322,20795.0,15.425327602728373,2.7829101750383924,,1.7808180358323624,0.06403213665615605,-14011.0,-0.3134911273623234,-0.17148829431438128,-0.3672511860763807,Cash Burn
HDFCBANK,Mar 2023,27.026599669700268,29932.0,15.944347321360706,2.5957630782533507,,1.8589879688605804,0.06748017729778946,17822.0,0.45101735682246635,0.1437493994426828,0.3861838826410106,Healthy Growth
HDFCBANK,Mar 2024,23.07288232992184,-44685.0,14.33974005030719,4.887792835880029,,1.4008974956974893,0.07038097917866981,2469.0,0.2913699844146319,0.8705228381142168,0.037725758640711426,Healthy Growth
HDFCBANK,TTM,21.934095592391998,-57587.0,,,,1.4108562701603238,,,,,,
HDFCLIFE,Mar 2013,3.1792318634423897,525.0,33.43305908750935,1012.341062079282,,483.39285714285717,0.33541676606708337,,,,,Unknown
HDFCLIFE,Mar 2014,4.223464988931609,605.0,37.60373443983403,858.9730290456432,,68.71784232365145,0.3283787661406026,,,,,Unknown
HDFCLIFE,Mar 2015,2.8881131728826013,874.0,30.932703659976386,1036.6391184573001,,333.43037974683546,0.3926618476676911,945.0,5.673027989821883,0.7880690737833596,1.202290076335878,Healthy Growth
HDFCLIFE,Mar 2016,4.503610605810043,953.0,26.32935868514341,553.8833387044796,,159.13888888888889,0.23700094063545152,1725.0,6.960832313341493,0.6966766309126077,2.1113831089351285,Healthy Growth
HDFCLIFE,Mar 2017,2.8942473977877117,972.0,23.183481442760062,775.5880815473079,,213.4820143884892,0.32227094440413473,1053.0,7.023675310033822,0.8309791332263242,1.1871476888387824,Healthy Growth
HDFCLIFE,Mar 2018,3.4314941103533787,1074.0,23.52816153028693,662.826780021254,,110.58865248226951,0.2919906229917725,2318.0,6.087624209575429,0.656032052233269,2.093947606142728,Healthy Growth
HDFCLIFE,Mar 2019,3.289151975292755,1215.0,22.651542006380716,667.1393123006026,,276.7647058823529,0.2988386402091986,-314.0,7.721439749608764,1.0318200243210376,-0.24569640062597808,Aggressive Expansion
HDFCLIFE,Mar 2020,4.414567733151804,1141.0,19.05391508741002,414.85235786690174,,76.52845528455285,0.2221986931268151,-401.0,5.696222050886662,1.0542772062804548,-0.3091750192752506,Aggressive Expansion
HDFCLIFE,Mar 2021,1.9027513700928307,1235.0,15.752314814814813,760.7575757575758,,157.96404494382023,0.3981408811332832,751.0,7.129316678912565,0.9226012573430897,0.5518001469507715,Healthy Growth
HDFCLIFE,Mar 2022,1.976879301611894,778.0,8.498783143332906,409.20192426298263,,86.61618798955614,0.2909237476921477,5142.0,4.47852298417483,0.1347804139323574,3.87490580256217,Healthy Growth
HDFCLIFE,Mar 2023,1.9485236514877435,80.0,10.528746247979681,502.9548877572975,,48.80097425191371,0.28301400013705863,-3188.0,5.031432748538012,1.4631701293040824,-2.3304093567251463,Aggressive Expansion
HDFCLIFE,Mar 2024,1.5510139729213062,531.0,10.732306013909723,646.4587602459017,,192.28761904761905,0.33527042786773137,-2893.0,6.81130876747141,1.2698442309486055,-1.837992376111817,Aggressive Expansion
HDFCLIFE,TTM,1.7336164807684673,725.0,,,,194.64591439688715,,,,,,
HEROMOTOCO,Mar 2014,8.316518298714143,3553.0,37.38218033078428,367.7331979007957,0.050506846878890274,50.51627906976744,2.497036158861885,1347.0,1.4096098953377736,0.5453931825852177,0.6408182683158896,Healthy Growth
HEROMOTOCO,Mar 2015,8.584501416224853,3520.0,36.14678899082569,361.7168674698795,0.01529051987767584,73.90153846153846,2.5847568988173455,2155.0,0.9247038917089678,0.014181152790484904,0.9115905245346869,Healthy Growth
HEROMOTOCO,Mar 2016,10.935797870471237,4424.0,35.22752999773602,265.08934480476506,0.026262168892913742,57.0855106888361,2.2066532258064515,1422.0,1.1960154241645244,0.6179473401397099,0.4569408740359897,Healthy Growth
HEROMOTOCO,Mar 2017,12.394267738552953,4585.0,34.373788290034895,227.14380259052663,0.025300504071345483,28.94578313253012,1.8684691745036572,2035.0,1.1300056401579244,0.4921387571749439,0.5738860688099267,Healthy Growth
HEROMOTOCO,Mar 2018,11.467126748413333,5334.0,31.089208152355496,222.32786885245903,0.019044437019712663,48.09219858156028,1.8657239753980572,2159.0,1.0792584631918323,0.4625342295245208,0.5800644814615799,Healthy Growth
HEROMOTOCO,Mar 2019,10.202820052397634,5025.0,26.417682926829265,215.50029779630734,0.02378048780487805,39.063427800269906,1.8358733246865542,-266.0,0.2977495672244662,1.2577519379844961,-0.07674552798615118,Aggressive Expansion
HEROMOTOCO,Mar 2020,12.50769125589663,4070.0,25.39913924753575,169.4865064943805,0.031445231153685964,17.562064156206414,1.4869370743112738,2699.0,1.508062312107133,0.5108735048930773,0.7376332331238044,Healthy Growth
HEROMOTOCO,Mar 2021,9.483510449303918,4058.0,19.045147898287492,168.13750000000002,0.03788271925272444,48.64737793851718,1.3404485625216487,1821.0,1.3998637602179838,0.5569343065693431,0.6202316076294278,Healthy Growth
HEROMOTOCO,Mar 2022,7.881289973266556,3256.0,14.696788035590332,159.82859226841722,0.038177573042216195,48.24770642201835,1.314663226265682,1882.0,0.9033920137398025,0.10551330798479087,0.8080721339630743,Healthy Growth
HEROMOTOCO,Mar 2023,8.197201241290474,4099.0,16.810758885686838,174.52392011147236,0.034101825168107586,53.01587301587302,1.4281891541581302,2193.0,0.9335714285714286,0.1610558530986993,0.7832142857142858,Healthy Growth
HEROMOTOCO,Mar 2024,9.902352536452407,5235.0,21.14243742584327,177.84211963944279,0.03423922255494661,47.24818577648767,1.4449202768324858,3095.0,1.3156066274719402,0.37131830184846637,0.8270978086584714,Healthy Growth
HEROMOTOCO,TTM,10.307247244251585,5561.0,,,,37.17653390742734,,,,,,
HINDALCO,Mar 2013,3.749703839487237,7699.0,8.511180300028306,78.55788298783065,1.6119728276252476,65.25112511251125,0.665005390165022,-10824.0,0.9900232790156301,4.635875041988579,-3.599600931160625,Aggressive Expansion
HINDALCO,Mar 2014,2.5029933291521753,8024.0,5.405871342724855,75.61788154897494,1.5948182445079302,117.68242245199409,0.6355539128292096,-139.0,3.624601366742597,1.0174710910005027,-0.0633257403189066,Aggressive Expansion
HINDALCO,Mar 2015,0.248367391950595,8844.0,0.6757285606198962,89.36299708793318,1.7863236713715462,-114.7079326923077,0.7356891905238948,3270.0,27.57915057915058,0.5422091558168837,12.625482625482626,Healthy Growth
HINDALCO,Mar 2016,-0.7108212922366569,7778.0,-1.7286808342978157,84.1162711143573,1.663473614223448,60.654,0.6996939339407422,8468.0,-16.64957264957265,0.2754962354551677,-12.062678062678062,Healthy Growth
HINDALCO,Mar 2017,1.8785434799968057,12317.0,4.086063527215094,79.96923805016564,1.3855489697996048,73.34474123539232,0.685515655791548,9811.0,6.741232731137088,0.2266887365019311,5.21307120085016,Healthy Growth
HINDALCO,Mar 2018,5.281161282480921,13695.0,11.089841755997957,94.91423975459664,0.9493546269962809,35.251128864188956,0.7834832056810916,5565.0,1.7915502219299688,0.48935584510919433,0.9148446490218642,Healthy Growth
HINDALCO,Mar 2019,4.209373228539474,15511.0,9.556355541642754,104.65355362276647,0.9115493643588807,102.06832298136646,0.858987181849288,6521.0,2.1796178343949046,0.4555397845871253,1.1867151956323931,Healthy Growth
HINDALCO,Mar 2020,3.188481852654388,14306.0,6.459522952140885,81.94545282363711,1.172882692868289,114.61147902869757,0.7006606649349417,5518.0,3.383328908946111,0.5670459003530797,1.464826121582161,Healthy Growth
HINDALCO,Mar 2021,2.6384764559723655,17559.0,5.234996167315468,85.5763838521299,1.010115281138683,-115.9564336372847,0.6991134507631526,-8048.0,4.9474590869939705,1.4670380687093778,-2.310651737008326,Aggressive Expansion
HINDALCO,Mar 2022,7.038895923797416,28347.0,17.559565678914453,116.84574248126889,0.8247240731030425,133.05027932960894,0.8792184084199139,10065.0,1.226365622723962,0.4022449221997862,0.7330662782228696,Healthy Growth
HINDALCO,Mar 2023,4.523704984722359,22666.0,10.650169820475497,129.29714952578064,0.6359407632428328,153.43228768171386,0.9987158204654368,11649.0,1.9023472318510448,0.3935339441899209,1.1537090224819253,Healthy Growth
HINDALCO,Mar 2024,4.702216130615571,23872.0,9.567011474761177,118.20777590429657,0.5309290976579428,126.45819618169848,0.9360228499109322,9789.0,2.368882323978336,0.5930744928500167,0.9639586410635155,Healthy Growth
HINDALCO,TTM,5.574552044924961,27931.0,,,,150.83615384615385,,,,,,
HINDUNILVR,Mar 2013,14.216412383350615,4220.0,133.99650959860384,788.3737024221454,0.008726003490401396,20.288512911843277,2.2332120410188554,3542.0,0.9390466267257098,0.017475728155339806,0.9226361031518625,Healthy Growth
HINDUNILVR,Mar 2014,13.532188547581583,4759.0,111.84619734238055,683.0867987719788,0.013005371783997738,30.90277777777778,2.125490766322524,3343.0,0.9651162790697675,0.12441068622315349,0.8450455005055612,Healthy Growth
HINDUNILVR,Mar 2015,13.68697610409108,5412.0,108.66650111745717,652.5798525798525,0.010677924012912838,21.299117882919006,2.2156618156618157,3154.0,0.7522851919561243,0.04191980558930741,0.7207495429616088,Healthy Growth
HINDUNILVR,Mar 2016,12.896911700739452,5910.0,63.15228966986155,389.27407407407406,0.026928343222272933,54.065843621399175,2.175758804840127,3889.0,1.0048181161165983,0.0676096859266363,0.9368826788725608,Healthy Growth
HINDUNILVR,Mar 2017,13.539593510644716,6328.0,66.57769869513642,382.1962683378436,0.041073546856465006,44.28052805280528,2.111422386349166,4012.0,1.1547884187082404,0.2262295081967213,0.8935412026726058,Healthy Growth
HINDUNILVR,Mar 2018,14.705303136868759,7499.0,71.78958934212334,385.19434143661584,0.0,79.45042492917847,1.989978725786586,4996.0,1.1591735220968051,0.17544149199537878,0.9558063898986034,Healthy Growth
HINDUNILVR,Mar 2019,15.41592470109387,8880.0,77.03063429515699,381.9984935977906,0.01258421253336723,94.5031055900621,2.1101508400880347,5362.0,0.9570957095709571,0.07551724137931035,0.8848184818481848,Healthy Growth
HINDUNILVR,Mar 2020,16.982128044642185,9861.0,82.09989063069631,363.61647830842145,0.0,70.57075471698113,1.974048528755024,5832.0,1.1283303730017762,0.23494687131050768,0.8632326820603907,Healthy Growth
HINDUNILVR,Mar 2021,17.00901590541805,11626.0,16.778537567646936,74.25850568444015,0.0,208.24705882352941,0.6841431480942682,7935.0,1.1455181897737217,0.13401724326094075,0.9919989998749844,Healthy Growth
HINDUNILVR,Mar 2022,16.954581855622926,12857.0,18.12437577709382,79.0136516046623,0.02125924869040582,180.7716894977169,0.7438515870989703,7320.0,1.0175438596491229,0.1909814323607427,0.8232118758434548,Healthy Growth
HINDUNILVR,Mar 2023,16.743149554308353,14147.0,20.16340648854962,90.12091687207655,0.024232665394402036,103.64508928571429,0.8289886010646305,8507.0,0.9850142955733018,0.14853368031228106,0.8387064970915903,Healthy Growth
HINDUNILVR,Mar 2024,16.611735814915342,14659.0,20.074973642078955,89.63037455884027,0.028974188761763442,57.817625458996325,0.7885945801322478,10145.0,1.504473837774752,0.34417221539853904,0.9866757440186734,Healthy Growth
HINDUNILVR,TTM,17.16697786501971,14759.0,,,,32.78713210130048,,,,,,
ICICIBANK,Mar 2013,22.568786899855187,-15085.0,14.731759812689965,5.6942392644431745,,1.0806275579809004,0.06651383624126066,-1069.0,1.726949654491609,1.0611066651423344,-0.10552813425468904,Aggressive Expansion
ICICIBANK,Mar 2014,23.599911073384668,-13084.0,15.278032186314276,5.303114683971363,,1.091972743892305,0.06616944963771895,-8985.0,0.5793440095915047,2.328159645232816,-0.76946133424681,Aggressive Expansion
ICICIBANK,Mar 2015,23.546321228440434,-16120.0,15.278909155303703,5.68489775806849,,1.0996822875297856,0.06653600926787874,-25448.0,-0.9483078349559574,-1.0734946630815612,-1.9663112347396074,Cash Burn
ICICIBANK,Mar 2016,18.428508786723782,-26955.0,11.610757509749126,6.825276984610079,,1.241081183791744,0.06453726560697291,11585.0,2.16390592111284,0.5100444068513428,1.060217809096733,Healthy Growth
ICICIBANK,Mar 2017,18.608467344929437,-37737.0,10.837984555394144,7.9255772148190085,,1.2169926417324335,0.06182251642192295,50925.0,4.641622574955909,0.032506269473364234,4.4907407407407405,Healthy Growth
ICICIBANK,Mar 2018,14.63916862391815,-44906.0,8.225616921269095,7.863879683915371,,1.2816378263242205,0.05529044785067078,-31168.0,2.13,2.6080070164577207,-3.4250549450549452,Aggressive Expansion
ICICIBANK,Mar 2019,7.903364730071407,-50971.0,4.979300324717951,8.328412337681703,,1.4121365360303413,0.05810651327016437,18389.0,8.555282123396028,0.6221774773479074,3.2323782738618387,Healthy Growth
ICICIBANK,Mar 2020,13.231411193361309,-45190.0,9.128985035783995,7.503630462835664,,1.3142571208622016,0.06159623376887399,37470.0,7.088195991091314,0.5290642870608936,3.3380846325167037,Healthy Growth
ICICIBANK,Mar 2021,22.83907001783251,-44805.0,12.922385729787356,7.238548088791504,,1.2651231745503921,0.05665416199647734,74384.0,6.777401296405421,0.4610440894105713,3.6527204871341583,Healthy Growth
ICICIBANK,Mar 2022,27.815569088222038,-26558.0,14.577073709304432,5.630440251397017,,1.3004876949572663,0.05443625805001264,18663.0,2.18972793729746,0.6788387740703137,0.7032557087949356,Healthy Growth
ICICIBANK,Mar 2023,29.290392922926973,-17341.0,16.53208887728557,5.442544313896501,,1.3494286767416144,0.061816501488391566,-71460.0,-0.10634217873156425,-17.949880668257755,-2.0151715969656805,Cash Burn
ICICIBANK,Mar 2024,28.888011233982798,-14152.0,17.99027109750765,5.2203495054405735,,1.301063746373592,0.06747535915921023,12547.0,3.4132071786636575,0.9202271051092291,0.2722814175039604,Healthy Growth
ICICIBANK,TTM,29.031132477804057,-31575.0,,,,1.2347839751711405,,,,,,
ICICIGI,Mar 2013,8.798604187437686,-178.0,18.877005347593585,224.11764705882354,,7.151877133105802,0.3174804146553771,22.0,2.7875354107648724,0.9776422764227642,0.06232294617563739,Healthy Growth
ICICIGI,Mar 2014,11.948529411764707,-225.0,21.72096908939014,191.2280701754386,,5.603427172582619,0.2951709169831796,-111.0,1.1442307692307692,1.1865546218487395,-0.21346153846153845,Aggressive Expansion
ICICIGI,Mar 2015,13.816721776098253,-221.0,20.27027027027027,154.4005544005544,,4.491935483870968,0.2890891711047385,-269.0,-0.1675213675213675,-1.7448979591836735,-0.4598290598290598,Cash Burn
ICICIGI,Mar 2016,8.403779214321233,764.0,15.66265060240964,162.77417361754712,,,0.3848558305690227,201.0,1.0078895463510849,0.6066536203522505,0.39644970414201186,Healthy Growth
ICICIGI,Mar 2017,9.335106382978724,919.0,17.9953857985132,150.5015959872321,,-3300.5,0.3220418825746221,-362.0,2.319088319088319,1.2223587223587224,-0.5156695156695157,Aggressive Expansion
ICICIGI,Mar 2018,12.471064814814815,-262.0,18.982602950891874,142.73776362912852,,4.572339069471001,0.2323361344537815,494.0,2.7726218097447797,0.793305439330544,0.5730858468677494,Healthy Growth
ICICIGI,Mar 2019,9.39711547075159,1669.0,19.425925925925927,161.32540356839422,,-4747.0,0.3341915396820645,120.0,2.8369876072449953,0.9596774193548387,0.11439466158245949,Healthy Growth
ICICIGI,Mar 2020,10.367283146652774,1772.0,19.46527551353114,147.22767789696329,,649.6666666666666,0.3109173370768317,51.0,2.875209380234506,0.9851441887561899,0.04271356783919598,Healthy Growth
ICICIGI,Mar 2021,12.112490749116027,2072.0,19.38412949072246,124.8144482929243,,840.8333333333334,0.3094559519568426,407.0,1.2043448744059742,0.7705749718151071,0.27630685675492195,Healthy Growth
ICICIGI,Mar 2022,7.93086234868339,1016.0,13.8257369737844,158.86960203217612,,18.553770086526576,0.3151746381371932,674.0,0.6365066876475216,0.1668726823238566,0.5302911093627065,Healthy Growth
ICICIGI,Mar 2023,9.672186171402998,1264.0,16.554959785522787,158.5265769634507,,16.762865792129162,0.3245107649856588,605.0,1.324465008675535,0.7358078602620087,0.3499132446500868,Healthy Growth
ICICIGI,Mar 2024,9.366915605017816,2577.0,15.7230643179025,146.3235294117647,,159.91071428571428,0.3236083907247109,486.0,1.2542991141219386,0.7980889073535521,0.2532569046378322,Healthy Growth
ICICIGI,TTM,10.806403158662718,3363.0,,,,-1661.5,,,,,,
ICICIPRULI,Mar 2013,7.5655430711610485,745.0,38.24791719262812,486.74577126988135,,21.42222222222222,0.2662190906673757,-4205.0,-1.7432343234323433,-0.5921999242711095,-2.7755775577557755,Cash Burn
ICICIPRULI,Mar 2014,7.131761695906433,1504.0,35.614875655943415,465.06958704083956,,158.015503875969,0.2686501215111569,-8394.0,-1.5259449071108264,-2.5239294710327456,-5.377322229340167,Cash Burn
ICICIPRULI,Mar 2015,4.760107973180855,1655.0,31.14909781576448,622.9439696106363,,762.7441860465116,0.34039421034431655,-1299.0,0.31890243902439025,3.4837476099426388,-0.7920731707317074,Aggressive Expansion
ICICIPRULI,Mar 2016,7.91404863542616,1842.0,30.99755776817584,299.24433249370276,,,0.1990073020569847,3607.0,2.2024242424242426,0.007429829389102917,2.186060606060606,Healthy Growth
ICICIPRULI,Mar 2017,4.447852760736196,1806.0,26.256634405245084,562.1292538245395,,277.0,0.3031561395210877,3434.0,2.455410225921522,0.1685230024213075,2.0416171224732462,Healthy Growth
ICICIPRULI,Mar 2018,4.169241862381541,1771.0,24.627319744447824,563.7663522969273,,280.77272727272725,0.27381380492035623,301.0,3.5145151327980235,0.9471001757469244,0.18591723285979,Healthy Growth
ICICIPRULI,Mar 2019,2.747027470274703,541.0,16.57691747926066,595.5756076262553,,50.334563345633455,0.25424009418343696,3818.0,9.988586479367866,0.6644106530719873,3.3520632133450396,Healthy Growth
ICICIPRULI,Mar 2020,5.074910820451843,-319.0,14.792735338971303,295.910162207126,,13.52598225602028,0.13474886400779332,-2201.0,8.056232427366448,1.2560493252675664,-2.062792877225867,Aggressive Expansion
ICICIPRULI,Mar 2021,1.1492871053833762,-390.0,10.495114721703809,810.6702880977787,,50.07309766327142,0.382938955897247,2230.0,7.650627615062762,0.6951052775499043,2.3326359832635983,Healthy Growth
ICICIPRULI,Mar 2022,1.194072116292241,-2163.0,8.287835772002621,634.5626568835683,,20.59793168285804,0.26004246492961375,1015.0,2.412384716732543,0.4456581103222283,1.3372859025032937,Healthy Growth
ICICIPRULI,Mar 2023,1.6106026387733272,-1757.0,8.057482656095145,462.66607617360495,,17.85811965811966,0.1972945190755557,-1056.0,0.10947109471094711,12.865168539325843,-1.2988929889298892,Aggressive Expansion
ICICIPRULI,Mar 2024,0.942341125272681,-1829.0,7.732848705134029,754.9037279803359,,31.022222222222222,0.3020290902037117,-14735.0,-8.595769682726205,-1.014354066985646,-17.314923619271447,Cash Burn
ICICIPRULI,TTM,1.2556076934976539,321.0,,,,82.79849946409432,,,,,,
INDUSINDBK,Mar 2013,15.194042675068022,286.0,13.905635648754917,2.7343201415611045,,1.4284666177549523,0.09525693317145702,-660.0,-0.4580584354382658,-0.35802469135802467,-0.6220546654099905,Cash Burn
INDUSINDBK,Mar 2014,17.058395929246426,335.0,15.570054185557892,3.0305905796671686,,1.351136964569011,0.09484521867028245,-4280.0,-2.9161931818181817,-0.042377009254749146,-3.039772727272727,Cash Burn
INDUSINDBK,Mar 2015,18.510111432108957,288.0,16.85456595264938,2.972598580591294,,1.2295918367346939,0.08670060024868724,-1697.0,-0.7920847268673356,-0.19422941590429274,-0.9459308807134894,Cash Burn
INDUSINDBK,Mar 2016,19.255390835579515,329.0,12.918173598553345,3.0864015564661145,,1.27024567788899,0.08308082045109415,-3185.0,-1.2804024496937882,-0.08814485821660403,-1.3932633420822398,Cash Burn
INDUSINDBK,Mar 2017,19.908371511870055,379.0,13.891310665504214,3.349992927530765,,1.3627427475425558,0.08063902198737181,11284.0,4.033821478382148,0.024634799896274526,3.9344490934449095,Healthy Growth
INDUSINDBK,Mar 2018,20.866847983334296,942.0,15.125204479677864,3.066394098302373,,1.38,0.07797370344634655,-20917.0,-5.740432612312812,-0.010483091787439613,-5.800610094287299,Cash Burn
INDUSINDBK,Mar 2019,14.82862405103095,-437.0,12.369781908116616,3.45253370525337,,1.6438817071011156,0.08012770904797728,-7022.0,-1.9354740987579522,-0.09907653779934263,-2.127234171463193,Cash Burn
INDUSINDBK,Mar 2020,15.349338150991903,-553.0,12.729420577981386,4.238991596638655,,1.814271327866494,0.09373799086817475,-12565.0,-2.724988682661838,-0.043691336489741675,-2.8440470801267543,Cash Burn
INDUSINDBK,Mar 2021,9.779310344827588,-2469.0,6.5398362734924484,4.558939619770129,,2.4389388626314985,0.07989574982161207,44420.0,15.7425952045134,0.005062043632128298,15.662905500705218,Healthy Growth
INDUSINDBK,Mar 2022,14.960093439750827,-839.0,9.667071994632899,4.075090750521607,,2.1598036542132535,0.07667641022451645,16249.0,3.600086749078291,0.02114457831325301,3.5239644328779005,Healthy Growth
INDUSINDBK,Mar 2023,20.320061592608887,2067.0,13.5293471495002,3.5278398258462835,,1.9011756061719325,0.07944010974128667,-12879.0,-1.683085250338295,-0.03545586107091172,-1.7427604871447901,Cash Burn
INDUSINDBK,Mar 2024,19.56369677362945,2978.0,14.252273197764223,3.5617860222414732,,1.8787814230933106,0.08884228106460039,-17468.0,-1.8818994413407821,-0.03710740366918008,-1.951731843575419,Cash Burn
INDUSINDBK,TTM,16.57415721165619,1323.0,,,,2.1115429051570214,,,,,,
INFY,Mar 2013,23.366871530531323,28.59337827121332,24.81707638048113,30.3679528346581,0.0,2307.6,0.8720043219881145,4451.0,0.781949305334606,0.39631086396310866,0.4720543005620957,Healthy Growth
INFY,Mar 2014,21.255460475136136,26.70895418187621,23.92993487536492,30.06961598922075,0.0,1487.7777777777778,0.8800512586455078,7262.0,0.9220157657657657,0.2608651399491094,0.681493993993994,Healthy Growth
INFY,Mar 2015,23.20373600405109,27.913126652787934,24.385052034058656,29.334200567644274,0.0,1240.25,0.804341595136448,7354.0,0.6751535725832525,0.11959774931162456,0.5944067248625929,Healthy Growth
INFY,Mar 2016,21.602793036626576,27.352220496148366,21.84665716506867,27.66098730240995,0.0,,0.8314602253056007,9143.0,0.7434205649047372,0.08825289190267252,0.6778115501519757,Healthy Growth
INFY,Mar 2017,20.958180012849716,27.165469306699375,20.80687715635963,26.969354324316484,0.0,,0.8236397748592871,-3133.0,0.8033860516965095,1.2717023675310033,-0.2182818922873267,Aggressive Expansion
INFY,Mar 2018,22.729077451008195,26.68954368849437,24.689247262141308,28.991266577330066,0.0,,0.888757262221326,8685.0,0.8246303574770728,0.34294144348615524,0.5418304323413813,Healthy Growth
INFY,Mar 2019,18.639250075597218,24.396734200181434,23.726673646609594,31.055613721746628,0.0,,0.9834534770299527,14209.0,0.9630759247242051,0.04258473148709656,0.9220635950681376,Healthy Growth
INFY,Mar 2020,18.32670639160269,24.525558700752278,25.422459893048128,31.772327097869667,0.0707868601986249,130.98235294117646,0.98900871459695,16672.0,1.0218763146823728,0.019467152855378464,1.0019832922651601,Healthy Growth
INFY,Mar 2021,19.331754120550997,27.757982323433396,25.43909051616875,34.14589353053529,0.06974368377624393,143.02051282051283,0.9345276297309113,15851.0,1.195695824537919,0.3174733034791595,0.8160943211656284,Healthy Growth
INFY,Mar 2022,18.20603250548746,25.88847510296693,29.39084273390843,38.962436899930715,0.07264764432647644,157.455,1.0420803742000702,17400.0,1.0785243384809897,0.2715093154699602,0.7856949336223246,Healthy Growth
INFY,Mar 2023,16.426035825492104,23.93589839677857,31.970506716883047,41.968317683320194,0.11005609558794277,123.69718309859155,1.1779431121384314,21396.0,0.9319313091090095,0.04766991587661904,0.8875062220009955,Healthy Growth
INFY,Mar 2024,17.08075746730006,23.703390381987376,29.788006718416632,37.75589530966572,0.09486358890553362,77.5,1.129760329363329,20117.0,0.9604541298384639,0.2020230067433558,0.766420298689424,Healthy Growth
INFY,TTM,17.30567292546941,23.842413180988576,,,,89.96462264150944,,,,,,
IOC,Mar 2013,0.7854389536142752,3.0016458053618607,5.753763662610847,9.076800167640203,1.422513761758967,1.9348129536571748,1.9091442793474396,46.0,2.5751309622277363,0.9950749464668094,0.012682657843948167,Healthy Growth
IOC,Mar 2014,1.4266553358793475,3.526605166429471,10.258713353849778,10.576740015599187,1.39761165019952,2.8954270342972426,1.8362079013961115,5601.0,3.4728003444811253,0.7685058896466213,0.8039328261805655,Healthy Growth
IOC,Mar 2015,1.0838540890353208,2.352577379217676,7.078103207810321,7.908020190689849,0.942773709902371,2.5172577957629136,1.9219310509955834,35877.0,9.460591133004925,0.2216219734444155,7.363916256157635,Healthy Growth
IOC,Mar 2016,3.587105723244087,6.3685358840613215,13.79528784174261,14.837206797188484,0.6507223827517226,6.320045884714655,1.4934078501607577,12014.0,2.0642874405864817,0.5311426787386825,0.967856279706759,Healthy Growth
IOC,Mar 2017,5.736129596852938,9.609177807354964,19.966502115655853,20.650432069276217,0.6197206550697383,9.123430403419716,1.2983351539352401,10532.0,1.3841550159430953,0.6267366033456195,0.5166544027471179,Healthy Growth
IOC,Mar 2018,5.36807341539104,9.883461607812247,19.869329258654304,23.204696865043115,0.5765143931011468,10.750451612903225,1.424633272493747,11996.0,1.286793953858393,0.5879787051348102,0.5301865110934323,Healthy Growth
IOC,Mar 2019,3.2706122031664764,6.676411225428754,15.358898896584835,16.852901536079223,0.8603704131805209,7.159796954314721,1.5748845281083483,-9822.0,0.7379298367488711,1.7705342433513769,-0.5686002084056965,Aggressive Expansion
IOC,Mar 2020,-0.3877931962551911,3.31836043682547,-1.9664982494391918,7.1287102332273475,1.3605107025304515,2.7715814917127073,1.4661173104781762,-21955.0,-3.8091684434968016,4.072348166806605,11.703091684434968,Aggressive Expansion
IOC,Mar 2021,5.9793927737326555,10.971012501717269,19.458502476796795,17.47539247309475,1.043017578998194,13.613706102966246,1.0247926903095919,26715.0,2.2814998621450235,0.4619335347432024,1.2275985663082438,Healthy Growth
IOC,Mar 2022,4.365532536597202,8.103902626921492,19.266110008611975,17.984221724313233,0.9886546598270116,8.756508984231756,1.434282835461276,4453.0,1.00077739339993,0.8270478113955024,0.1730866404944222,Healthy Growth
IOC,Mar 2023,1.3904266794653084,3.6451180627165116,8.37669355358178,10.628061157333962,1.0662463051366653,4.043621507643648,1.9044468828832906,1614.0,2.5328092959671906,0.9455539063554176,0.13790157211209844,Healthy Growth
IOC,Mar 2024,5.559462717942377,9.743776019125345,23.53162465856491,23.93519910139379,0.7230954600718581,9.59852810557036,1.6084096601703395,39635.0,1.6472973286068442,0.44253786973093856,0.9183058779917055,Healthy Growth
IOC,TTM,1.4325955205946275,4.324444998916591,,,,3.5673274834795796,,,,,,
IRCTC,Mar 2015,12.370160528800756,14.353163361661943,29.504504504504503,34.234234234234236,0.0,,0.9113597246127366,23.0,0.5267175572519084,0.6666666666666666,0.17557251908396945,Healthy Growth
IRCTC,Mar 2016,13.825896122896856,13.89904901243599,34.87084870848708,35.05535055350554,0.0,,0.9512874043145442,281.0,1.5238095238095237,0.024305555555555556,1.4867724867724867,Healthy Growth
IRCTC,Mar 2017,15.06578947368421,20.657894736842106,29.09783989834816,39.898348157560356,0.0,104.66666666666667,0.8324205914567361,244.0,1.4759825327510918,0.2781065088757396,1.0655021834061136,Healthy Growth
IRCTC,Mar 2018,15.075034106412005,18.69031377899045,23.141361256544503,28.691099476439792,0.0,91.33333333333333,0.6321690383786115,-16.0,0.1085972850678733,1.6666666666666667,-0.07239819004524888,Aggressive Expansion
IRCTC,Mar 2019,16.524064171122994,20.481283422459892,28.851540616246496,35.7609710550887,0.0,191.5,0.7208943716268311,146.0,1.6148867313915858,0.7074148296593187,0.47249190938511326,Healthy Growth
IRCTC,Mar 2020,22.659010600706715,31.051236749116605,39.04109589041096,53.50076103500761,0.0,70.3,0.6985498302992903,401.0,0.797270955165692,0.019559902200488997,0.7816764132553606,Healthy Growth
IRCTC,Mar 2021,24.066924066924066,24.195624195624195,12.843406593406591,12.247557003257329,0.05425824175824176,23.5,0.24643196955280686,-205.0,1.3262032085561497,1.8266129032258065,-1.0962566844919786,Aggressive Expansion
IRCTC,Mar 2022,35.125066524747204,46.514103246407664,35.294117647058826,44.25316455696203,0.05614973262032086,79.45454545454545,0.4837796086508754,282.0,0.793939393939394,0.4618320610687023,0.42727272727272725,Healthy Growth
IRCTC,Mar 2023,28.410053657158997,36.0350183563965,40.597255851493145,49.804839968774395,0.03389830508474576,79.75,0.6958145018667715,495.0,0.8071570576540755,0.39039408866995073,0.49204771371769385,Healthy Growth
IRCTC,Mar 2024,26.01873536299766,34.33255269320843,34.39628482972136,44.559270516717326,0.018575851393188854,77.15789473684211,0.7010343129207027,667.0,0.7938793879387939,0.2437641723356009,0.6003600360036003,Healthy Growth
IRCTC,TTM,26.936026936026934,33.78226711560045,,,,94.0625,,,,,,
IRFC,Mar 2013,9.405405405405405,99.6036036036036,8.163903659680951,8.485425269007015,,1.356564417177914,0.07843968624125504,,,,,
IRFC,Mar 2014,11.311925125060514,99.69340003227369,9.270034382438508,7.973773538636275,,1.3410028217929237,0.07383533897295365,,,,,
IRFC,Mar 2015,10.923764231157227,99.5100158524283,8.730707210320203,8.636431859115469,,1.383213141025641,0.07916985179184684,,,,,
IRFC,Mar 2016,11.309444518449448,99.48048488077794,7.366594360086768,7.541301450094923,,1.3531436854502628,0.06925276752767527,-16380.0,-19.290930506478208,-0.00012211503236048357,-19.29328621908127,Cash Burn
IRFC,Mar 2017,10.323864264397038,99.71261191555212,7.7775002081772,7.618830444917402,,1.3096689895470384,0.06978017740069417,-19457.0,-20.829764453961456,-0.00010280133641737343,-20.83190578158458,Cash Burn
IRFC,Mar 2018,22.17546131434121,99.58994280781268,14.754451464675475,6.238592886016738,,1.3903284121723412,0.057392176778061285,-28078.0,-13.662287104622871,-7.123521869212138e-05,-13.663260340632604,Cash Burn
IRFC,Mar 2019,20.25327824681157,99.55990659241961,9.009908902029727,5.571443649760506,,1.354637663448613,0.05389053454918588,-41749.0,-18.51352549889135,-2.395324326913864e-05,-18.5139689578714,Cash Burn
IRFC,Mar 2020,23.783622680873258,99.50823336562105,10.535001155153635,5.045791836056159,,1.3140804880448687,0.04871435623439224,-62702.0,-19.64317042606516,-1.5948708952010335e-05,-19.643483709273184,Cash Burn
IRFC,Mar 2021,28.000760890241583,99.27715427049648,12.29604054129309,4.360564698280784,,1.3933434190620273,0.041450055455974265,-89907.0,-20.359375,0.0,-20.359375,No Operations
IRFC,Mar 2022,30.001477905315532,99.39898517168334,14.854745469180672,4.698477308662271,,1.4335346358792185,0.045110893817503,-64417.0,-10.576683087027915,-7.76252872135627e-05,-10.577504105090313,Cash Burn
IRFC,Mar 2023,25.996964842761994,99.4351235140376,13.802287325708914,5.0878313086692435,,1.3519802831432337,0.048376801486258024,-28588.0,-4.635641316685585,0.0,-4.635641316685585,No Operations
IRFC,Mar 2024,24.064552448864703,99.50459748545694,13.038085361638096,5.7484746909270665,,1.3189891050196507,0.05492885738906,7906.0,1.2342482844666252,0.0010108668182966893,1.2330006238303182,Healthy Growth
IRFC,TTM,24.299308601590962,99.46472381235596,,,,1.3231469119319588,,,,,,
ITC,Mar 2013,24.36586754380416,35.48927825921943,33.26712151308403,48.241616509028376,0.0044045254339753,103.89814814814815,0.8949588157038127,3221.0,0.921858774662513,0.5464657842861166,0.4180944963655244,Healthy Growth
ITC,Mar 2014,25.49425026907608,37.04752733246474,33.04695818188493,47.599985443429524,0.00888497264750156,451.0344827586207,0.8643262828045437,4090.0,0.8159093434062882,0.44308278867102396,0.4543939562270859,Healthy Growth
ITC,Mar 2015,25.192570265605273,36.715871911791226,30.813587093521555,44.53054210279644,0.008476178472397277,156.6153846153846,0.844729282729805,4568.0,1.0065446364658963,0.5359138474042466,0.46712342775334903,Healthy Growth
ITC,Mar 2016,24.242192284139623,37.07644417228006,22.261012183692596,33.97951548031054,0.0019681349578256793,186.2948717948718,0.7587849218795377,5878.0,1.0313651194611093,0.40014287172160423,0.6186717187664457,Healthy Growth
ITC,Mar 2017,24.497287691732136,36.171904227459784,22.57341693060134,33.298176887147804,0.0009911016310085537,315.7142857142857,0.7651078750581416,7376.0,1.0143170754987114,0.3059188858567799,0.7040183258566384,Healthy Growth
ITC,Mar 2018,26.45170199544293,38.02389007802251,21.88725956960579,31.4410231035664,0.0006855836983431727,143.66086956521738,0.6763437679986302,6055.0,1.1458278952405812,0.5402080643936518,0.5268424258244149,Healthy Growth
ITC,Mar 2019,26.553578816714936,38.347124534546964,21.70406317106576,31.33684957906481,0.00021981366564650582,261.0845070422535,0.6738315281785361,7037.0,0.9802898099096292,0.4407533974409918,0.5482237457151761,Healthy Growth
ITC,Mar 2020,31.57244674819794,39.16740908722767,23.88889740015014,29.510297482837526,0.004243714859130115,238.8148148148148,0.6388224185432863,8516.0,0.942089399089335,0.42028590878148403,0.5461424998396717,Healthy Growth
ITC,Mar 2021,27.16974237164261,34.64482205574842,22.17674449434106,28.151704114289483,0.004490695477819941,294.2241379310345,0.6677919225607029,6787.0,0.9360382574908466,0.45821026582581625,0.5071359187028319,Healthy Growth
ITC,Mar 2022,25.563525434908072,34.00610108005606,24.822672324073334,32.88944883898954,0.003986870546793691,343.71666666666664,0.7855976993626613,13538.0,1.017609494936464,0.14186105476673427,0.8732503386441334,Healthy Growth
ITC,Mar 2023,27.463726222873987,36.24416587938352,28.16426867182416,37.00493802277537,0.004424842744559323,329.53846153846155,0.8262632382239518,13146.0,0.9692457770703907,0.30363385951901684,0.6749499409559994,Healthy Growth
ITC,Mar 2024,29.282025230717128,37.0177518132814,27.851074395694365,35.06616762464911,0.004066731984914169,327.9125,0.7723477995509732,15616.0,0.8278637174112091,0.09098317713487397,0.7525420461664498,Healthy Growth
ITC,TTM,27.722100219604712,35.456178878019564,,,,493.3333333333333,,,,,,
JINDALSTEL,Mar 2013,14.903821881153128,30.82748523249356,13.890457368718238,13.311532592108133,1.1583850931677018,5.722586691658857,0.3470467646698088,-6069.0,1.193089430894309,2.7231686541737647,-2.055894308943089,Aggressive Expansion
JINDALSTEL,Mar 2014,9.830965467178263,30.068443430467696,8.385670057496682,9.832479907762217,1.6084918177797434,3.2091864969562813,0.27986011347641226,-8114.0,2.4156118143459917,2.7716157205240175,-4.279535864978903,Aggressive Expansion
JINDALSTEL,Mar 2015,-7.48415030153085,28.163496726972838,-6.900484744796122,8.211231835054026,2.162389506700884,1.9005217391304348,0.2568410183089082,-5535.0,-0.8140495867768595,5.682741116751269,3.81198347107438,Aggressive Expansion
JINDALSTEL,Mar 2016,-15.855976167240229,17.653705891417122,-9.517203107658158,4.337839031716582,1.4427487976322604,1.056238475722188,0.2107080239832031,2071.0,-1.4036281179138321,0.5220401569351488,-0.6708778749595076,Healthy Growth
JINDALSTEL,Mar 2017,-11.74836828218303,21.797898440031478,-8.44564240790656,6.204134332880989,1.5257395760540415,1.3684975297878523,0.23850952249516974,4852.0,-2.6989755713159966,0.2916788321167883,-1.9117415287628055,Healthy Growth
JINDALSTEL,Mar 2018,-4.85489394940816,19.43459712792165,-5.3184136909659365,8.819719961279942,1.413921342767813,1.673305742369374,0.3730359744480556,6293.0,-4.77970297029703,0.1852667011910927,-3.8941831683168315,Healthy Growth
JINDALSTEL,Mar 2019,-5.135630030234638,17.910829110420305,-7.517531556802244,11.741387973870806,1.2329437431821724,1.972795497185741,0.5277019359333042,8195.0,-3.7425373134328357,0.09216794062257672,-3.3975953565505805,Healthy Growth
JINDALSTEL,Mar 2020,-1.0547688737705352,18.01281544181631,-1.2446712512057752,9.905598816722495,1.1458443538600367,1.8128980891719746,0.4225780570970114,7338.0,-22.035,0.16746085772634445,-18.345,Healthy Growth
JINDALSTEL,Mar 2021,12.339859452268719,31.61745568119379,13.411912619833414,17.712434183880113,0.9401225836869401,3.971304031965129,0.44423175745118193,10077.0,2.8031403796578394,0.15751191371958867,2.3616123740332786,Healthy Growth
JINDALSTEL,Mar 2022,13.223625063518742,30.322870656295198,18.992280701754385,31.581411443808904,0.37900350877192984,8.217690677966102,0.6675799801680496,13717.0,2.371859296482412,0.14525174476570288,2.027342595329589,Healthy Growth
JINDALSTEL,Mar 2023,7.468240246560925,18.683755543862286,10.267142045160957,19.210851754521567,0.3370536867669095,6.875518672199171,0.7664453310671641,3257.0,1.8487669854051334,0.556689805362733,0.8195772521389029,Healthy Growth
JINDALSTEL,Mar 2024,11.802438733764944,20.260555268697622,13.410506363390198,16.782917681121273,0.3716941962270963,7.884080370942813,0.6400172860847018,-2336.0,1.010937237085647,1.388814913448735,-0.39306747433955913,Aggressive Expansion
JINDALSTEL,TTM,10.116155860772906,20.646154461304704,,,,7.986852281515855,,,,,,
JIOFIN,Mar 2023,68.88888888888889,86.66666666666667,0.027164388363126533,0.03395349242140637,,,0.00039154267815191856,945.0,66.29032258064517,0.5401459854014599,30.483870967741936,Healthy Growth
JIOFIN,Mar 2024,86.52291105121293,84.04312668463612,1.153456416595399,1.1203978526306713,,155.9,0.012805202156520298,-2119.0,-0.4224299065420561,-2.1253687315634218,-1.3202492211838006,Cash Burn
JIOFIN,TTM,81.65650406504065,77.79471544715447,,,,,,,,,,
JSWENERGY,Mar 2013,10.15783540022548,31.578354002254795,14.522888459058672,16.892829141788795,1.6726305609284333,2.908618899273105,0.43527333398763374,781.0,1.9145394006659266,0.5472463768115942,0.8668146503884573,Healthy Growth
JSWENERGY,Mar 2014,8.788159111933396,37.638760407030524,11.565971693806118,19.51789890268034,1.5379698676000608,2.699004975124378,0.4493868218665558,1906.0,2.985526315789474,0.1599823710885853,2.5078947368421054,Healthy Growth
JSWENERGY,Mar 2015,14.528725794372527,38.7717984380015,18.063314711359403,21.556031406138473,1.2362330407023145,3.187335092348285,0.48130792996910404,2972.0,2.499263622974963,0.12433706540954625,2.188512518409426,Healthy Growth
JSWENERGY,Mar 2016,14.861563517915311,41.01180781758957,15.045342126957955,16.40071643735244,1.5315333882934872,2.6895861148197597,0.3442307018465959,266.0,2.4232876712328766,0.924816280384398,0.1821917808219178,Healthy Growth
JSWENERGY,Mar 2017,7.53963451530921,40.22752027108798,6.00829395312952,13.447689942551985,1.3838364355289807,1.972700296735905,0.2910634400648138,3091.0,6.184590690208668,0.1977679730080457,4.96147672552167,Healthy Growth
JSWENERGY,Mar 2018,1.0560318051931916,33.70605044104858,0.7650765076507651,11.799243247945027,1.0695769576957697,1.8633241758241759,0.30122375659593575,3719.0,46.28235294117647,0.05465175394001017,43.752941176470586,Healthy Growth
JSWENERGY,Mar 2019,7.485226526592252,31.243160428977895,5.785823041786499,12.75863609956652,0.8928269328370834,2.3951342281879193,0.3524647072436936,2436.0,3.641812865497076,0.022079486150140507,3.56140350877193,Healthy Growth
JSWENERGY,Mar 2020,13.066602199927473,35.74277771062492,9.282156963764383,13.762449967420645,0.844925296239052,2.813510941960038,0.3318358669929004,1781.0,1.9259944495837187,0.14457252641690682,1.6475485661424607,Healthy Growth
JSWENERGY,Mar 2021,11.889627275353943,42.08321294423577,5.67312331977666,12.732756359821662,0.5770317777624595,3.2511160714285716,0.2641279047582707,2670.0,4.495747266099635,0.27837837837837837,3.244228432563791,Healthy Growth
JSWENERGY,Mar 2022,21.341986041386065,43.73699032692543,10.008613264427218,13.551862812049473,0.5135228251507321,4.597168597168597,0.2676476371501606,1565.0,1.693631669535284,0.4698509485094851,0.897877223178428,Healthy Growth
JSWENERGY,Mar 2023,14.3244289585753,31.765389082462253,7.944602501476193,7.513736263736264,1.3447313328681088,3.8886255924170614,0.2133961211971002,-4694.0,1.4081081081081082,3.2523992322456814,-3.1716216216216218,Aggressive Expansion
JSWENERGY,Mar 2024,15.018283127285393,46.857043357130415,8.280529953917052,10.270012403396622,1.5156009984639016,2.621529469069654,0.19883324389357246,-1963.0,3.6139130434782607,1.3148861084376002,-1.1379710144927537,Aggressive Expansion
JSWENERGY,TTM,17.41415557112824,47.14435879467414,,,,2.583773403744599,,,,,,
JSWSTEEL,Mar 2013,2.431300706621303,17.042658989793246,5.443891004980955,16.831222538123548,1.2672135950776442,3.3106253177427556,0.6643715333924504,411.0,6.290635091496233,0.9296714579055442,0.44241119483315394,Healthy Growth
JSWSTEEL,Mar 2014,0.7848496680983992,17.90121046466224,1.8985548313969962,16.170790638613074,1.6778596391801266,3.0082020997375327,0.6597114889232355,-3024.0,6.45273631840796,2.1657671549730146,-7.522388059701493,Aggressive Expansion
JSWSTEEL,Mar 2015,3.2507739938080498,17.677263459941102,7.7254374158815615,15.339754930869537,1.7386271870794079,2.6807901517320354,0.6184416372848903,504.0,4.5737514518002325,0.93600812595226,0.2926829268292683,Healthy Growth
JSWSTEEL,Mar 2016,-1.1577528522601455,15.457565108554375,-2.536117262469683,10.498610429949322,2.225245175577349,1.7833935018050542,0.5072338139597348,3040.0,-14.338877338877339,0.559228650137741,-6.3201663201663205,Healthy Growth
JSWSTEEL,Mar 2017,6.235162937918135,22.135098194374507,15.30887093213229,18.653854897622043,1.9134543206605732,3.2664543524416136,0.6318277370603943,2794.0,2.275165849437554,0.64579107505071,0.8058840496106143,Healthy Growth
JSWSTEEL,Mar 2018,8.49818581179709,20.735962631893567,21.83370240731481,22.13351931266786,1.4069933566683335,4.0302620913266685,0.7821354789605306,7850.0,2.0250286275151317,0.365861539704338,1.2841485359070832,Healthy Growth
JSWSTEEL,Mar 2019,8.877142890852673,22.334438453461072,21.623796522488863,23.031718801328612,1.3621497341572064,4.832780188920092,0.7383206878228525,3246.0,1.944843168527379,0.7781726235221759,0.4314194577352472,Healthy Growth
JSWSTEEL,Mar 2020,5.344625371628072,16.1102473883752,10.707942839968306,12.051376221664524,1.678269898084647,2.7697538100820633,0.5562585343650432,-6804.0,3.262311814238326,1.5321861556511538,-1.7361571829548355,Aggressive Expansion
JSWSTEEL,Mar 2021,9.861095454602388,25.273362642317664,16.835600034214355,18.485470336032833,1.3341886921563595,5.09931766489765,0.5382997228908352,11087.0,2.3865108599009273,0.40992069828090905,1.4082306617553664,Healthy Growth
JSWSTEEL,Mar 2022,14.304746158733629,26.722506507436584,31.112828209281247,28.031877535224393,1.0734059467732588,7.8731884057971016,0.7449474514593989,11522.0,1.2546566052153978,0.5614008374571755,0.5502913363262967,Healthy Growth
JSWSTEEL,Mar 2023,2.4939744516751023,11.129187756085804,6.300327269959662,12.60337909763354,1.2307329324910572,2.6760359316140248,0.7882625071839422,12593.0,5.634935974873158,0.4600608841058183,3.042522348393332,Healthy Growth
JSWSTEEL,Mar 2024,5.127252779904689,16.089162657280323,11.5528718021347,16.99757927716371,1.1328071688833383,3.4740283775447254,0.7679137157851319,-2389.0,1.3460381143430291,1.1977976486173207,-0.26624317396634345,Aggressive Expansion
JSWSTEEL,TTM,1.9451002501849959,13.201075912940318,,,,2.6823389021479715,,,,,,
KOTAKBANK,Mar 2013,20.64956634065326,-1789.0,14.659068579288661,6.548776133613679,,1.2916666666666667,0.09356412137954849,-6157.0,1.285969615728329,3.1393328700486447,-2.7511170688114386,Aggressive Expansion
KOTAKBANK,Mar 2014,21.08293008509928,-1379.0,13.241458813665899,6.7157996972034155,,1.335289663006437,0.09808751442343101,7938.0,3.588444796201029,0.12461402734891927,3.141274238227147,Healthy Growth
KOTAKBANK,Mar 2015,23.312561003078308,-3366.0,14.014262502256724,7.687439682313668,,1.1921000981354268,0.08971198405000538,-2165.0,0.7413848631239935,1.9404865334491745,-0.6972624798711755,Aggressive Expansion
KOTAKBANK,Mar 2016,17.27281639054995,-2263.0,10.562282699916077,5.417216242730341,,1.512383698073647,0.08472450623743792,2672.0,1.4259364358683315,0.4682587064676617,0.7582292849035187,Healthy Growth
KOTAKBANK,Mar 2017,22.482530012542558,-3965.0,13.03907305414112,6.085622143261585,,1.2720411663807891,0.08082900053586688,7933.0,2.634389320581789,0.40001512630464375,1.5805937437736601,Healthy Growth
KOTAKBANK,Mar 2018,24.901516055867255,-4141.0,12.395024560291553,5.595548866572547,,1.2282561029089314,0.07441371550396779,-15867.0,-1.660594439117929,-0.5268475750577367,-2.5354745925215725,Cash Burn
KOTAKBANK,Mar 2019,24.149374811437767,-5114.0,12.467766220729997,5.652507266610212,,1.2235570968540996,0.07548883900893537,-1501.0,0.2529150471960022,1.823819978046103,-0.2083564686285397,Aggressive Expansion
KOTAKBANK,Mar 2020,25.670669773555595,-5005.0,12.89523838107958,5.7433721515896154,,1.3366090457021076,0.07553257982774221,33551.0,5.425229838240428,0.2803148930693494,3.9044571162574186,Healthy Growth
KOTAKBANK,Mar 2021,30.438756855575868,-9958.0,11.845053889659587,7.245612457437009,,1.2638629811768696,0.06853863599343432,-6291.0,0.4885885885885886,2.2888752304855564,-0.6297297297297297,Aggressive Expansion
KOTAKBANK,Mar 2022,35.82881360955514,-8512.0,12.50607769099467,6.638884804027577,,1.2308648410248186,0.061740390632719605,-2595.0,0.6872363305484325,1.312349542609533,-0.2146579535114567,Aggressive Expansion
KOTAKBANK,Mar 2023,35.40841261180043,-5746.0,13.348060171356002,6.3105304916315035,,1.2883305759686046,0.06793836532727301,-11623.0,-0.08321608040201005,-8.35829307568438,-0.7787604690117252,Cash Burn
KOTAKBANK,Mar 2024,32.386151466116615,-13382.0,14.013018188532914,7.234918028249577,,1.237006073034151,0.07325702420450533,6766.0,0.8611980453522209,0.5686324513866752,0.3714928896941745,Healthy Growth
KOTAKBANK,TTM,35.173996534120185,-14146.0,,,,1.167887233407562,,,,,,
LICI,Mar 2019,0.4596611071061123,1.0358560160137742,324.32098765432096,2.1908804600848963,,,0.16675415179930025,3638.0,5.052912066996574,0.7259303902365527,1.3848496383707651,Healthy Growth
LICI,Mar 2020,0.43149911709867,-1.1061344525772918,270.45908183632736,-2.7305672599207598,,,0.1794493681700332,13952.0,20.06162361623616,0.7433737377453234,5.148339483394834,Healthy Growth
LICI,Mar 2021,0.43044431000095523,-0.03647342505724301,43.201626961069145,-3.6585365853658534,,,0.18041772293371186,-67845.0,27.10221923335575,1.8417284930895015,-22.81271015467384,Aggressive Expansion
LICI,Mar 2022,0.5700616081127022,0.4596424020806903,36.38207796789557,29.332392627215803,,,0.17009778190664493,-16314.0,-0.9170909090909091,-3.312450436161776,-3.9549090909090907,Cash Burn
LICI,Mar 2023,4.5877791768838225,4.359645590012082,77.85997015119071,73.98827677200268,,444.24675324675326,0.17137262036771503,1671.0,1.5145428785732145,0.9693501348153855,0.04642053504458705,Healthy Growth
LICI,Mar 2024,4.836600998148862,3.87474201090824,49.44710986501021,39.613520731869436,,256.0859375,0.15913440945875762,853.0,0.6384299540522045,0.9673455325013399,0.020847590184768793,Healthy Growth
LICI,TTM,4.627577541049831,2.8848149660866014,,,,,,,,,,
LODHA,Mar 2011,12.149102623101703,23.469857340082832,35.483870967741936,8.04416403785489,7.521505376344086,1.802120141342756,0.22926777801223888,,,,,
LODHA,Mar 2012,12.897765741367637,24.509140148950575,33.83658969804618,13.444753946146704,3.782415630550622,2.8503937007874014,0.3187311178247734,,,,,
LODHA,Mar 2015,12.796664528543939,23.524695317511224,24.225865209471767,9.685725604119899,3.5980570734669097,2.981707317073171,0.22273019501392957,,,,,
LODHA,Mar 2016,8.522245120620681,25.772820947993697,17.694437452806444,11.938454627133872,3.4822552227535866,2.151821862348178,0.26625996578548144,-467.0,0.55049786628734,2.20671834625323,-0.6642958748221907,Aggressive Expansion
LODHA,Mar 2017,7.368155437799646,20.36336109008327,14.480535581453013,7.98377522754254,4.012645673196132,2.192934782608696,0.23359170080457398,295.0,2.5154109589041096,0.7991831177671885,0.5051369863013698,Healthy Growth
LODHA,Mar 2018,8.20502221762943,17.381419861527334,15.411490683229815,6.057332180927687,4.3897515527950315,4.312820512820513,0.2404163871705051,45.0,0.8765743073047859,0.9353448275862069,0.05667506297229219,Healthy Growth
LODHA,Mar 2019,13.80700428319476,26.698580666834637,42.80135381411091,10.782850552879724,6.675605311116897,5.596830985915493,0.23878950746029198,-638.0,-0.2816301703163017,-0.3779697624190065,-0.3880778588807786,Cash Burn
LODHA,Mar 2020,5.96319215623242,15.406252511452223,16.300527240773285,8.343852013057672,4.047231985940246,2.5905405405405406,0.30577740643353896,3590.0,5.083557951482479,0.048250265111346766,4.8382749326145555,Healthy Growth
LODHA,Mar 2021,0.8808955771701229,25.380803817214172,1.0437051532941943,6.067918567918568,3.9558599695586,1.2174295774647887,0.13862318103185103,2104.0,52.583333333333336,0.1664025356576862,43.833333333333336,Healthy Growth
LODHA,Mar 2022,13.08350481966858,23.675944979963177,9.97852304642326,9.245865583893753,0.9529985131339831,3.177325581395349,0.24041766482658056,859.0,1.653973509933775,0.57007007007007,0.7110927152317881,Healthy Growth
LODHA,Mar 2023,5.174234424498416,21.795142555438225,3.8695411829740185,9.50145007595636,0.7154702677090736,4.282157676348548,0.24206328919789377,961.0,5.612244897959184,0.6505454545454545,1.9612244897959183,Healthy Growth
LODHA,Mar 2024,15.063978286157425,25.833656455990695,8.895758200240426,10.589263718361346,0.4406663232010991,5.529045643153527,0.21856858341455146,-435.0,1.6164736164736164,1.1731687898089171,-0.2799227799227799,Aggressive Expansion
LODHA,TTM,18.498600265212907,28.08310004420215,,,,7.416342412451362,,,,,,
LT,Mar 2013,7.1090747856931715,15.309166151613685,395.1456310679612,724.3483788938335,0.17475728155339806,2.4545454545454546,31.969931271477662,-11277.0,-0.8230958230958231,-1.5894374282433983,-2.1313551313551313,Cash Burn
LT,Mar 2014,5.743410068897406,16.561243445340608,303.41614906832297,818.9534883720929,0.06832298136645963,2.169079149984601,31.903225806451612,-12653.0,-1.462231320368475,-0.7713845723085538,-2.5901740020470827,Cash Burn
LT,Mar 2015,5.401995017894244,17.06099272264465,245.11352418558738,698.9304812834224,0.10760118460019744,2.1585466556564823,30.869375419744795,-6143.0,-0.27486910994764396,-3.5003663003663004,-1.2370116794200563,Cash Burn
LT,Mar 2016,4.541049425446491,15.314174956982654,216.09411764705882,710.3669724770642,0.02588235294117647,2.2446731410349328,32.23525661459993,-7867.0,-0.705574912891986,-1.4280864197530865,-1.7131968641114983,Cash Burn
LT,Mar 2017,5.933474824355972,15.20418618266979,206.29770992366412,528.6259541984733,0.0,2.4337384682969687,24.748019017432647,-3141.0,1.0260561208757324,1.4719759579263711,-0.4842738205365402,Aggressive Expansion
LT,Mar 2018,6.687666585897746,16.8035560605934,207.3575129533679,521.0103626943005,0.0,2.6070780399274045,22.42514521266629,-13945.0,-1.253248375812094,-0.3901904097298375,-1.7422538730634682,Cash Burn
LT,Mar 2019,7.555834935660405,16.910220381600354,208.80850194154914,467.3206621704476,0.0,2.448442017346611,20.29111644657863,-15779.0,-0.46549867867280026,-2.317703952901598,-1.5443868063032202,Cash Burn
LT,Mar 2020,7.489756070731238,16.880482908450897,201.59141376757955,388.7428752374921,0.1687638786084382,2.227837764268215,16.500510493477027,-1714.0,0.6144666789058197,1.2560501942037645,-0.1573343124655774,Aggressive Expansion
LT,Mar 2021,9.502202545981364,17.252664014296325,176.90306681270536,289.5581337941249,0.1092552026286966,1.996595744680851,12.701195591257239,17324.0,1.7857750948069036,0.24919823177602496,1.34076309883136,Healthy Growth
LT,Mar 2022,6.656614767347513,15.534017799528499,72.92133258678611,167.15248178193318,0.018057110862262037,2.632809962100704,7.608448376433988,15579.0,1.8393319896343219,0.18706950532247965,1.495249064209617,Healthy Growth
LT,Mar 2023,6.834805089968965,14.817198553515034,75.52434908389586,149.81525395687422,0.09287608486017358,2.876230809952356,7.8080575784676975,14729.0,1.8176522224882292,0.35333889449883654,1.175404995610885,Healthy Growth
LT,Mar 2024,7.031246466738726,13.506668535997433,77.66510140873214,135.2030422382181,0.10345688880007993,3.139718250630782,8.027628521638107,16087.0,1.1748890461182222,0.1192926749151429,1.0347333890782788,Healthy Growth
LT,TTM,6.760688376220796,12.899728316609524,,,,3.271231422505308,,,,,,
LTIM,Mar 2013,14.593612048818489,22.591534666320438,41.97162061239731,55.30832803560076,0.17475728155339806,41.42857142857143,1.654209621993127,384.0,1.0818505338078293,0.3684210526315789,0.6832740213523132,Healthy Growth
LTIM,Mar 2014,20.243902439024392,23.3130081300813,61.86335403726708,66.68604651162791,0.06832298136645963,37.0,1.8454613653413354,448.0,0.6305220883534136,0.28662420382165604,0.4497991967871486,Healthy Growth
LTIM,Mar 2015,15.447971072719968,20.188830855765367,37.95656465942744,44.786096256684495,0.10760118460019744,100.5,1.671591672263264,539.0,0.834850455136541,0.16043613707165108,0.7009102730819246,Healthy Growth
LTIM,Mar 2016,14.300376325692781,17.584673280875812,39.34117647058824,47.1559633027523,0.02588235294117647,171.33333333333334,1.8635639145680587,818.0,1.0263157894736843,0.046620046620046623,0.9784688995215312,Healthy Growth
LTIM,Mar 2017,14.936163667128133,18.920166128287956,30.884223918575067,39.12213740458015,0.0,410.0,1.4718134480416571,209.0,1.2049433573635426,0.8213675213675213,0.21524201853759012,Healthy Growth
LTIM,Mar 2018,15.22036682179031,16.24692033944703,28.808290155440414,30.751295336787564,0.0,74.1875,1.3689338579726438,392.0,0.7589928057553957,0.5355450236966824,0.35251798561151076,Healthy Growth
LTIM,Mar 2019,16.049121321194157,19.934363751852636,30.983036991620683,38.483547925608015,0.0,171.1818181818182,1.4174669867947178,646.0,0.9201846965699209,0.5369175627240144,0.4261213720316623,Healthy Growth
LTIM,Mar 2020,13.971872414744002,18.650611269418146,28.127313101406365,32.1247625079164,0.1687638786084382,24.44578313253012,1.2341463414634146,1001.0,1.081578947368421,0.3911192214111922,0.6585526315789474,Healthy Growth
LTIM,Mar 2021,15.666936135812449,22.029102667744542,26.533406352683457,33.63367069859294,0.1092552026286966,34.49367088607595,1.1554268634410612,743.0,1.238390092879257,0.6904166666666667,0.38338493292053666,Healthy Growth
LTIM,Mar 2022,15.128882760733847,20.10417863571948,27.645576707726764,36.08552179293277,0.018057110862262037,42.67479674796748,1.2691522457709508,1608.0,0.8230379746835443,0.5053829590895109,0.4070886075949367,Healthy Growth
LTIM,Mar 2023,13.289937618660158,18.40701564053883,26.57907425265188,33.68444272872663,0.09287608486017358,40.72,1.4131851284016865,2824.0,0.7018140589569161,0.08756058158319871,0.6403628117913832,Healthy Growth
LTIM,Mar 2024,12.90931103415266,17.982937748120616,22.904386052552702,28.914844492733938,0.10345688880007993,28.77027027027027,1.2894641301190821,1752.0,1.2366412213740459,0.691005291005291,0.3821155943293348,Healthy Growth
LTIM,TTM,12.319211398098522,17.32877265749145,,,,22.978571428571428,,,,,,
M&M,Mar 2013,6.010801682849781,13.270638929730833,20.685336405991684,18.729454306377384,1.438354791844096,3.9686547670875054,0.9022999829241701,-3825.0,-0.223298619520465,-3.148590021691974,-0.9263744248001937,Cash Burn
M&M,Mar 2014,6.964770746341266,13.743057526249643,22.11352812459776,17.39234531586688,1.5088599991418887,3.4427894380501014,0.8419825006542343,-4768.0,-0.0473418703919286,-18.540983606557376,-0.9251067132324409,Cash Burn
M&M,Mar 2015,4.732112865300638,12.306852536110178,13.075762849518505,13.789047798268724,1.4661793711567468,2.7852391510928096,0.7570568788675087,-3302.0,0.3120378586217096,4.129857819905213,-0.976634131913635,Aggressive Expansion
M&M,Mar 2016,4.686119645046874,13.293601086483564,13.41537067794051,14.81666544198692,1.5685112486788464,2.9934679334916865,0.7595341104835156,-3121.0,0.6710748452447945,2.3085953878406706,-0.8781654473832302,Aggressive Expansion
M&M,Mar 2017,4.83568691583207,12.814391271650772,13.604002955201826,13.668194550547492,1.6375176304654442,2.943515217987387,0.7359160187991391,-5692.0,0.04517403110343125,32.10382513661202,-1.4050851641569984,Aggressive Expansion
M&M,Mar 2018,8.641170977479531,14.361413338545399,21.63970088375255,14.271686467471648,1.52,3.3172811637822925,0.675329437042143,-4785.0,0.0856999246041719,8.016129032258064,-0.6012817290776578,Aggressive Expansion
M&M,Mar 2019,5.745743451647711,14.521442690577821,15.0488957807068,13.720890364609179,1.771953080059025,3.02867954590719,0.6468691510850026,-11521.0,-0.7224530496925378,-1.6503335633770417,-1.9147415655642346,Cash Burn
M&M,Mar 2020,-0.4258311002626622,13.47536547186331,-0.8031224198754034,8.32206847395974,2.053891766118742,1.6870951669157948,0.4548866735861353,-8327.0,4.538940809968848,-4.715168153740563,25.94080996884735,Cash Burn
M&M,Mar 2021,2.035596004200436,15.464875198578316,3.636188735510557,9.399625226050881,1.9389399259294888,1.8824975417895773,0.45025701954318414,-1777.0,11.84457671957672,1.0992238539281924,-1.1752645502645502,Aggressive Expansion
M&M,Mar 2022,8.043606037417796,16.28350578345588,15.391634658234832,11.77201590661279,1.6468603442055896,2.9260661618174573,0.5230700512796714,5996.0,1.2750585964428511,0.35164359861591693,0.8266924031435268,Healthy Growth
M&M,Mar 2023,9.379148834409454,16.72727572586564,20.178831210304086,13.649546136609853,1.6365716921548452,3.479416809605489,0.5936323629474797,-15940.0,-0.6219447863548444,-1.2533220243143908,-1.4014418850008792,Cash Burn
M&M,Mar 2024,8.82238743726542,17.89787025985418,18.537543435564285,14.237260991666522,1.6414413053331318,3.3242521367521367,0.5925222177725139,-11245.0,-0.4588427057864711,-0.9973357015985791,-0.9164629176854115,Cash Burn
M&M,TTM,8.916808894189577,18.64654232896712,,,,3.2938612422811477,,,,,,
MARUTI,Mar 2013,5.575117370892019,9.843355001805707,12.980870296405298,21.17298635723649,0.08245743115408871,22.025252525252526,1.6100592361085875,940.0,1.6433198380566802,0.7684158659768416,0.3805668016194332,Healthy Growth
MARUTI,Mar 2014,6.407435678685286,11.92133267477886,13.276888723483438,22.595744680851062,0.09322664681801265,28.858695652173914,1.4151099250222392,-2.0,1.750175192711983,1.0004004004004003,-0.000700770847932726,Aggressive Expansion
MARUTI,Mar 2015,7.49788389992323,13.566662073581229,15.66329467883872,27.585654819084215,0.027387120651369355,31.61467889908257,1.4734750703367463,1958.0,1.693095300603833,0.6963870367498837,0.5140456812811761,Healthy Growth
MARUTI,Mar 2016,9.54522565073191,15.66965913629339,17.954664227854717,29.254060362433947,0.0075450744708649075,110.04878048780488,1.347867808828348,1252.0,1.543023467345825,0.8523933034661636,0.22776059668910315,Healthy Growth
MARUTI,Mar 2017,11.031798487185137,15.305867665418226,20.258934592043158,27.745680129928914,0.013054619015509103,117.08988764044943,1.3103348729792148,1109.0,1.3689255758221275,0.8921416066913052,0.14765011316735455,Healthy Growth
MARUTI,Mar 2018,9.874826147426981,15.183751206004336,18.517822317253696,28.39268978444236,0.002843111915223572,35.02312138728324,1.32467467799761,3486.0,1.4957492703971578,0.7042755344418052,0.44232965359725923,Healthy Growth
MARUTI,Mar 2019,8.889482734581959,12.845656922433424,16.24692092075087,23.39795140946415,0.00339760468869447,145.47368421052633,1.345464209226344,3061.0,0.8627630375114365,0.536282381457355,0.40007842112142206,Healthy Growth
MARUTI,Mar 2020,7.504625958234206,9.721120803595031,11.490903203610387,14.829525979393916,0.0037237164308987513,54.88805970149254,1.1890991387439491,2939.0,0.6157097569566748,0.15932494279176201,0.517611835153223,Healthy Growth
MARUTI,Mar 2021,6.236855567555278,7.689137725231626,8.359840764937811,10.201349873685004,0.010304565627321384,53.049019607843135,0.985933647164313,1565.0,2.017771701982228,0.8232836495031617,0.35657325131009343,Healthy Growth
MARUTI,Mar 2022,4.3926185893807315,6.511943846937621,7.012090434279725,10.315823454509585,0.007698841559286501,45.29133858267716,1.1831600942991856,1601.0,0.4742268041237113,0.1298913043478261,0.4126288659793814,Healthy Growth
MARUTI,Mar 2023,6.9791402753145855,11.081834304535091,11.077747989276139,17.300390254192596,0.016729222520107237,52.07142857142857,1.1828461830459713,1995.0,1.3086882865440466,0.8155339805825242,0.2414085188770571,Healthy Growth
MARUTI,Mar 2024,9.50809964894472,13.130031439890594,15.750385351954785,21.720016325578683,0.001389602503619973,96.01030927835052,1.230295566502463,4936.0,1.2456257413997627,0.7062079638116778,0.36595492289442466,Healthy Growth
MARUTI,TTM,9.655471617554902,13.611728977433149,,,,93.23584905660377,,,,,,
MOTHERSON,Mar 2013,1.7867025061269666,5.850264843070598,19.746614242027086,20.575559571805925,2.142420270860638,5.92,1.9858701624931314,397.0,3.2876106194690267,0.7328398384925976,0.8783185840707964,Healthy Growth
MOTHERSON,Mar 2014,3.6068915630959424,7.881238903136713,37.07333558634674,30.734709578151044,1.6356877323420074,8.153061224489797,1.9951456310679612,1323.0,2.456700091157703,0.509090909090909,1.2060164083865086,Healthy Growth
MOTHERSON,Mar 2015,3.7275323851014104,8.2051873863997,38.86883273164862,33.63690124186871,1.5436221419975933,8.943396226415095,1.9891535150645625,546.0,2.623839009287926,0.8389380530973451,0.42260061919504643,Healthy Growth
MOTHERSON,Mar 2016,4.766766981943251,9.533533963886502,40.34569024334774,33.900248423466465,1.3802592676825107,10.284057971014493,1.8924993643529113,282.0,1.23337091319053,0.8711151736745887,0.1589627959413754,Healthy Growth
MOTHERSON,Mar 2017,5.12554276005286,9.842835567302247,26.25725338491296,22.399441490789968,1.251088007736944,11.122666666666667,1.3265715001252192,-2345.0,1.7495395948434622,1.6171052631578948,-1.0796500920810312,Aggressive Expansion
MOTHERSON,Mar 2018,4.013995701827612,9.10786281370442,22.865236746256574,25.313456412281564,1.0495750708215297,12.476885644768856,1.5227727592362201,70.0,1.4442477876106194,0.9785539215686274,0.030973451327433628,Healthy Growth
MOTHERSON,Mar 2019,3.3027407395746424,8.418997843300852,19.13709750980571,23.772058496688448,1.0520842834990423,12.643026004728132,1.4857791083875194,994.0,2.0552907530981885,0.7694805194805194,0.47378455672068637,Healthy Growth
MOTHERSON,Mar 2020,2.1307777174002536,7.6635544797378525,11.490986590888909,19.076115915891297,1.166503862889619,7.8482293423271505,1.3485444007727667,4132.0,4.908809891808346,0.3494962216624685,3.1931993817619784,Healthy Growth
MOTHERSON,Mar 2021,2.7348788565452327,7.617221544361165,12.491043706711249,17.8432893716059,0.949765146087095,8.53515625,1.201491130704308,3165.0,3.2192479286169533,0.3733914076420511,2.017208413001912,Healthy Growth
MOTHERSON,Mar 2022,1.8534198889829712,7.391727036096214,5.741208470953954,13.577971081283485,0.6863221293957645,8.681399631675875,1.144420916627786,159.0,2.083756345177665,0.9354445797807551,0.13451776649746192,Healthy Growth
MOTHERSON,Mar 2023,2.119612123673656,7.933949332385643,7.438090147871014,17.246992605672663,0.6142882593978265,8.003841229193341,1.2846567748247186,2395.0,2.7802395209580837,0.48416971785483526,1.4341317365269461,Healthy Growth
MOTHERSON,Mar 2024,3.0600251286831757,9.445547764763102,11.546549416937488,20.231351867526097,0.7616899254444657,5.147432357813363,1.1724203473591674,925.0,2.5062913907284767,0.87779098956269,0.30629139072847683,Healthy Growth
MOTHERSON,TTM,3.769358761039294,9.575615732021722,,,,5.081999029597283,,,,,,
NAUKRI,Mar 2013,16.101694915254235,25.635593220338983,12.5,19.868637110016422,0.001644736842105263,40.333333333333336,0.5721212121212121,29.0,0.9868421052631579,0.6133333333333333,0.3815789473684211,Healthy Growth
NAUKRI,Mar 2014,10.582010582010582,17.10758377425044,8.928571428571429,14.413075780089152,0.001488095238095238,32.333333333333336,0.5349056603773585,-123.0,1.35,2.5185185185185186,-2.05,Aggressive Expansion
NAUKRI,Mar 2015,-1.912568306010929,2.8688524590163933,-0.9893992932862191,1.4830508474576272,0.0007067137809187279,5.25,0.3301759133964817,-1000.0,-3.642857142857143,20.607843137254903,71.42857142857143,Aggressive Expansion
NAUKRI,Mar 2016,15.775401069518717,12.165775401069519,7.647440051847052,5.89378238341969,0.0006480881399870382,30.333333333333332,0.38857142857142857,76.0,0.6610169491525424,0.02564102564102564,0.6440677966101694,Healthy Growth
NAUKRI,Mar 2017,-4.842342342342342,-1.0135135135135136,-2.701005025125628,-0.5649717514124294,0.000628140703517588,-2.25,0.43253774963468095,48.0,-4.953488372093023,0.7746478873239436,-1.1162790697674418,Healthy Growth
NAUKRI,Mar 2018,50.708502024291505,22.16599190283401,24.49877750611247,10.703812316715542,0.0004889975550122249,43.8,0.38058551617873654,104.0,0.5049900199600799,0.5889328063241107,0.20758483033932135,Healthy Growth
NAUKRI,Mar 2019,51.433536055603824,0.7819287576020852,23.27959103421156,0.3537735849056604,0.00039323633503735744,1.2857142857142858,0.36092819065537785,217.0,0.46621621621621623,0.213768115942029,0.36655405405405406,Healthy Growth
NAUKRI,Mar 2020,-18.75,-26.676829268292686,-11.207289293849659,-15.404929577464788,0.03507972665148064,-25.0,0.4535084687175942,253.0,-1.4227642276422765,0.27714285714285714,-1.0284552845528456,Healthy Growth
NAUKRI,Mar 2021,125.70921985815602,6.560283687943262,26.278724981467754,1.3550631752426296,0.012045959970348406,6.7272727272727275,0.1792752701843611,-1767.0,0.19464033850493653,7.4021739130434785,-1.2461212976022567,Aggressive Expansion
NAUKRI,Mar 2022,810.6985525487728,28.067967275015732,74.71291033522793,2.577140875996764,0.0037118663728105787,40.54545454545455,0.0775765268759459,-470.0,0.05488278217668064,1.6647807637906649,-0.03648501785437044,Aggressive Expansion
NAUKRI,Mar 2023,-2.9838022165387894,14.83375959079284,-0.522466039707419,2.576632607729898,0.00806090461262875,19.333333333333332,0.14083323328130629,154.0,-7.314285714285714,0.69921875,-2.2,Healthy Growth
NAUKRI,Mar 2024,23.462145110410095,28.036277602523658,1.9661621835965897,2.3305362527861546,0.008129006675038002,20.314285714285713,0.07027071960985341,-150.0,1.1798319327731093,1.2136752136752136,-0.25210084033613445,Aggressive Expansion
NAUKRI,TTM,20.698722764838468,28.211870773854248,,,,34.13636363636363,,,,,,
NESTLEIND,Dec 2013,12.27337655202725,21.404241292165697,47.170608108108105,54.76525161653078,0.5021114864864865,52.648648648648646,1.441400063351283,1355.0,1.6078782452999105,0.2455456570155902,1.2130707251566697,Healthy Growth
NESTLEIND,Dec 2014,12.02435312024353,20.690005073566716,41.76947479732112,71.36856842842143,0.007049700387733521,145.64285714285714,1.693298969072165,1212.0,1.3873417721518988,0.26277372262773724,1.0227848101265822,Healthy Growth
NESTLEIND,Dec 2015,6.886850152905198,19.021406727828747,19.985800496982606,54.85008818342152,0.006389776357827476,518.3333333333334,1.343246795925074,1028.0,1.9502664298401422,0.06375227686703097,1.8259325044404973,Healthy Growth
NESTLEIND,Dec 2016,10.95066185318893,20.238485942457064,30.499695307739184,55.80693815987934,0.010054844606946984,20.32967032967033,1.3422907488986784,1340.0,1.4645354645354645,0.08594815825375171,1.3386613386613386,Healthy Growth
NESTLEIND,Dec 2017,12.237762237762238,20.94905094905095,35.8187134502924,60.6946454413893,0.01023391812865497,22.793478260869566,1.3595002037213093,1687.0,1.4840816326530613,0.07205720572057206,1.3771428571428572,Healthy Growth
NESTLEIND,Dec 2018,14.231314204746722,23.18455543747786,43.75170160631636,70.60409924487594,0.00952899537163082,23.375,1.3961424332344214,2000.0,1.2769135034225265,0.025341130604288498,1.2445550715619167,Healthy Growth
NESTLEIND,Dec 2019,15.910744603444094,23.655913978494624,102.60688216892598,138.8704318936877,0.09854014598540146,22.68217054263566,1.7243831033040569,2212.0,1.166158536585366,0.03616557734204793,1.1239837398373984,Healthy Growth
NESTLEIND,Dec 2020,15.595505617977528,23.98501872659176,103.12035661218424,147.83010156971378,0.07280832095096583,19.524390243902438,1.6898734177215189,2133.0,1.1786743515850144,0.13080684596577016,1.0244956772334295,Healthy Growth
NESTLEIND,Dec 2021,14.368089003459739,24.163896614883658,108.83864337101747,161.03074141048825,0.1366906474820144,17.633663366336634,1.790259897983969,316.0,1.0557129367327667,0.8586762075134168,0.14919735599622286,Healthy Growth
NESTLEIND,Dec 2022,14.150440906669823,21.932887494821564,97.23464823098821,135.75091575091577,0.11020740138267589,23.90967741935484,1.8818353936964027,2345.0,1.1447093266415727,0.1432225063938619,0.9807611877875366,Healthy Growth
NESTLEIND,Dec 2023,15.680225870542715,23.376555474223572,121.96014640097602,163.77289377289378,0.11020740138267589,37.57142857142857,2.130081300813008,2465.0,1.1310436812270757,0.27329009433962265,0.8219406468822941,Healthy Growth
NESTLEIND,Mar 2024,16.12281708616873,23.829630236943512,117.75449101796407,157.74762550881954,0.10329341317365269,40.08965517241379,2.318160220469448,2938.0,1.0615306381896772,0.2962874251497006,0.7470124586829392,Healthy Growth
NESTLEIND,TTM,16.794703325583747,23.88557565955726,,,,41.823008849557525,,,,,,
NHPC,Mar 2013,45.02429086350102,65.06817113305125,9.64255747608659,8.28163957315249,0.6826648766571572,6.795417348608838,0.10232356761437437,1516.0,0.9906021580229725,0.46732255797610683,0.5276714235990254,Healthy Growth
NHPC,Mar 2014,22.10041954256327,58.76302611990797,5.781349571620761,8.849485376541324,0.7370601147065071,3.6093100581878637,0.1202891236752568,2702.0,2.3417023882424983,0.29341004184100417,1.6546233925290876,Healthy Growth
NHPC,Mar 2015,34.03478895511495,62.44982362243036,9.096820339423891,9.999610455377663,0.669224266857403,3.9614197530864197,0.13381405039390584,3293.0,1.4513938527519656,0.1891159812853977,1.1769120800571837,Healthy Growth
NHPC,Mar 2016,28.309791716542975,57.25401005506344,7.4740068893594165,9.272794245943274,0.6300919634674336,4.123275862068965,0.13297677602152078,5225.0,2.5247357293868924,0.12493719644950595,2.2093023255813953,Healthy Growth
NHPC,Mar 2017,40.357184274614404,56.63922068885539,11.993796312252284,10.123958376518386,0.6626572462519387,4.310679611650485,0.14327014139265953,6465.0,2.393390804597701,0.22379637411453956,1.8577586206896552,Healthy Growth
NHPC,Mar 2018,35.912314635718886,54.77756286266925,9.270663426650245,8.733013999958885,0.6192203987883226,4.597402597402597,0.12322628827483197,3810.0,1.6861759425493716,0.18867120954003408,1.3680430879712746,Healthy Growth
NHPC,Mar 2019,31.570744740064566,55.449181787821445,9.208390155204883,9.989170543879352,0.6190661731281252,5.559151785714286,0.13460904486468667,2642.0,1.3483779971791254,0.3091004184100418,0.9315937940761636,Healthy Growth
NHPC,Mar 2020,33.42326139088729,54.416466826538766,10.659316146712978,9.973080374310985,0.7401293776488959,6.209806157354618,0.1404099499137169,6.0,0.8947683109118086,0.9979953224189776,0.0017937219730941704,Healthy Growth
NHPC,Mar 2021,37.3134328358209,54.69527363184079,10.891598342056696,9.353397851749442,0.7068949868393186,9.145580589254767,0.13191861737037847,3463.0,1.4083333333333334,0.3169625246548323,0.9619444444444445,Healthy Growth
NHPC,Mar 2022,41.272965879265094,43.88670166229222,10.807250651470463,6.576855630398086,0.7472867329114287,6.848122866894198,0.11831073387848048,1506.0,1.2162162162162162,0.6718954248366014,0.3990461049284579,Healthy Growth
NHPC,Mar 2023,40.17158480248892,58.30112190063166,11.5283677389681,9.299108284085953,0.7992208003030221,13.018947368421053,0.12303534351764855,514.0,1.1042008918094344,0.8907545164718385,0.12062896033794884,Healthy Growth
NHPC,Mar 2024,41.81893687707641,49.90656146179402,10.407730866621879,6.745435920463634,0.8413260296625498,7.90625,0.10324018993108032,970.0,1.7224428997020853,0.8601902565580859,0.24081429990069514,Healthy Growth
NHPC,TTM,35.26315789473684,51.75438596491229,,,,6.984679665738161,,,,,,
NTPC,Mar 2013,17.598366844710423,25.376828211079726,15.492368291482029,11.966978550564095,0.8668020679468242,7.285828984343637,0.4000425112990558,-337.0,1.3116160813602415,1.0204143445602132,-0.02677578261560464,Aggressive Expansion
NTPC,Mar 2014,14.557640750670242,25.184475935146178,13.057518121128147,11.687719215091478,0.9327371205441491,6.045663499846767,0.3914190627529757,1022.0,1.4497062176620188,0.9381767588167685,0.08962553713934929,Healthy Growth
NTPC,Mar 2015,12.496716985379642,21.70166464474655,12.171413257972569,9.412734748787607,1.2455477866835578,4.7293540474243665,0.3639173099330032,-1088.0,1.4900920736589272,1.073074081536705,-0.1088871096877502,Aggressive Expansion
NTPC,Mar 2016,14.688811379366722,25.298381383181646,11.772863772863772,9.721516866580453,1.0857111657111658,5.516339869281046,0.32669085082233545,4963.0,2.237733048882293,0.794279792746114,0.46034690659493555,Healthy Growth
NTPC,Mar 2017,13.059164818020038,26.32554057677775,10.950755330239783,10.206463747158702,1.1628712770089331,5.754862776445511,0.33001476261157436,-4313.0,1.8823035280940825,1.2138642336490306,-0.40255740153070746,Aggressive Expansion
NTPC,Mar 2018,11.922845497996208,25.52705970505092,10.140687311105317,9.624933650668629,1.2557477091239149,5.056217674836969,0.3118070600229387,-1008.0,1.8729765758903065,1.0512455516014234,-0.09598171776804418,Aggressive Expansion
NTPC,Mar 2019,13.993837685841633,22.645008824673187,12.602710202322262,7.984810927693688,1.5540828147310004,4.051739518287244,0.2890756738526993,-5377.0,1.331480689753456,1.287755538906133,-0.3831409434231153,Aggressive Expansion
NTPC,Mar 2020,10.872981071402469,28.855148724694878,10.015146415348369,9.814681316495973,1.7080444294850219,3.857125412138234,0.28991786931660174,-5738.0,2.007225676356915,1.2401841774801172,-0.4821038480927575,Aggressive Expansion
NTPC,Mar 2021,13.421380602702387,30.524248863544667,11.904818711775981,10.13374133419855,1.6717804340737559,3.6908065915004338,0.2802131540467612,11410.0,2.1674126528158193,0.6483171002342498,0.7622419667312446,Healthy Growth
NTPC,Mar 2022,12.7836947591374,30.42308301110282,12.528255056362376,11.66258766011425,1.5564805649533884,4.304820819112628,0.3190454776098944,18897.0,2.463915094339623,0.54778883890112,1.1142099056603774,Healthy Growth
NTPC,Mar 2023,9.716413082340656,27.011412713456334,11.645116750440407,12.866009255655031,1.5161777408976826,4.157945313182493,0.39403250079943825,21007.0,2.7540447403773145,0.5544833729216152,1.2269727235558672,Healthy Growth
NTPC,Mar 2024,11.950633329785267,28.82672926202094,13.273598407068633,12.933810240774582,1.475521125007778,4.183074546784814,0.37243729109201756,8644.0,1.9119163697731107,0.7880593355400269,0.4052128258016126,Healthy Growth
NTPC,TTM,12.12854775891378,28.184106900781096,,,,4.199759519038076,,,,,,
ONGC,Mar 2013,14.812574081390755,26.855121493480837,15.730882198678275,25.114020806632258,0.1356210007342914,89.87809917355372,0.6391817665256645,-1346.0,1.6618321246978411,1.0337563324472088,-0.05609735767275152,Aggressive Expansion
ONGC,Mar 2014,15.314063208917936,28.216010705199256,15.489218829871277,22.204144351795357,0.285288582183187,78.73397435897436,0.5357964895869234,-10363.0,1.9977498593662104,1.1945372629998123,-0.38863678979936245,Aggressive Expansion
ONGC,Mar 2015,11.000913480360172,26.293320407896942,9.810201989415644,18.051271549793302,0.2989332520572996,14.773743016759777,0.47631916222432047,3892.0,1.9177540529853696,0.8853608247422681,0.21984974298141557,Healthy Growth
ONGC,Mar 2016,10.563062336740945,31.55132380921668,6.623393693065202,16.08415463146387,0.23001405360591262,10.391662241104621,0.36292030944606346,8036.0,3.533201038009464,0.8264062905037588,0.613341474584033,Healthy Growth
ONGC,Mar 2017,10.325090440557014,18.691284432897,15.005710287777926,19.242388353406337,0.41170145998168595,14.704539125591758,0.6355233113998088,1965.0,1.5694744420446365,0.9570773263433814,0.06736603928828551,Healthy Growth
ONGC,Mar 2018,8.077940912161534,17.628739471841243,12.777241335365824,18.317668537426464,0.5222552801454766,11.380076015203041,0.7027079994425476,-10006.0,2.178609789780574,1.1761867868713904,-0.3838422587079945,Aggressive Expansion
ONGC,Mar 2019,8.049352029296244,17.745431948845418,15.644389537831781,23.04420406805554,0.4966579697050716,12.81805722117526,0.8563623327639471,24326.0,1.8108904472862277,0.6041849718506948,0.7167776533679062,Healthy Growth
ONGC,Mar 2020,2.8876207376338447,13.13368353128592,5.585459084171932,15.573395660789593,0.6312553631328497,6.957537721992256,0.7804014446341597,17434.0,6.162098463687151,0.753035003470599,1.521822625698324,Healthy Growth
ONGC,Mar 2021,7.029807568891126,16.28210064867747,9.665989383702671,13.968794470420818,0.6027079251157339,9.740696987595983,0.5608677835451169,8044.0,2.2090355805243447,0.8295220938857688,0.3765917602996255,Healthy Growth
ONGC,Mar 2022,10.03448374134344,16.259470815029538,18.995541477362497,20.937432009835145,0.4700754904567577,14.022823033707866,0.8422418818365738,37051.0,1.5873737168823792,0.5264926899090072,0.7516330587901164,Healthy Growth
ONGC,Mar 2023,5.184005465837723,11.944974703103476,11.679440720905623,17.859220339463988,0.5068823112308345,9.573710229433388,1.0312763510923726,11372.0,2.625602538287876,0.8678627036322651,0.3469400207456221,Healthy Growth
ONGC,Mar 2024,9.655290194725701,17.388518015001793,16.940398136885513,20.975989850097196,0.45444863084819176,10.087796743182263,0.8332173339682772,42060.0,1.7383758603176827,0.5762771626890181,0.7365895518467277,Healthy Growth
ONGC,TTM,6.424834596944863,13.036402335530612,,,,6.8194091486658195,,,,,,
PFC,Mar 2013,25.63243617881483,34.578953448076696,18.741554054054056,3.669561699754218,,0.5445202364711232,0.10225004429221048,-25124.0,-5.65615141955836,-0.0008764241893076249,-5.661108607480847,Cash Burn
PFC,Mar 2014,25.515018451908254,35.53510533937497,19.845941428675243,4.073643680684599,,0.5827779054623459,0.11016364759160148,-22482.0,-4.1144269498352255,-0.00040048057669203043,-4.116074697912852,Cash Burn
PFC,Mar 2015,24.027533215943652,33.73219145189691,18.52457498997254,3.8277794428852987,,0.5453545548654244,0.10915985182078702,-21946.0,-3.5734510326449036,-0.022885108366348172,-3.6552298467688207,Cash Burn
PFC,Mar 2016,22.19590108036323,32.88467750619145,17.164427667369825,3.8709186777529916,,0.5500390226331272,0.11269719278375535,-15271.0,-2.1503880983182406,-0.1483681756655136,-2.469437257438551,Cash Burn
PFC,Mar 2017,8.107030201950618,19.125484935281534,6.068666033383091,2.199401262518867,,0.31458730916030536,0.10627001159757568,1128.0,0.802772808586762,0.3715877437325905,0.5044722719141324,Healthy Growth
PFC,Mar 2018,18.091888779203686,24.169134583744654,22.08414921925993,2.4433194382361196,,0.3879956419822378,0.09305476612870815,-58557.0,-6.496305558713198,-0.024655281024707775,-6.656473797885643,Cash Burn
PFC,Mar 2019,23.361549550881602,32.866964846782246,26.824558052672902,3.03149116362006,,0.5135587836081671,0.08603699657639349,-93715.0,-6.349050632911393,-0.16775905896426258,-7.414161392405063,Cash Burn
PFC,Mar 2020,15.23902941034588,22.53131582755793,19.18421052631579,2.169171203834287,,0.34305300526380217,0.08954228885807629,-42221.0,-4.447398965917484,-0.0017319920280914872,-4.4551018254721955,Cash Burn
PFC,Mar 2021,21.932566707602994,27.731104164340735,25.86272154294272,2.7581411036728487,,0.4447005639602542,0.09237508492252874,-60884.0,-3.763234919826928,-0.02943712696346144,-3.8740137439552047,Cash Burn
PFC,Mar 2022,24.60989745876059,30.602396999816424,26.18449690272895,3.1875894622974466,,0.5219978080475967,0.09641213653603034,4357.0,0.2612958226768968,0.1115415986949429,0.23215046888320545,Healthy Growth
PFC,Mar 2023,27.263014262911284,34.11384583698059,25.165759642577058,3.172571817132678,,0.5636471914413935,0.08669005660006784,-76411.0,-3.527881391944851,-0.022672216496915025,-3.6078662826384624,Cash Burn
PFC,Mar 2024,28.916597455960137,36.68859553263103,26.1609340860332,3.4859018926226346,,0.5792243193816639,0.0880835748601615,-101229.0,-3.6967612713049394,-0.0348497239828256,-3.825592381240316,Cash Burn
PFC,TTM,28.77985165865189,36.43736245822806,,,,0.581481180391838,,,,,,
PIDILITIND,Mar 2013,11.52800435019032,15.171288743882544,25.681405208964264,31.66855845629966,0.06723198061780739,34.875,1.4059633027522935,328.0,1.1132075471698113,0.3050847457627119,0.7735849056603774,Healthy Growth
PIDILITIND,Mar 2014,10.506654214335747,15.689936960074713,23.05327868852459,33.633633633633636,0.0235655737704918,42.0,1.462773224043716,295.0,0.8755555555555555,0.2512690355329949,0.6555555555555556,Healthy Growth
PIDILITIND,Mar 2015,10.611065235342693,15.91659785301404,22.643171806167402,33.118556701030926,0.02555066079295154,48.1875,1.461236802413273,116.0,1.0739299610894941,0.7898550724637681,0.22568093385214008,Healthy Growth
PIDILITIND,Mar 2016,15.05316172355904,21.88024622271964,30.591357088703564,43.15673289183223,0.030326004548900682,90.23076923076923,1.4434571890145396,416.0,1.123915737298637,0.5413450937155457,0.5154894671623296,Healthy Growth
PIDILITIND,Mar 2017,15.364073348762686,22.467509346626315,24.863151829443964,35.360044830484725,0.028233938346297897,90.14285714285714,1.1775681341719078,-85.0,0.9200463499420626,1.1070528967254407,-0.0984936268829664,Aggressive Expansion
PIDILITIND,Mar 2018,15.893385982230997,22.063178677196447,27.028539451594852,36.25304136253041,0.03497481813094572,83.8125,1.169070975187536,757.0,0.8240165631469979,0.048994974874371856,0.7836438923395446,Healthy Growth
PIDILITIND,Mar 2019,13.111048318734106,19.369878496750495,22.372227579556416,32.17554564656184,0.027242044358727097,52.73076923076923,1.1988482384823849,332.0,0.9105603448275862,0.6071005917159763,0.3577586206896552,Healthy Growth
PIDILITIND,Mar 2020,15.382506169454347,21.606800109679188,25.179533213644522,33.22091062394604,0.06463195691202872,46.35294117647059,1.11819714855128,1177.0,1.1408199643493762,0.08046875,1.0490196078431373,Healthy Growth
PIDILITIND,Mar 2021,15.439462498286026,23.118058412176058,20.132308242445916,28.460499662390276,0.059181119256213124,45.567567567567565,0.827433628318584,-296.0,1.236234458259325,1.2126436781609196,-0.26287744227353466,Aggressive Expansion
PIDILITIND,Mar 2022,12.166112287067836,18.707791553270837,18.847595252966894,27.21407624633431,0.06495940037476577,44.19047619047619,1.044975774173162,397.0,0.7912178956089478,0.5842931937172775,0.32891466445733225,Healthy Growth
PIDILITIND,Mar 2023,10.924654631748453,16.831934909738113,17.872989462007766,26.121267920557674,0.05421519689406545,41.375,1.1231794383626845,659.0,1.208688906128782,0.5770218228498074,0.5112490302560124,Healthy Growth
PIDILITIND,Mar 2024,14.108051360736493,21.868690947266415,20.780302129178065,30.81124132438275,0.045438325205186154,53.09803921568628,1.0254223252732693,955.0,1.559244419004007,0.6494126284875184,0.5466514024041214,Healthy Growth
PIDILITIND,TTM,15.29338810944888,22.88194713588094,,,,60.244897959183675,,,,,,
PNB,Mar 2013,11.655174014998492,,812.2977346278317,,,,5.626518615284128,-1292.0,-0.13784860557768924,-0.8670520231213873,-0.25737051792828686,Cash Burn
PNB,Mar 2013,11.655174014998492,,812.2977346278317,,,,5.626518615284128,-1292.0,-0.13784860557768924,-0.8670520231213873,-0.25737051792828686,Cash Burn
PNB,Mar 2013,11.655174014998492,,812.2977346278317,,,,5.626518615284128,-1292.0,-0.13784860557768924,-0.8670520231213873,-0.25737051792828686,Cash Burn
PNB,Mar 2013,11.655174014998492,,812.2977346278317,,,,5.626518615284128,-1292.0,-0.13784860557768924,-0.8670520231213873,-0.25737051792828686,Cash Burn
PNB,Mar 2013,11.655174014998492,,812.2977346278317,,,,5.626518615284128,-1292.0,-0.13784860557768924,-0.8670520231213873,-0.25737051792828686,Cash Burn
PNB,Mar 2013,11.655174014998492,,812.2977346278317,,,,5.626518615284128,-1292.0,-0.13784860557768924,-0.8670520231213873,-0.25737051792828686,Cash Burn
PNB,Mar 2013,11.655174014998492,,812.2977346278317,,,,5.626518615284128,-1292.0,-0.13784860557768924,-0.8670520231213873,-0.25737051792828686,Cash Burn
PNB,Mar 2013,11.655174014998492,,812.2977346278317,,,,5.626518615284128,-1292.0,-0.13784860557768924,-0.8670520231213873,-0.25737051792828686,Cash Burn
PNB,Mar 2013,11.655174014998492,,812.2977346278317,,,,5.626518615284128,-1292.0,-0.13784860557768924,-0.8670520231213873,-0.25737051792828686,Cash Burn
PNB,Mar 2013,11.655174014998492,,812.2977346278317,,,,5.626518615284128,-1292.0,-0.13784860557768924,-0.8670520231213873,-0.25737051792828686,Cash Burn
PNB,Mar 2013,11.655174014998492,,812.2977346278317,,,,5.626518615284128,-1292.0,-0.13784860557768924,-0.8670520231213873,-0.25737051792828686,Cash Burn
PNB,Mar 2013,11.655174014998492,,812.2977346278317,,,,5.626518615284128,-1292.0,-0.13784860557768924,-0.8670520231213873,-0.25737051792828686,Cash Burn
PNB,Mar 2013,11.655174014998492,,812.2977346278317,,,,5.626518615284128,-1292.0,-0.13784860557768924,-0.8670520231213873,-0.25737051792828686,Cash Burn
PNB,Mar 2013,11.655174014998492,,812.2977346278317,,,,5.626518615284128,-1292.0,-0.13784860557768924,-0.8670520231213873,-0.25737051792828686,Cash Burn
PNB,Mar 2013,11.655174014998492,,812.2977346278317,,,,5.626518615284128,-1292.0,-0.13784860557768924,-0.8670520231213873,-0.25737051792828686,Cash Burn
PNB,Mar 2013,11.655174014998492,,812.2977346278317,,,,5.626518615284128,-1292.0,-0.13784860557768924,-0.8670520231213873,-0.25737051792828686,Cash Burn
PNB,Mar 2013,11.655174014998492,,812.2977346278317,,,,5.626518615284128,-1292.0,-0.13784860557768924,-0.8670520231213873,-0.25737051792828686,Cash Burn
PNB,Mar 2013,11.655174014998492,,812.2977346278317,,,,5.626518615284128,-1292.0,-0.13784860557768924,-0.8670520231213873,-0.25737051792828686,Cash Burn
PNB,Mar 2013,11.655174014998492,,812.2977346278317,,,,5.626518615284128,-1292.0,-0.13784860557768924,-0.8670520231213873,-0.25737051792828686,Cash Burn
PNB,Mar 2013,11.655174014998492,,812.2977346278317,,,,5.626518615284128,-1292.0,-0.13784860557768924,-0.8670520231213873,-0.25737051792828686,Cash Burn
PNB,Mar 2013,11.655174014998492,,812.2977346278317,,,,5.626518615284128,-1292.0,-0.13784860557768924,-0.8670520231213873,-0.25737051792828686,Cash Burn
PNB,Mar 2013,11.655174014998492,,812.2977346278317,,,,5.626518615284128,-1292.0,-0.13784860557768924,-0.8670520231213873,-0.25737051792828686,Cash Burn
PNB,Mar 2013,11.655174014998492,,812.2977346278317,,,,5.626518615284128,-1292.0,-0.13784860557768924,-0.8670520231213873,-0.25737051792828686,Cash Burn
PNB,Mar 2013,11.655174014998492,,812.2977346278317,,,,5.626518615284128,-1292.0,-0.13784860557768924,-0.8670520231213873,-0.25737051792828686,Cash Burn
PNB,Mar 2013,11.655174014998492,,812.2977346278317,,,,5.626518615284128,-1292.0,-0.13784860557768924,-0.8670520231213873,-0.25737051792828686,Cash Burn
PNB,Mar 2014,8.172071711375061,,393.3618843683083,,,,3.895840554592721,16604.0,4.601524224278715,0.017863480421152253,4.5193249863908544,Healthy Growth
PNB,Mar 2014,8.172071711375061,,393.3618843683083,,,,3.895840554592721,16604.0,4.601524224278715,0.017863480421152253,4.5193249863908544,Healthy Growth
PNB,Mar 2014,8.172071711375061,,393.3618843683083,,,,3.895840554592721,16604.0,4.601524224278715,0.017863480421152253,4.5193249863908544,Healthy Growth
PNB,Mar 2014,8.172071711375061,,393.3618843683083,,,,3.895840554592721,16604.0,4.601524224278715,0.017863480421152253,4.5193249863908544,Healthy Growth
PNB,Mar 2014,8.172071711375061,,393.3618843683083,,,,3.895840554592721,16604.0,4.601524224278715,0.017863480421152253,4.5193249863908544,Healthy Growth
PNB,Mar 2014,8.172071711375061,,393.3618843683083,,,,3.895840554592721,16604.0,4.601524224278715,0.017863480421152253,4.5193249863908544,Healthy Growth
PNB,Mar 2014,8.172071711375061,,393.3618843683083,,,,3.895840554592721,16604.0,4.601524224278715,0.017863480421152253,4.5193249863908544,Healthy Growth
PNB,Mar 2014,8.172071711375061,,393.3618843683083,,,,3.895840554592721,16604.0,4.601524224278715,0.017863480421152253,4.5193249863908544,Healthy Growth
PNB,Mar 2014,8.172071711375061,,393.3618843683083,,,,3.895840554592721,16604.0,4.601524224278715,0.017863480421152253,4.5193249863908544,Healthy Growth
PNB,Mar 2014,8.172071711375061,,393.3618843683083,,,,3.895840554592721,16604.0,4.601524224278715,0.017863480421152253,4.5193249863908544,Healthy Growth
PNB,Mar 2014,8.172071711375061,,393.3618843683083,,,,3.895840554592721,16604.0,4.601524224278715,0.017863480421152253,4.5193249863908544,Healthy Growth
PNB,Mar 2014,8.172071711375061,,393.3618843683083,,,,3.895840554592721,16604.0,4.601524224278715,0.017863480421152253,4.5193249863908544,Healthy Growth
PNB,Mar 2014,8.172071711375061,,393.3618843683083,,,,3.895840554592721,16604.0,4.601524224278715,0.017863480421152253,4.5193249863908544,Healthy Growth
PNB,Mar 2014,8.172071711375061,,393.3618843683083,,,,3.895840554592721,16604.0,4.601524224278715,0.017863480421152253,4.5193249863908544,Healthy Growth
PNB,Mar 2014,8.172071711375061,,393.3618843683083,,,,3.895840554592721,16604.0,4.601524224278715,0.017863480421152253,4.5193249863908544,Healthy Growth
PNB,Mar 2014,8.172071711375061,,393.3618843683083,,,,3.895840554592721,16604.0,4.601524224278715,0.017863480421152253,4.5193249863908544,Healthy Growth
PNB,Mar 2014,8.172071711375061,,393.3618843683083,,,,3.895840554592721,16604.0,4.601524224278715,0.017863480421152253,4.5193249863908544,Healthy Growth
PNB,Mar 2014,8.172071711375061,,393.3618843683083,,,,3.895840554592721,16604.0,4.601524224278715,0.017863480421152253,4.5193249863908544,Healthy Growth
PNB,Mar 2014,8.172071711375061,,393.3618843683083,,,,3.895840554592721,16604.0,4.601524224278715,0.017863480421152253,4.5193249863908544,Healthy Growth
PNB,Mar 2014,8.172071711375061,,393.3618843683083,,,,3.895840554592721,16604.0,4.601524224278715,0.017863480421152253,4.5193249863908544,Healthy Growth
PNB,Mar 2014,8.172071711375061,,393.3618843683083,,,,3.895840554592721,16604.0,4.601524224278715,0.017863480421152253,4.5193249863908544,Healthy Growth
PNB,Mar 2014,8.172071711375061,,393.3618843683083,,,,3.895840554592721,16604.0,4.601524224278715,0.017863480421152253,4.5193249863908544,Healthy Growth
PNB,Mar 2014,8.172071711375061,,393.3618843683083,,,,3.895840554592721,16604.0,4.601524224278715,0.017863480421152253,4.5193249863908544,Healthy Growth
PNB,Mar 2014,8.172071711375061,,393.3618843683083,,,,3.895840554592721,16604.0,4.601524224278715,0.017863480421152253,4.5193249863908544,Healthy Growth
PNB,Mar 2014,8.172071711375061,,393.3618843683083,,,,3.895840554592721,16604.0,4.601524224278715,0.017863480421152253,4.5193249863908544,Healthy Growth
PNB,Mar 2015,7.236707041675221,,223.2425585813806,,,,2.5589703178355663,3942.0,1.3656737588652483,0.1811383464894059,1.1182978723404255,Healthy Growth
PNB,Mar 2015,7.236707041675221,,223.2425585813806,,,,2.5589703178355663,3942.0,1.3656737588652483,0.1811383464894059,1.1182978723404255,Healthy Growth
PNB,Mar 2015,7.236707041675221,,223.2425585813806,,,,2.5589703178355663,3942.0,1.3656737588652483,0.1811383464894059,1.1182978723404255,Healthy Growth
PNB,Mar 2015,7.236707041675221,,223.2425585813806,,,,2.5589703178355663,3942.0,1.3656737588652483,0.1811383464894059,1.1182978723404255,Healthy Growth
PNB,Mar 2015,7.236707041675221,,223.2425585813806,,,,2.5589703178355663,3942.0,1.3656737588652483,0.1811383464894059,1.1182978723404255,Healthy Growth
PNB,Mar 2015,7.236707041675221,,223.2425585813806,,,,2.5589703178355663,3942.0,1.3656737588652483,0.1811383464894059,1.1182978723404255,Healthy Growth
PNB,Mar 2015,7.236707041675221,,223.2425585813806,,,,2.5589703178355663,3942.0,1.3656737588652483,0.1811383464894059,1.1182978723404255,Healthy Growth
PNB,Mar 2015,7.236707041675221,,223.2425585813806,,,,2.5589703178355663,3942.0,1.3656737588652483,0.1811383464894059,1.1182978723404255,Healthy Growth
PNB,Mar 2015,7.236707041675221,,223.2425585813806,,,,2.5589703178355663,3942.0,1.3656737588652483,0.1811383464894059,1.1182978723404255,Healthy Growth
PNB,Mar 2015,7.236707041675221,,223.2425585813806,,,,2.5589703178355663,3942.0,1.3656737588652483,0.1811383464894059,1.1182978723404255,Healthy Growth
PNB,Mar 2015,7.236707041675221,,223.2425585813806,,,,2.5589703178355663,3942.0,1.3656737588652483,0.1811383464894059,1.1182978723404255,Healthy Growth
PNB,Mar 2015,7.236707041675221,,223.2425585813806,,,,2.5589703178355663,3942.0,1.3656737588652483,0.1811383464894059,1.1182978723404255,Healthy Growth
PNB,Mar 2015,7.236707041675221,,223.2425585813806,,,,2.5589703178355663,3942.0,1.3656737588652483,0.1811383464894059,1.1182978723404255,Healthy Growth
PNB,Mar 2015,7.236707041675221,,223.2425585813806,,,,2.5589703178355663,3942.0,1.3656737588652483,0.1811383464894059,1.1182978723404255,Healthy Growth
PNB,Mar 2015,7.236707041675221,,223.2425585813806,,,,2.5589703178355663,3942.0,1.3656737588652483,0.1811383464894059,1.1182978723404255,Healthy Growth
PNB,Mar 2015,7.236707041675221,,223.2425585813806,,,,2.5589703178355663,3942.0,1.3656737588652483,0.1811383464894059,1.1182978723404255,Healthy Growth
PNB,Mar 2015,7.236707041675221,,223.2425585813806,,,,2.5589703178355663,3942.0,1.3656737588652483,0.1811383464894059,1.1182978723404255,Healthy Growth
PNB,Mar 2015,7.236707041675221,,223.2425585813806,,,,2.5589703178355663,3942.0,1.3656737588652483,0.1811383464894059,1.1182978723404255,Healthy Growth
PNB,Mar 2015,7.236707041675221,,223.2425585813806,,,,2.5589703178355663,3942.0,1.3656737588652483,0.1811383464894059,1.1182978723404255,Healthy Growth
PNB,Mar 2015,7.236707041675221,,223.2425585813806,,,,2.5589703178355663,3942.0,1.3656737588652483,0.1811383464894059,1.1182978723404255,Healthy Growth
PNB,Mar 2015,7.236707041675221,,223.2425585813806,,,,2.5589703178355663,3942.0,1.3656737588652483,0.1811383464894059,1.1182978723404255,Healthy Growth
PNB,Mar 2015,7.236707041675221,,223.2425585813806,,,,2.5589703178355663,3942.0,1.3656737588652483,0.1811383464894059,1.1182978723404255,Healthy Growth
PNB,Mar 2015,7.236707041675221,,223.2425585813806,,,,2.5589703178355663,3942.0,1.3656737588652483,0.1811383464894059,1.1182978723404255,Healthy Growth
PNB,Mar 2015,7.236707041675221,,223.2425585813806,,,,2.5589703178355663,3942.0,1.3656737588652483,0.1811383464894059,1.1182978723404255,Healthy Growth
PNB,Mar 2015,7.236707041675221,,223.2425585813806,,,,2.5589703178355663,3942.0,1.3656737588652483,0.1811383464894059,1.1182978723404255,Healthy Growth
PNB,Mar 2016,-6.908904810644831,,-163.56011183597388,,,,1.7122442789255503,12815.0,-4.036182336182336,0.09543304863414978,-3.650997150997151,Healthy Growth
PNB,Mar 2016,-6.908904810644831,,-163.56011183597388,,,,1.7122442789255503,12815.0,-4.036182336182336,0.09543304863414978,-3.650997150997151,Healthy Growth
PNB,Mar 2016,-6.908904810644831,,-163.56011183597388,,,,1.7122442789255503,12815.0,-4.036182336182336,0.09543304863414978,-3.650997150997151,Healthy Growth
PNB,Mar 2016,-6.908904810644831,,-163.56011183597388,,,,1.7122442789255503,12815.0,-4.036182336182336,0.09543304863414978,-3.650997150997151,Healthy Growth
PNB,Mar 2016,-6.908904810644831,,-163.56011183597388,,,,1.7122442789255503,12815.0,-4.036182336182336,0.09543304863414978,-3.650997150997151,Healthy Growth
PNB,Mar 2016,-6.908904810644831,,-163.56011183597388,,,,1.7122442789255503,12815.0,-4.036182336182336,0.09543304863414978,-3.650997150997151,Healthy Growth
PNB,Mar 2016,-6.908904810644831,,-163.56011183597388,,,,1.7122442789255503,12815.0,-4.036182336182336,0.09543304863414978,-3.650997150997151,Healthy Growth
PNB,Mar 2016,-6.908904810644831,,-163.56011183597388,,,,1.7122442789255503,12815.0,-4.036182336182336,0.09543304863414978,-3.650997150997151,Healthy Growth
PNB,Mar 2016,-6.908904810644831,,-163.56011183597388,,,,1.7122442789255503,12815.0,-4.036182336182336,0.09543304863414978,-3.650997150997151,Healthy Growth
PNB,Mar 2016,-6.908904810644831,,-163.56011183597388,,,,1.7122442789255503,12815.0,-4.036182336182336,0.09543304863414978,-3.650997150997151,Healthy Growth
PNB,Mar 2016,-6.908904810644831,,-163.56011183597388,,,,1.7122442789255503,12815.0,-4.036182336182336,0.09543304863414978,-3.650997150997151,Healthy Growth
PNB,Mar 2016,-6.908904810644831,,-163.56011183597388,,,,1.7122442789255503,12815.0,-4.036182336182336,0.09543304863414978,-3.650997150997151,Healthy Growth
PNB,Mar 2016,-6.908904810644831,,-163.56011183597388,,,,1.7122442789255503,12815.0,-4.036182336182336,0.09543304863414978,-3.650997150997151,Healthy Growth
PNB,Mar 2016,-6.908904810644831,,-163.56011183597388,,,,1.7122442789255503,12815.0,-4.036182336182336,0.09543304863414978,-3.650997150997151,Healthy Growth
PNB,Mar 2016,-6.908904810644831,,-163.56011183597388,,,,1.7122442789255503,12815.0,-4.036182336182336,0.09543304863414978,-3.650997150997151,Healthy Growth
PNB,Mar 2016,-6.908904810644831,,-163.56011183597388,,,,1.7122442789255503,12815.0,-4.036182336182336,0.09543304863414978,-3.650997150997151,Healthy Growth
PNB,Mar 2016,-6.908904810644831,,-163.56011183597388,,,,1.7122442789255503,12815.0,-4.036182336182336,0.09543304863414978,-3.650997150997151,Healthy Growth
PNB,Mar 2016,-6.908904810644831,,-163.56011183597388,,,,1.7122442789255503,12815.0,-4.036182336182336,0.09543304863414978,-3.650997150997151,Healthy Growth
PNB,Mar 2016,-6.908904810644831,,-163.56011183597388,,,,1.7122442789255503,12815.0,-4.036182336182336,0.09543304863414978,-3.650997150997151,Healthy Growth
PNB,Mar 2016,-6.908904810644831,,-163.56011183597388,,,,1.7122442789255503,12815.0,-4.036182336182336,0.09543304863414978,-3.650997150997151,Healthy Growth
PNB,Mar 2016,-6.908904810644831,,-163.56011183597388,,,,1.7122442789255503,12815.0,-4.036182336182336,0.09543304863414978,-3.650997150997151,Healthy Growth
PNB,Mar 2016,-6.908904810644831,,-163.56011183597388,,,,1.7122442789255503,12815.0,-4.036182336182336,0.09543304863414978,-3.650997150997151,Healthy Growth
PNB,Mar 2016,-6.908904810644831,,-163.56011183597388,,,,1.7122442789255503,12815.0,-4.036182336182336,0.09543304863414978,-3.650997150997151,Healthy Growth
PNB,Mar 2016,-6.908904810644831,,-163.56011183597388,,,,1.7122442789255503,12815.0,-4.036182336182336,0.09543304863414978,-3.650997150997151,Healthy Growth
PNB,Mar 2016,-6.908904810644831,,-163.56011183597388,,,,1.7122442789255503,12815.0,-4.036182336182336,0.09543304863414978,-3.650997150997151,Healthy Growth
PNB,Mar 2017,2.578134753839111,,22.212262459662963,,,,1.1186685288640597,21779.0,17.706214689265536,0.007247698058163917,17.577885391444713,Healthy Growth
PNB,Mar 2017,2.578134753839111,,22.212262459662963,,,,1.1186685288640597,21779.0,17.706214689265536,0.007247698058163917,17.577885391444713,Healthy Growth
PNB,Mar 2017,2.578134753839111,,22.212262459662963,,,,1.1186685288640597,21779.0,17.706214689265536,0.007247698058163917,17.577885391444713,Healthy Growth
PNB,Mar 2017,2.578134753839111,,22.212262459662963,,,,1.1186685288640597,21779.0,17.706214689265536,0.007247698058163917,17.577885391444713,Healthy Growth
PNB,Mar 2017,2.578134753839111,,22.212262459662963,,,,1.1186685288640597,21779.0,17.706214689265536,0.007247698058163917,17.577885391444713,Healthy Growth
PNB,Mar 2017,2.578134753839111,,22.212262459662963,,,,1.1186685288640597,21779.0,17.706214689265536,0.007247698058163917,17.577885391444713,Healthy Growth
PNB,Mar 2017,2.578134753839111,,22.212262459662963,,,,1.1186685288640597,21779.0,17.706214689265536,0.007247698058163917,17.577885391444713,Healthy Growth
PNB,Mar 2017,2.578134753839111,,22.212262459662963,,,,1.1186685288640597,21779.0,17.706214689265536,0.007247698058163917,17.577885391444713,Healthy Growth
PNB,Mar 2017,2.578134753839111,,22.212262459662963,,,,1.1186685288640597,21779.0,17.706214689265536,0.007247698058163917,17.577885391444713,Healthy Growth
PNB,Mar 2017,2.578134753839111,,22.212262459662963,,,,1.1186685288640597,21779.0,17.706214689265536,0.007247698058163917,17.577885391444713,Healthy Growth
PNB,Mar 2017,2.578134753839111,,22.212262459662963,,,,1.1186685288640597,21779.0,17.706214689265536,0.007247698058163917,17.577885391444713,Healthy Growth
PNB,Mar 2017,2.578134753839111,,22.212262459662963,,,,1.1186685288640597,21779.0,17.706214689265536,0.007247698058163917,17.577885391444713,Healthy Growth
PNB,Mar 2017,2.578134753839111,,22.212262459662963,,,,1.1186685288640597,21779.0,17.706214689265536,0.007247698058163917,17.577885391444713,Healthy Growth
PNB,Mar 2017,2.578134753839111,,22.212262459662963,,,,1.1186685288640597,21779.0,17.706214689265536,0.007247698058163917,17.577885391444713,Healthy Growth
PNB,Mar 2017,2.578134753839111,,22.212262459662963,,,,1.1186685288640597,21779.0,17.706214689265536,0.007247698058163917,17.577885391444713,Healthy Growth
PNB,Mar 2017,2.578134753839111,,22.212262459662963,,,,1.1186685288640597,21779.0,17.706214689265536,0.007247698058163917,17.577885391444713,Healthy Growth
PNB,Mar 2017,2.578134753839111,,22.212262459662963,,,,1.1186685288640597,21779.0,17.706214689265536,0.007247698058163917,17.577885391444713,Healthy Growth
PNB,Mar 2017,2.578134753839111,,22.212262459662963,,,,1.1186685288640597,21779.0,17.706214689265536,0.007247698058163917,17.577885391444713,Healthy Growth
PNB,Mar 2017,2.578134753839111,,22.212262459662963,,,,1.1186685288640597,21779.0,17.706214689265536,0.007247698058163917,17.577885391444713,Healthy Growth
PNB,Mar 2017,2.578134753839111,,22.212262459662963,,,,1.1186685288640597,21779.0,17.706214689265536,0.007247698058163917,17.577885391444713,Healthy Growth
PNB,Mar 2017,2.578134753839111,,22.212262459662963,,,,1.1186685288640597,21779.0,17.706214689265536,0.007247698058163917,17.577885391444713,Healthy Growth
PNB,Mar 2017,2.578134753839111,,22.212262459662963,,,,1.1186685288640597,21779.0,17.706214689265536,0.007247698058163917,17.577885391444713,Healthy Growth
PNB,Mar 2017,2.578134753839111,,22.212262459662963,,,,1.1186685288640597,21779.0,17.706214689265536,0.007247698058163917,17.577885391444713,Healthy Growth
PNB,Mar 2017,2.578134753839111,,22.212262459662963,,,,1.1186685288640597,21779.0,17.706214689265536,0.007247698058163917,17.577885391444713,Healthy Growth
PNB,Mar 2017,2.578134753839111,,22.212262459662963,,,,1.1186685288640597,21779.0,17.706214689265536,0.007247698058163917,17.577885391444713,Healthy Growth
PNB,Mar 2018,-24.855823499230375,,-184.36596133353632,,,,0.7731917864737059,-2134.0,0.14383618198332096,-0.22502870264064295,0.17620345140781107,Cash Burn
PNB,Mar 2018,-24.855823499230375,,-184.36596133353632,,,,0.7731917864737059,-2134.0,0.14383618198332096,-0.22502870264064295,0.17620345140781107,Cash Burn
PNB,Mar 2018,-24.855823499230375,,-184.36596133353632,,,,0.7731917864737059,-2134.0,0.14383618198332096,-0.22502870264064295,0.17620345140781107,Cash Burn
PNB,Mar 2018,-24.855823499230375,,-184.36596133353632,,,,0.7731917864737059,-2134.0,0.14383618198332096,-0.22502870264064295,0.17620345140781107,Cash Burn
PNB,Mar 2018,-24.855823499230375,,-184.36596133353632,,,,0.7731917864737059,-2134.0,0.14383618198332096,-0.22502870264064295,0.17620345140781107,Cash Burn
PNB,Mar 2018,-24.855823499230375,,-184.36596133353632,,,,0.7731917864737059,-2134.0,0.14383618198332096,-0.22502870264064295,0.17620345140781107,Cash Burn
PNB,Mar 2018,-24.855823499230375,,-184.36596133353632,,,,0.7731917864737059,-2134.0,0.14383618198332096,-0.22502870264064295,0.17620345140781107,Cash Burn
PNB,Mar 2018,-24.855823499230375,,-184.36596133353632,,,,0.7731917864737059,-2134.0,0.14383618198332096,-0.22502870264064295,0.17620345140781107,Cash Burn
PNB,Mar 2018,-24.855823499230375,,-184.36596133353632,,,,0.7731917864737059,-2134.0,0.14383618198332096,-0.22502870264064295,0.17620345140781107,Cash Burn
PNB,Mar 2018,-24.855823499230375,,-184.36596133353632,,,,0.7731917864737059,-2134.0,0.14383618198332096,-0.22502870264064295,0.17620345140781107,Cash Burn
PNB,Mar 2018,-24.855823499230375,,-184.36596133353632,,,,0.7731917864737059,-2134.0,0.14383618198332096,-0.22502870264064295,0.17620345140781107,Cash Burn
PNB,Mar 2018,-24.855823499230375,,-184.36596133353632,,,,0.7731917864737059,-2134.0,0.14383618198332096,-0.22502870264064295,0.17620345140781107,Cash Burn
PNB,Mar 2018,-24.855823499230375,,-184.36596133353632,,,,0.7731917864737059,-2134.0,0.14383618198332096,-0.22502870264064295,0.17620345140781107,Cash Burn
PNB,Mar 2018,-24.855823499230375,,-184.36596133353632,,,,0.7731917864737059,-2134.0,0.14383618198332096,-0.22502870264064295,0.17620345140781107,Cash Burn
PNB,Mar 2018,-24.855823499230375,,-184.36596133353632,,,,0.7731917864737059,-2134.0,0.14383618198332096,-0.22502870264064295,0.17620345140781107,Cash Burn
PNB,Mar 2018,-24.855823499230375,,-184.36596133353632,,,,0.7731917864737059,-2134.0,0.14383618198332096,-0.22502870264064295,0.17620345140781107,Cash Burn
PNB,Mar 2018,-24.855823499230375,,-184.36596133353632,,,,0.7731917864737059,-2134.0,0.14383618198332096,-0.22502870264064295,0.17620345140781107,Cash Burn
PNB,Mar 2018,-24.855823499230375,,-184.36596133353632,,,,0.7731917864737059,-2134.0,0.14383618198332096,-0.22502870264064295,0.17620345140781107,Cash Burn
PNB,Mar 2018,-24.855823499230375,,-184.36596133353632,,,,0.7731917864737059,-2134.0,0.14383618198332096,-0.22502870264064295,0.17620345140781107,Cash Burn
PNB,Mar 2018,-24.855823499230375,,-184.36596133353632,,,,0.7731917864737059,-2134.0,0.14383618198332096,-0.22502870264064295,0.17620345140781107,Cash Burn
PNB,Mar 2018,-24.855823499230375,,-184.36596133353632,,,,0.7731917864737059,-2134.0,0.14383618198332096,-0.22502870264064295,0.17620345140781107,Cash Burn
PNB,Mar 2018,-24.855823499230375,,-184.36596133353632,,,,0.7731917864737059,-2134.0,0.14383618198332096,-0.22502870264064295,0.17620345140781107,Cash Burn
PNB,Mar 2018,-24.855823499230375,,-184.36596133353632,,,,0.7731917864737059,-2134.0,0.14383618198332096,-0.22502870264064295,0.17620345140781107,Cash Burn
PNB,Mar 2018,-24.855823499230375,,-184.36596133353632,,,,0.7731917864737059,-2134.0,0.14383618198332096,-0.22502870264064295,0.17620345140781107,Cash Burn
PNB,Mar 2018,-24.855823499230375,,-184.36596133353632,,,,0.7731917864737059,-2134.0,0.14383618198332096,-0.22502870264064295,0.17620345140781107,Cash Burn
PNB,Mar 2019,-18.31361343893225,,-128.4465366509751,,,,0.6226507462686567,-34161.0,3.5112041884816754,-0.01875820112131695,3.5770680628272253,Cash Burn
PNB,Mar 2019,-18.31361343893225,,-128.4465366509751,,,,0.6226507462686567,-34161.0,3.5112041884816754,-0.01875820112131695,3.5770680628272253,Cash Burn
PNB,Mar 2019,-18.31361343893225,,-128.4465366509751,,,,0.6226507462686567,-34161.0,3.5112041884816754,-0.01875820112131695,3.5770680628272253,Cash Burn
PNB,Mar 2019,-18.31361343893225,,-128.4465366509751,,,,0.6226507462686567,-34161.0,3.5112041884816754,-0.01875820112131695,3.5770680628272253,Cash Burn
PNB,Mar 2019,-18.31361343893225,,-128.4465366509751,,,,0.6226507462686567,-34161.0,3.5112041884816754,-0.01875820112131695,3.5770680628272253,Cash Burn
PNB,Mar 2019,-18.31361343893225,,-128.4465366509751,,,,0.6226507462686567,-34161.0,3.5112041884816754,-0.01875820112131695,3.5770680628272253,Cash Burn
PNB,Mar 2019,-18.31361343893225,,-128.4465366509751,,,,0.6226507462686567,-34161.0,3.5112041884816754,-0.01875820112131695,3.5770680628272253,Cash Burn
PNB,Mar 2019,-18.31361343893225,,-128.4465366509751,,,,0.6226507462686567,-34161.0,3.5112041884816754,-0.01875820112131695,3.5770680628272253,Cash Burn
PNB,Mar 2019,-18.31361343893225,,-128.4465366509751,,,,0.6226507462686567,-34161.0,3.5112041884816754,-0.01875820112131695,3.5770680628272253,Cash Burn
PNB,Mar 2019,-18.31361343893225,,-128.4465366509751,,,,0.6226507462686567,-34161.0,3.5112041884816754,-0.01875820112131695,3.5770680628272253,Cash Burn
PNB,Mar 2019,-18.31361343893225,,-128.4465366509751,,,,0.6226507462686567,-34161.0,3.5112041884816754,-0.01875820112131695,3.5770680628272253,Cash Burn
PNB,Mar 2019,-18.31361343893225,,-128.4465366509751,,,,0.6226507462686567,-34161.0,3.5112041884816754,-0.01875820112131695,3.5770680628272253,Cash Burn
PNB,Mar 2019,-18.31361343893225,,-128.4465366509751,,,,0.6226507462686567,-34161.0,3.5112041884816754,-0.01875820112131695,3.5770680628272253,Cash Burn
PNB,Mar 2019,-18.31361343893225,,-128.4465366509751,,,,0.6226507462686567,-34161.0,3.5112041884816754,-0.01875820112131695,3.5770680628272253,Cash Burn
PNB,Mar 2019,-18.31361343893225,,-128.4465366509751,,,,0.6226507462686567,-34161.0,3.5112041884816754,-0.01875820112131695,3.5770680628272253,Cash Burn
PNB,Mar 2019,-18.31361343893225,,-128.4465366509751,,,,0.6226507462686567,-34161.0,3.5112041884816754,-0.01875820112131695,3.5770680628272253,Cash Burn
PNB,Mar 2019,-18.31361343893225,,-128.4465366509751,,,,0.6226507462686567,-34161.0,3.5112041884816754,-0.01875820112131695,3.5770680628272253,Cash Burn
PNB,Mar 2019,-18.31361343893225,,-128.4465366509751,,,,0.6226507462686567,-34161.0,3.5112041884816754,-0.01875820112131695,3.5770680628272253,Cash Burn
PNB,Mar 2019,-18.31361343893225,,-128.4465366509751,,,,0.6226507462686567,-34161.0,3.5112041884816754,-0.01875820112131695,3.5770680628272253,Cash Burn
PNB,Mar 2019,-18.31361343893225,,-128.4465366509751,,,,0.6226507462686567,-34161.0,3.5112041884816754,-0.01875820112131695,3.5770680628272253,Cash Burn
PNB,Mar 2019,-18.31361343893225,,-128.4465366509751,,,,0.6226507462686567,-34161.0,3.5112041884816754,-0.01875820112131695,3.5770680628272253,Cash Burn
PNB,Mar 2019,-18.31361343893225,,-128.4465366509751,,,,0.6226507462686567,-34161.0,3.5112041884816754,-0.01875820112131695,3.5770680628272253,Cash Burn
PNB,Mar 2019,-18.31361343893225,,-128.4465366509751,,,,0.6226507462686567,-34161.0,3.5112041884816754,-0.01875820112131695,3.5770680628272253,Cash Burn
PNB,Mar 2019,-18.31361343893225,,-128.4465366509751,,,,0.6226507462686567,-34161.0,3.5112041884816754,-0.01875820112131695,3.5770680628272253,Cash Burn
PNB,Mar 2019,-18.31361343893225,,-128.4465366509751,,,,0.6226507462686567,-34161.0,3.5112041884816754,-0.01875820112131695,3.5770680628272253,Cash Burn
PNB,Mar 2020,0.883134855602899,,6.1029319239964765,,,,0.6962750716332379,-13131.0,-26.377319587628865,-0.026420698819667004,-27.07422680412371,Cash Burn
PNB,Mar 2020,0.883134855602899,,6.1029319239964765,,,,0.6962750716332379,-13131.0,-26.377319587628865,-0.026420698819667004,-27.07422680412371,Cash Burn
PNB,Mar 2020,0.883134855602899,,6.1029319239964765,,,,0.6962750716332379,-13131.0,-26.377319587628865,-0.026420698819667004,-27.07422680412371,Cash Burn
PNB,Mar 2020,0.883134855602899,,6.1029319239964765,,,,0.6962750716332379,-13131.0,-26.377319587628865,-0.026420698819667004,-27.07422680412371,Cash Burn
PNB,Mar 2020,0.883134855602899,,6.1029319239964765,,,,0.6962750716332379,-13131.0,-26.377319587628865,-0.026420698819667004,-27.07422680412371,Cash Burn
PNB,Mar 2020,0.883134855602899,,6.1029319239964765,,,,0.6962750716332379,-13131.0,-26.377319587628865,-0.026420698819667004,-27.07422680412371,Cash Burn
PNB,Mar 2020,0.883134855602899,,6.1029319239964765,,,,0.6962750716332379,-13131.0,-26.377319587628865,-0.026420698819667004,-27.07422680412371,Cash Burn
PNB,Mar 2020,0.883134855602899,,6.1029319239964765,,,,0.6962750716332379,-13131.0,-26.377319587628865,-0.026420698819667004,-27.07422680412371,Cash Burn
PNB,Mar 2020,0.883134855602899,,6.1029319239964765,,,,0.6962750716332379,-13131.0,-26.377319587628865,-0.026420698819667004,-27.07422680412371,Cash Burn
PNB,Mar 2020,0.883134855602899,,6.1029319239964765,,,,0.6962750716332379,-13131.0,-26.377319587628865,-0.026420698819667004,-27.07422680412371,Cash Burn
PNB,Mar 2020,0.883134855602899,,6.1029319239964765,,,,0.6962750716332379,-13131.0,-26.377319587628865,-0.026420698819667004,-27.07422680412371,Cash Burn
PNB,Mar 2020,0.883134855602899,,6.1029319239964765,,,,0.6962750716332379,-13131.0,-26.377319587628865,-0.026420698819667004,-27.07422680412371,Cash Burn
PNB,Mar 2020,0.883134855602899,,6.1029319239964765,,,,0.6962750716332379,-13131.0,-26.377319587628865,-0.026420698819667004,-27.07422680412371,Cash Burn
PNB,Mar 2020,0.883134855602899,,6.1029319239964765,,,,0.6962750716332379,-13131.0,-26.377319587628865,-0.026420698819667004,-27.07422680412371,Cash Burn
PNB,Mar 2020,0.883134855602899,,6.1029319239964765,,,,0.6962750716332379,-13131.0,-26.377319587628865,-0.026420698819667004,-27.07422680412371,Cash Burn
PNB,Mar 2020,0.883134855602899,,6.1029319239964765,,,,0.6962750716332379,-13131.0,-26.377319587628865,-0.026420698819667004,-27.07422680412371,Cash Burn
PNB,Mar 2020,0.883134855602899,,6.1029319239964765,,,,0.6962750716332379,-13131.0,-26.377319587628865,-0.026420698819667004,-27.07422680412371,Cash Burn
PNB,Mar 2020,0.883134855602899,,6.1029319239964765,,,,0.6962750716332379,-13131.0,-26.377319587628865,-0.026420698819667004,-27.07422680412371,Cash Burn
PNB,Mar 2020,0.883134855602899,,6.1029319239964765,,,,0.6962750716332379,-13131.0,-26.377319587628865,-0.026420698819667004,-27.07422680412371,Cash Burn
PNB,Mar 2020,0.883134855602899,,6.1029319239964765,,,,0.6962750716332379,-13131.0,-26.377319587628865,-0.026420698819667004,-27.07422680412371,Cash Burn
PNB,Mar 2020,0.883134855602899,,6.1029319239964765,,,,0.6962750716332379,-13131.0,-26.377319587628865,-0.026420698819667004,-27.07422680412371,Cash Burn
PNB,Mar 2020,0.883134855602899,,6.1029319239964765,,,,0.6962750716332379,-13131.0,-26.377319587628865,-0.026420698819667004,-27.07422680412371,Cash Burn
PNB,Mar 2020,0.883134855602899,,6.1029319239964765,,,,0.6962750716332379,-13131.0,-26.377319587628865,-0.026420698819667004,-27.07422680412371,Cash Burn
PNB,Mar 2020,0.883134855602899,,6.1029319239964765,,,,0.6962750716332379,-13131.0,-26.377319587628865,-0.026420698819667004,-27.07422680412371,Cash Burn
PNB,Mar 2020,0.883134855602899,,6.1029319239964765,,,,0.6962750716332379,-13131.0,-26.377319587628865,-0.026420698819667004,-27.07422680412371,Cash Burn
PNB,Mar 2021,3.289192652712516,,30.393594225780983,,,,1.1486268627423493,30163.0,11.484230055658626,0.0254281098546042,11.192207792207792,Healthy Growth
PNB,Mar 2021,3.289192652712516,,30.393594225780983,,,,1.1486268627423493,30163.0,11.484230055658626,0.0254281098546042,11.192207792207792,Healthy Growth
PNB,Mar 2021,3.289192652712516,,30.393594225780983,,,,1.1486268627423493,30163.0,11.484230055658626,0.0254281098546042,11.192207792207792,Healthy Growth
PNB,Mar 2021,3.289192652712516,,30.393594225780983,,,,1.1486268627423493,30163.0,11.484230055658626,0.0254281098546042,11.192207792207792,Healthy Growth
PNB,Mar 2021,3.289192652712516,,30.393594225780983,,,,1.1486268627423493,30163.0,11.484230055658626,0.0254281098546042,11.192207792207792,Healthy Growth
PNB,Mar 2021,3.289192652712516,,30.393594225780983,,,,1.1486268627423493,30163.0,11.484230055658626,0.0254281098546042,11.192207792207792,Healthy Growth
PNB,Mar 2021,3.289192652712516,,30.393594225780983,,,,1.1486268627423493,30163.0,11.484230055658626,0.0254281098546042,11.192207792207792,Healthy Growth
PNB,Mar 2021,3.289192652712516,,30.393594225780983,,,,1.1486268627423493,30163.0,11.484230055658626,0.0254281098546042,11.192207792207792,Healthy Growth
PNB,Mar 2021,3.289192652712516,,30.393594225780983,,,,1.1486268627423493,30163.0,11.484230055658626,0.0254281098546042,11.192207792207792,Healthy Growth
PNB,Mar 2021,3.289192652712516,,30.393594225780983,,,,1.1486268627423493,30163.0,11.484230055658626,0.0254281098546042,11.192207792207792,Healthy Growth
PNB,Mar 2021,3.289192652712516,,30.393594225780983,,,,1.1486268627423493,30163.0,11.484230055658626,0.0254281098546042,11.192207792207792,Healthy Growth
PNB,Mar 2021,3.289192652712516,,30.393594225780983,,,,1.1486268627423493,30163.0,11.484230055658626,0.0254281098546042,11.192207792207792,Healthy Growth
PNB,Mar 2021,3.289192652712516,,30.393594225780983,,,,1.1486268627423493,30163.0,11.484230055658626,0.0254281098546042,11.192207792207792,Healthy Growth
PNB,Mar 2021,3.289192652712516,,30.393594225780983,,,,1.1486268627423493,30163.0,11.484230055658626,0.0254281098546042,11.192207792207792,Healthy Growth
PNB,Mar 2021,3.289192652712516,,30.393594225780983,,,,1.1486268627423493,30163.0,11.484230055658626,0.0254281098546042,11.192207792207792,Healthy Growth
PNB,Mar 2021,3.289192652712516,,30.393594225780983,,,,1.1486268627423493,30163.0,11.484230055658626,0.0254281098546042,11.192207792207792,Healthy Growth
PNB,Mar 2021,3.289192652712516,,30.393594225780983,,,,1.1486268627423493,30163.0,11.484230055658626,0.0254281098546042,11.192207792207792,Healthy Growth
PNB,Mar 2021,3.289192652712516,,30.393594225780983,,,,1.1486268627423493,30163.0,11.484230055658626,0.0254281098546042,11.192207792207792,Healthy Growth
PNB,Mar 2021,3.289192652712516,,30.393594225780983,,,,1.1486268627423493,30163.0,11.484230055658626,0.0254281098546042,11.192207792207792,Healthy Growth
PNB,Mar 2021,3.289192652712516,,30.393594225780983,,,,1.1486268627423493,30163.0,11.484230055658626,0.0254281098546042,11.192207792207792,Healthy Growth
PNB,Mar 2021,3.289192652712516,,30.393594225780983,,,,1.1486268627423493,30163.0,11.484230055658626,0.0254281098546042,11.192207792207792,Healthy Growth
PNB,Mar 2021,3.289192652712516,,30.393594225780983,,,,1.1486268627423493,30163.0,11.484230055658626,0.0254281098546042,11.192207792207792,Healthy Growth
PNB,Mar 2021,3.289192652712516,,30.393594225780983,,,,1.1486268627423493,30163.0,11.484230055658626,0.0254281098546042,11.192207792207792,Healthy Growth
PNB,Mar 2021,3.289192652712516,,30.393594225780983,,,,1.1486268627423493,30163.0,11.484230055658626,0.0254281098546042,11.192207792207792,Healthy Growth
PNB,Mar 2021,3.289192652712516,,30.393594225780983,,,,1.1486268627423493,30163.0,11.484230055658626,0.0254281098546042,11.192207792207792,Healthy Growth
PNB,Mar 2022,5.125783688780462,,39.87348229772472,,,,1.161358131883197,18828.0,5.12589559877175,0.06010383386581469,4.817809621289662,Healthy Growth
PNB,Mar 2022,5.125783688780462,,39.87348229772472,,,,1.161358131883197,18828.0,5.12589559877175,0.06010383386581469,4.817809621289662,Healthy Growth
PNB,Mar 2022,5.125783688780462,,39.87348229772472,,,,1.161358131883197,18828.0,5.12589559877175,0.06010383386581469,4.817809621289662,Healthy Growth
PNB,Mar 2022,5.125783688780462,,39.87348229772472,,,,1.161358131883197,18828.0,5.12589559877175,0.06010383386581469,4.817809621289662,Healthy Growth
PNB,Mar 2022,5.125783688780462,,39.87348229772472,,,,1.161358131883197,18828.0,5.12589559877175,0.06010383386581469,4.817809621289662,Healthy Growth
PNB,Mar 2022,5.125783688780462,,39.87348229772472,,,,1.161358131883197,18828.0,5.12589559877175,0.06010383386581469,4.817809621289662,Healthy Growth
PNB,Mar 2022,5.125783688780462,,39.87348229772472,,,,1.161358131883197,18828.0,5.12589559877175,0.06010383386581469,4.817809621289662,Healthy Growth
PNB,Mar 2022,5.125783688780462,,39.87348229772472,,,,1.161358131883197,18828.0,5.12589559877175,0.06010383386581469,4.817809621289662,Healthy Growth
PNB,Mar 2022,5.125783688780462,,39.87348229772472,,,,1.161358131883197,18828.0,5.12589559877175,0.06010383386581469,4.817809621289662,Healthy Growth
PNB,Mar 2022,5.125783688780462,,39.87348229772472,,,,1.161358131883197,18828.0,5.12589559877175,0.06010383386581469,4.817809621289662,Healthy Growth
PNB,Mar 2022,5.125783688780462,,39.87348229772472,,,,1.161358131883197,18828.0,5.12589559877175,0.06010383386581469,4.817809621289662,Healthy Growth
PNB,Mar 2022,5.125783688780462,,39.87348229772472,,,,1.161358131883197,18828.0,5.12589559877175,0.06010383386581469,4.817809621289662,Healthy Growth
PNB,Mar 2022,5.125783688780462,,39.87348229772472,,,,1.161358131883197,18828.0,5.12589559877175,0.06010383386581469,4.817809621289662,Healthy Growth
PNB,Mar 2022,5.125783688780462,,39.87348229772472,,,,1.161358131883197,18828.0,5.12589559877175,0.06010383386581469,4.817809621289662,Healthy Growth
PNB,Mar 2022,5.125783688780462,,39.87348229772472,,,,1.161358131883197,18828.0,5.12589559877175,0.06010383386581469,4.817809621289662,Healthy Growth
PNB,Mar 2022,5.125783688780462,,39.87348229772472,,,,1.161358131883197,18828.0,5.12589559877175,0.06010383386581469,4.817809621289662,Healthy Growth
PNB,Mar 2022,5.125783688780462,,39.87348229772472,,,,1.161358131883197,18828.0,5.12589559877175,0.06010383386581469,4.817809621289662,Healthy Growth
PNB,Mar 2022,5.125783688780462,,39.87348229772472,,,,1.161358131883197,18828.0,5.12589559877175,0.06010383386581469,4.817809621289662,Healthy Growth
PNB,Mar 2022,5.125783688780462,,39.87348229772472,,,,1.161358131883197,18828.0,5.12589559877175,0.06010383386581469,4.817809621289662,Healthy Growth
PNB,Mar 2022,5.125783688780462,,39.87348229772472,,,,1.161358131883197,18828.0,5.12589559877175,0.06010383386581469,4.817809621289662,Healthy Growth
PNB,Mar 2022,5.125783688780462,,39.87348229772472,,,,1.161358131883197,18828.0,5.12589559877175,0.06010383386581469,4.817809621289662,Healthy Growth
PNB,Mar 2022,5.125783688780462,,39.87348229772472,,,,1.161358131883197,18828.0,5.12589559877175,0.06010383386581469,4.817809621289662,Healthy Growth
PNB,Mar 2022,5.125783688780462,,39.87348229772472,,,,1.161358131883197,18828.0,5.12589559877175,0.06010383386581469,4.817809621289662,Healthy Growth
PNB,Mar 2022,5.125783688780462,,39.87348229772472,,,,1.161358131883197,18828.0,5.12589559877175,0.06010383386581469,4.817809621289662,Healthy Growth
PNB,Mar 2022,5.125783688780462,,39.87348229772472,,,,1.161358131883197,18828.0,5.12589559877175,0.06010383386581469,4.817809621289662,Healthy Growth
PNB,Mar 2023,3.8678104669238302,,30.667397060166163,,,,1.299977546590824,21860.0,6.725811253349211,0.032400849858356943,6.507889252753796,Healthy Growth
PNB,Mar 2023,3.8678104669238302,,30.667397060166163,,,,1.299977546590824,21860.0,6.725811253349211,0.032400849858356943,6.507889252753796,Healthy Growth
PNB,Mar 2023,3.8678104669238302,,30.667397060166163,,,,1.299977546590824,21860.0,6.725811253349211,0.032400849858356943,6.507889252753796,Healthy Growth
PNB,Mar 2023,3.8678104669238302,,30.667397060166163,,,,1.299977546590824,21860.0,6.725811253349211,0.032400849858356943,6.507889252753796,Healthy Growth
PNB,Mar 2023,3.8678104669238302,,30.667397060166163,,,,1.299977546590824,21860.0,6.725811253349211,0.032400849858356943,6.507889252753796,Healthy Growth
PNB,Mar 2023,3.8678104669238302,,30.667397060166163,,,,1.299977546590824,21860.0,6.725811253349211,0.032400849858356943,6.507889252753796,Healthy Growth
PNB,Mar 2023,3.8678104669238302,,30.667397060166163,,,,1.299977546590824,21860.0,6.725811253349211,0.032400849858356943,6.507889252753796,Healthy Growth
PNB,Mar 2023,3.8678104669238302,,30.667397060166163,,,,1.299977546590824,21860.0,6.725811253349211,0.032400849858356943,6.507889252753796,Healthy Growth
PNB,Mar 2023,3.8678104669238302,,30.667397060166163,,,,1.299977546590824,21860.0,6.725811253349211,0.032400849858356943,6.507889252753796,Healthy Growth
PNB,Mar 2023,3.8678104669238302,,30.667397060166163,,,,1.299977546590824,21860.0,6.725811253349211,0.032400849858356943,6.507889252753796,Healthy Growth
PNB,Mar 2023,3.8678104669238302,,30.667397060166163,,,,1.299977546590824,21860.0,6.725811253349211,0.032400849858356943,6.507889252753796,Healthy Growth
PNB,Mar 2023,3.8678104669238302,,30.667397060166163,,,,1.299977546590824,21860.0,6.725811253349211,0.032400849858356943,6.507889252753796,Healthy Growth
PNB,Mar 2023,3.8678104669238302,,30.667397060166163,,,,1.299977546590824,21860.0,6.725811253349211,0.032400849858356943,6.507889252753796,Healthy Growth
PNB,Mar 2023,3.8678104669238302,,30.667397060166163,,,,1.299977546590824,21860.0,6.725811253349211,0.032400849858356943,6.507889252753796,Healthy Growth
PNB,Mar 2023,3.8678104669238302,,30.667397060166163,,,,1.299977546590824,21860.0,6.725811253349211,0.032400849858356943,6.507889252753796,Healthy Growth
PNB,Mar 2023,3.8678104669238302,,30.667397060166163,,,,1.299977546590824,21860.0,6.725811253349211,0.032400849858356943,6.507889252753796,Healthy Growth
PNB,Mar 2023,3.8678104669238302,,30.667397060166163,,,,1.299977546590824,21860.0,6.725811253349211,0.032400849858356943,6.507889252753796,Healthy Growth
PNB,Mar 2023,3.8678104669238302,,30.667397060166163,,,,1.299977546590824,21860.0,6.725811253349211,0.032400849858356943,6.507889252753796,Healthy Growth
PNB,Mar 2023,3.8678104669238302,,30.667397060166163,,,,1.299977546590824,21860.0,6.725811253349211,0.032400849858356943,6.507889252753796,Healthy Growth
PNB,Mar 2023,3.8678104669238302,,30.667397060166163,,,,1.299977546590824,21860.0,6.725811253349211,0.032400849858356943,6.507889252753796,Healthy Growth
PNB,Mar 2023,3.8678104669238302,,30.667397060166163,,,,1.299977546590824,21860.0,6.725811253349211,0.032400849858356943,6.507889252753796,Healthy Growth
PNB,Mar 2023,3.8678104669238302,,30.667397060166163,,,,1.299977546590824,21860.0,6.725811253349211,0.032400849858356943,6.507889252753796,Healthy Growth
PNB,Mar 2023,3.8678104669238302,,30.667397060166163,,,,1.299977546590824,21860.0,6.725811253349211,0.032400849858356943,6.507889252753796,Healthy Growth
PNB,Mar 2023,3.8678104669238302,,30.667397060166163,,,,1.299977546590824,21860.0,6.725811253349211,0.032400849858356943,6.507889252753796,Healthy Growth
PNB,Mar 2023,3.8678104669238302,,30.667397060166163,,,,1.299977546590824,21860.0,6.725811253349211,0.032400849858356943,6.507889252753796,Healthy Growth
PNB,Mar 2024,8.395910695456838,,61.320565191187306,,,,1.5070262950629396,-29445.0,-3.0511084416293546,-0.05390314613980458,-3.215572785846893,Cash Burn
PNB,Mar 2024,8.395910695456838,,61.320565191187306,,,,1.5070262950629396,-29445.0,-3.0511084416293546,-0.05390314613980458,-3.215572785846893,Cash Burn
PNB,Mar 2024,8.395910695456838,,61.320565191187306,,,,1.5070262950629396,-29445.0,-3.0511084416293546,-0.05390314613980458,-3.215572785846893,Cash Burn
PNB,Mar 2024,8.395910695456838,,61.320565191187306,,,,1.5070262950629396,-29445.0,-3.0511084416293546,-0.05390314613980458,-3.215572785846893,Cash Burn
PNB,Mar 2024,8.395910695456838,,61.320565191187306,,,,1.5070262950629396,-29445.0,-3.0511084416293546,-0.05390314613980458,-3.215572785846893,Cash Burn
PNB,Mar 2024,8.395910695456838,,61.320565191187306,,,,1.5070262950629396,-29445.0,-3.0511084416293546,-0.05390314613980458,-3.215572785846893,Cash Burn
PNB,Mar 2024,8.395910695456838,,61.320565191187306,,,,1.5070262950629396,-29445.0,-3.0511084416293546,-0.05390314613980458,-3.215572785846893,Cash Burn
PNB,Mar 2024,8.395910695456838,,61.320565191187306,,,,1.5070262950629396,-29445.0,-3.0511084416293546,-0.05390314613980458,-3.215572785846893,Cash Burn
PNB,Mar 2024,8.395910695456838,,61.320565191187306,,,,1.5070262950629396,-29445.0,-3.0511084416293546,-0.05390314613980458,-3.215572785846893,Cash Burn
PNB,Mar 2024,8.395910695456838,,61.320565191187306,,,,1.5070262950629396,-29445.0,-3.0511084416293546,-0.05390314613980458,-3.215572785846893,Cash Burn
PNB,Mar 2024,8.395910695456838,,61.320565191187306,,,,1.5070262950629396,-29445.0,-3.0511084416293546,-0.05390314613980458,-3.215572785846893,Cash Burn
PNB,Mar 2024,8.395910695456838,,61.320565191187306,,,,1.5070262950629396,-29445.0,-3.0511084416293546,-0.05390314613980458,-3.215572785846893,Cash Burn
PNB,Mar 2024,8.395910695456838,,61.320565191187306,,,,1.5070262950629396,-29445.0,-3.0511084416293546,-0.05390314613980458,-3.215572785846893,Cash Burn
PNB,Mar 2024,8.395910695456838,,61.320565191187306,,,,1.5070262950629396,-29445.0,-3.0511084416293546,-0.05390314613980458,-3.215572785846893,Cash Burn
PNB,Mar 2024,8.395910695456838,,61.320565191187306,,,,1.5070262950629396,-29445.0,-3.0511084416293546,-0.05390314613980458,-3.215572785846893,Cash Burn
PNB,Mar 2024,8.395910695456838,,61.320565191187306,,,,1.5070262950629396,-29445.0,-3.0511084416293546,-0.05390314613980458,-3.215572785846893,Cash Burn
PNB,Mar 2024,8.395910695456838,,61.320565191187306,,,,1.5070262950629396,-29445.0,-3.0511084416293546,-0.05390314613980458,-3.215572785846893,Cash Burn
PNB,Mar 2024,8.395910695456838,,61.320565191187306,,,,1.5070262950629396,-29445.0,-3.0511084416293546,-0.05390314613980458,-3.215572785846893,Cash Burn
PNB,Mar 2024,8.395910695456838,,61.320565191187306,,,,1.5070262950629396,-29445.0,-3.0511084416293546,-0.05390314613980458,-3.215572785846893,Cash Burn
PNB,Mar 2024,8.395910695456838,,61.320565191187306,,,,1.5070262950629396,-29445.0,-3.0511084416293546,-0.05390314613980458,-3.215572785846893,Cash Burn
PNB,Mar 2024,8.395910695456838,,61.320565191187306,,,,1.5070262950629396,-29445.0,-3.0511084416293546,-0.05390314613980458,-3.215572785846893,Cash Burn
PNB,Mar 2024,8.395910695456838,,61.320565191187306,,,,1.5070262950629396,-29445.0,-3.0511084416293546,-0.05390314613980458,-3.215572785846893,Cash Burn
PNB,Mar 2024,8.395910695456838,,61.320565191187306,,,,1.5070262950629396,-29445.0,-3.0511084416293546,-0.05390314613980458,-3.215572785846893,Cash Burn
PNB,Mar 2024,8.395910695456838,,61.320565191187306,,,,1.5070262950629396,-29445.0,-3.0511084416293546,-0.05390314613980458,-3.215572785846893,Cash Burn
PNB,Mar 2024,8.395910695456838,,61.320565191187306,,,,1.5070262950629396,-29445.0,-3.0511084416293546,-0.05390314613980458,-3.215572785846893,Cash Burn
PNB,TTM,12.516576821728123,,,,,,,,,,,
POWERGRID,Mar 2013,32.97148536044645,82.84534821496827,16.3352649320153,11.331506963904806,2.6221641480134834,4.169680646402463,0.11536901150074085,-10394.0,2.7104103872014838,1.889136013686912,-2.409923487131927,Aggressive Expansion
POWERGRID,Mar 2013,32.97148536044645,82.84534821496827,16.3352649320153,11.331506963904806,2.6221641480134834,4.169680646402463,0.11536901150074085,-10394.0,2.7104103872014838,1.889136013686912,-2.409923487131927,Aggressive Expansion
POWERGRID,Mar 2013,32.97148536044645,82.84534821496827,16.3352649320153,11.331506963904806,2.6221641480134834,4.169680646402463,0.11536901150074085,-10394.0,2.7104103872014838,1.889136013686912,-2.409923487131927,Aggressive Expansion
POWERGRID,Mar 2013,32.97148536044645,82.84534821496827,16.3352649320153,11.331506963904806,2.6221641480134834,4.169680646402463,0.11536901150074085,-10394.0,2.7104103872014838,1.889136013686912,-2.409923487131927,Aggressive Expansion
POWERGRID,Mar 2014,29.238187078109934,83.36226293796207,13.107383710876707,10.904152441177954,2.427229235114416,3.984941610325753,0.1099448685326548,-11416.0,3.3471855760773965,1.7499178874072128,-2.510114335971856,Aggressive Expansion
POWERGRID,Mar 2014,29.238187078109934,83.36226293796207,13.107383710876707,10.904152441177954,2.427229235114416,3.984941610325753,0.1099448685326548,-11416.0,3.3471855760773965,1.7499178874072128,-2.510114335971856,Aggressive Expansion
POWERGRID,Mar 2014,29.238187078109934,83.36226293796207,13.107383710876707,10.904152441177954,2.427229235114416,3.984941610325753,0.1099448685326548,-11416.0,3.3471855760773965,1.7499178874072128,-2.510114335971856,Aggressive Expansion
POWERGRID,Mar 2014,29.238187078109934,83.36226293796207,13.107383710876707,10.904152441177954,2.427229235114416,3.984941610325753,0.1099448685326548,-11416.0,3.3471855760773965,1.7499178874072128,-2.510114335971856,Aggressive Expansion
POWERGRID,Mar 2015,28.76852907639681,85.10262257696694,13.127292593459766,11.083143998455622,2.503785218137829,3.6576819407008085,0.10909045676186685,-8385.0,3.1311930241775663,1.5306962025316455,-1.6617122473246135,Aggressive Expansion
POWERGRID,Mar 2015,28.76852907639681,85.10262257696694,13.127292593459766,11.083143998455622,2.503785218137829,3.6576819407008085,0.10909045676186685,-8385.0,3.1311930241775663,1.5306962025316455,-1.6617122473246135,Aggressive Expansion
POWERGRID,Mar 2015,28.76852907639681,85.10262257696694,13.127292593459766,11.083143998455622,2.503785218137829,3.6576819407008085,0.10909045676186685,-8385.0,3.1311930241775663,1.5306962025316455,-1.6617122473246135,Aggressive Expansion
POWERGRID,Mar 2015,28.76852907639681,85.10262257696694,13.127292593459766,11.083143998455622,2.503785218137829,3.6576819407008085,0.10909045676186685,-8385.0,3.1311930241775663,1.5306962025316455,-1.6617122473246135,Aggressive Expansion
POWERGRID,Mar 2016,28.854348247143136,88.04958357544064,13.552422105981352,11.922761695570927,2.468614964748692,3.5753047581596538,0.11517355224413313,-6568.0,2.518543379761705,1.437633262260128,-1.1021983554287633,Aggressive Expansion
POWERGRID,Mar 2016,28.854348247143136,88.04958357544064,13.552422105981352,11.922761695570927,2.468614964748692,3.5753047581596538,0.11517355224413313,-6568.0,2.518543379761705,1.437633262260128,-1.1021983554287633,Aggressive Expansion
POWERGRID,Mar 2016,28.854348247143136,88.04958357544064,13.552422105981352,11.922761695570927,2.468614964748692,3.5753047581596538,0.11517355224413313,-6568.0,2.518543379761705,1.437633262260128,-1.1021983554287633,Aggressive Expansion
POWERGRID,Mar 2016,28.854348247143136,88.04958357544064,13.552422105981352,11.922761695570927,2.468614964748692,3.5753047581596538,0.11517355224413313,-6568.0,2.518543379761705,1.437633262260128,-1.1021983554287633,Aggressive Expansion
POWERGRID,Mar 2017,28.995602599525238,87.36428376853328,14.94204467974171,13.295509730299548,2.386154895118919,3.618633139909736,0.13133362635565413,-2261.0,2.895584485303986,1.1047972190034763,-0.30344920144946985,Aggressive Expansion
POWERGRID,Mar 2017,28.995602599525238,87.36428376853328,14.94204467974171,13.295509730299548,2.386154895118919,3.618633139909736,0.13133362635565413,-2261.0,2.895584485303986,1.1047972190034763,-0.30344920144946985,Aggressive Expansion
POWERGRID,Mar 2017,28.995602599525238,87.36428376853328,14.94204467974171,13.295509730299548,2.386154895118919,3.618633139909736,0.13133362635565413,-2261.0,2.895584485303986,1.1047972190034763,-0.30344920144946985,Aggressive Expansion
POWERGRID,Mar 2017,28.995602599525238,87.36428376853328,14.94204467974171,13.295509730299548,2.386154895118919,3.618633139909736,0.13133362635565413,-2261.0,2.895584485303986,1.1047972190034763,-0.30344920144946985,Aggressive Expansion
POWERGRID,Mar 2018,27.388662616011217,86.66955999198771,15.073678021533826,13.962856789419616,2.416179767023114,3.5446477334789734,0.13291976179699494,-2991.0,2.7681618722574353,1.1317040951122854,-0.36457825450999515,Aggressive Expansion
POWERGRID,Mar 2018,27.388662616011217,86.66955999198771,15.073678021533826,13.962856789419616,2.416179767023114,3.5446477334789734,0.13291976179699494,-2991.0,2.7681618722574353,1.1317040951122854,-0.36457825450999515,Aggressive Expansion
POWERGRID,Mar 2018,27.388662616011217,86.66955999198771,15.073678021533826,13.962856789419616,2.416179767023114,3.5446477334789734,0.13291976179699494,-2991.0,2.7681618722574353,1.1317040951122854,-0.36457825450999515,Aggressive Expansion
POWERGRID,Mar 2018,27.388662616011217,86.66955999198771,15.073678021533826,13.962856789419616,2.416179767023114,3.5446477334789734,0.13291976179699494,-2991.0,2.7681618722574353,1.1317040951122854,-0.36457825450999515,Aggressive Expansion
POWERGRID,Mar 2019,28.62032573661542,76.78484839841411,16.981164006837144,13.10198817316818,2.477212340706392,3.0811491358589906,0.14172123858032176,4544.0,2.3192146701215868,0.8047355077134631,0.45286027506477977,Healthy Growth
POWERGRID,Mar 2019,28.62032573661542,76.78484839841411,16.981164006837144,13.10198817316818,2.477212340706392,3.0811491358589906,0.14172123858032176,4544.0,2.3192146701215868,0.8047355077134631,0.45286027506477977,Healthy Growth
POWERGRID,Mar 2019,28.62032573661542,76.78484839841411,16.981164006837144,13.10198817316818,2.477212340706392,3.0811491358589906,0.14172123858032176,4544.0,2.3192146701215868,0.8047355077134631,0.45286027506477977,Healthy Growth
POWERGRID,Mar 2019,28.62032573661542,76.78484839841411,16.981164006837144,13.10198817316818,2.477212340706392,3.0811491358589906,0.14172123858032176,4544.0,2.3192146701215868,0.8047355077134631,0.45286027506477977,Healthy Growth
POWERGRID,Mar 2020,29.300021195421788,87.12908011869436,17.0937925064919,15.44190152418696,2.2917954742178805,3.458407824166579,0.14705206275738203,20006.0,2.7795460710733337,0.3491655551579427,1.8090243240799349,Healthy Growth
POWERGRID,Mar 2020,29.300021195421788,87.12908011869436,17.0937925064919,15.44190152418696,2.2917954742178805,3.458407824166579,0.14705206275738203,20006.0,2.7795460710733337,0.3491655551579427,1.8090243240799349,Healthy Growth
POWERGRID,Mar 2020,29.300021195421788,87.12908011869436,17.0937925064919,15.44190152418696,2.2917954742178805,3.458407824166579,0.14705206275738203,20006.0,2.7795460710733337,0.3491655551579427,1.8090243240799349,Healthy Growth
POWERGRID,Mar 2020,29.300021195421788,87.12908011869436,17.0937925064919,15.44190152418696,2.2917954742178805,3.458407824166579,0.14705206275738203,20006.0,2.7795460710733337,0.3491655551579427,1.8090243240799349,Healthy Growth
POWERGRID,Mar 2021,30.363269424823407,88.05751765893038,17.210020590253947,16.374878030473617,2.0480439258750858,4.290842040565458,0.15502057033804184,20159.0,2.442921236291127,0.31438968812706186,1.674891990694583,Healthy Growth
POWERGRID,Mar 2021,30.363269424823407,88.05751765893038,17.210020590253947,16.374878030473617,2.0480439258750858,4.290842040565458,0.15502057033804184,20159.0,2.442921236291127,0.31438968812706186,1.674891990694583,Healthy Growth
POWERGRID,Mar 2021,30.363269424823407,88.05751765893038,17.210020590253947,16.374878030473617,2.0480439258750858,4.290842040565458,0.15502057033804184,20159.0,2.442921236291127,0.31438968812706186,1.674891990694583,Healthy Growth
POWERGRID,Mar 2021,30.363269424823407,88.05751765893038,17.210020590253947,16.374878030473617,2.0480439258750858,4.290842040565458,0.15502057033804184,20159.0,2.442921236291127,0.31438968812706186,1.674891990694583,Healthy Growth
POWERGRID,Mar 2022,40.420931238287444,86.07467204843591,22.065130431361236,16.98373494261483,1.7665744226002336,4.458188153310105,0.16585774058577407,25371.0,1.5527817403708988,0.028824069820854385,1.5080242510699002,Healthy Growth
POWERGRID,Mar 2022,40.420931238287444,86.07467204843591,22.065130431361236,16.98373494261483,1.7665744226002336,4.458188153310105,0.16585774058577407,25371.0,1.5527817403708988,0.028824069820854385,1.5080242510699002,Healthy Growth
POWERGRID,Mar 2022,40.420931238287444,86.07467204843591,22.065130431361236,16.98373494261483,1.7665744226002336,4.458188153310105,0.16585774058577407,25371.0,1.5527817403708988,0.028824069820854385,1.5080242510699002,Healthy Growth
POWERGRID,Mar 2022,40.420931238287444,86.07467204843591,22.065130431361236,16.98373494261483,1.7665744226002336,4.458188153310105,0.16585774058577407,25371.0,1.5527817403708988,0.028824069820854385,1.5080242510699002,Healthy Growth
POWERGRID,Mar 2023,33.81356489704624,86.78376422603776,18.57249536289837,18.702329757572894,1.5487196781731023,4.107951006850737,0.1808028545941124,33065.0,2.6071984435797666,0.17754893913389547,2.1442931258106355,Healthy Growth
POWERGRID,Mar 2023,33.81356489704624,86.78376422603776,18.57249536289837,18.702329757572894,1.5487196781731023,4.107951006850737,0.1808028545941124,33065.0,2.6071984435797666,0.17754893913389547,2.1442931258106355,Healthy Growth
POWERGRID,Mar 2023,33.81356489704624,86.78376422603776,18.57249536289837,18.702329757572894,1.5487196781731023,4.107951006850737,0.1808028545941124,33065.0,2.6071984435797666,0.17754893913389547,2.1442931258106355,Healthy Growth
POWERGRID,Mar 2023,33.81356489704624,86.78376422603776,18.57249536289837,18.702329757572894,1.5487196781731023,4.107951006850737,0.1808028545941124,33065.0,2.6071984435797666,0.17754893913389547,2.1442931258106355,Healthy Growth
POWERGRID,Mar 2024,33.97028990249329,86.87476823070044,17.870011245496066,18.905165620757423,1.4173456039290386,4.539610167559558,0.18276594811604718,24176.0,2.394528992486997,0.3516760525610083,1.5524304886662814,Healthy Growth
POWERGRID,Mar 2024,33.97028990249329,86.87476823070044,17.870011245496066,18.905165620757423,1.4173456039290386,4.539610167559558,0.18276594811604718,24176.0,2.394528992486997,0.3516760525610083,1.5524304886662814,Healthy Growth
POWERGRID,Mar 2024,33.97028990249329,86.87476823070044,17.870011245496066,18.905165620757423,1.4173456039290386,4.539610167559558,0.18276594811604718,24176.0,2.394528992486997,0.3516760525610083,1.5524304886662814,Healthy Growth
POWERGRID,Mar 2024,33.97028990249329,86.87476823070044,17.870011245496066,18.905165620757423,1.4173456039290386,4.539610167559558,0.18276594811604718,24176.0,2.394528992486997,0.3516760525610083,1.5524304886662814,Healthy Growth
POWERGRID,TTM,34.296690823365054,85.64349951977648,,,,4.431330472103005,,,,,,
RECLTD,Mar 2013,28.113539680211236,97.33020390200969,21.86537364517969,10.591258819397886,,1.641717184213782,0.10441908554798192,-20211.0,-5.233237672841117,-0.007577645944463832,-5.272893295069136,Cash Burn
RECLTD,Mar 2014,27.527143935435173,96.67305347500435,22.789982214103734,11.32838014369693,,1.6591928251121075,0.1126098441259546,-17380.0,-3.6372073402235814,-0.007886801206216655,-3.6658932714617167,Cash Burn
RECLTD,Mar 2015,26.012461059190027,94.4071261682243,21.31461391193363,11.016694026162874,,1.6380912162162162,0.1119832548403977,-24049.0,-4.4719311377245505,-0.006318520378274332,-4.500187125748503,Cash Burn
RECLTD,Mar 2016,23.589637305699483,93.03626943005182,19.69681237670024,11.329850331894702,,1.5715586052373618,0.11657686825001812,-14034.0,-2.3331576172904587,-0.05693628558517849,-2.465998945703743,Cash Burn
RECLTD,Mar 2017,25.938861040348428,92.2425836141014,18.749071901636423,11.140167623546692,,1.6676571088991234,0.11576018454660039,6704.0,1.0779344210359576,0.014842027920646584,1.0619356882623159,Healthy Growth
RECLTD,Mar 2018,19.644275752493602,85.08694500838556,13.658401865717442,8.13614399358528,,1.4459611490287256,0.09348516730618475,-32556.0,-7.303976634464165,-0.0014149492463857276,-7.31431139069872,Cash Burn
RECLTD,Mar 2019,22.59524559193955,93.29738664987406,16.618421814392402,8.502663247188796,,1.5157618773578874,0.08513204714964451,-36323.0,-6.247343668350462,-0.012741872525511627,-6.326946524995646,Cash Burn
RECLTD,Mar 2020,16.605437178545188,86.70429497027587,14.046388111986891,8.070292148243938,,1.3670159549260177,0.08628072500936518,-32833.0,-6.579243765084473,-0.003698948398141355,-6.603580048270314,Cash Burn
RECLTD,Mar 2021,23.562167786933657,90.74162612143881,19.143588337446303,8.638854899902809,,1.5014658662571547,0.08870024222497735,-44373.0,-5.1936022917164,-0.019787644787644786,-5.296371449033182,Cash Burn
RECLTD,Mar 2022,25.55250025460841,87.68204501476728,19.558015356432943,8.959899260323086,,1.561743231599474,0.09559460643528209,-1106.0,-0.08160621761658031,-0.3504273504273504,-0.11020326823435632,Cash Burn
RECLTD,Mar 2023,28.28090968951021,95.29453477181787,19.213695801789402,8.573055979585792,,1.5854717060632875,0.08482437277525601,-38303.0,-3.3455717739768964,-0.025240899357601713,-3.43001701441748,Cash Burn
RECLTD,Mar 2024,29.7682934528695,100.7702506471368,20.39653929343908,9.29915054435852,,1.5988713770535594,0.08667964267928514,-59554.0,-4.0808059384941675,-0.03172045804965092,-4.210250972074938,Cash Burn
RECLTD,TTM,28.908525927364536,98.77646144882502,,,,1.5856586126266563,,,,,,
RELIANCE,Mar 2013,5.274815194579209,8.373383978563329,11.472357254675785,11.461451772368065,0.5889374090247452,9.574068726537684,1.0927262340730275,9317.0,1.7675955185291583,0.7476298824421691,0.4460882888058987,Healthy Growth
RELIANCE,Mar 2014,5.2011321250873666,8.058433155487277,11.348502921680835,10.352706194732225,0.698389929889726,9.107142857142858,1.0109084210305403,-29809.0,1.9186180592513749,1.68905018376829,-1.3220241263083201,Aggressive Expansion
RELIANCE,Mar 2015,6.314574807945039,10.003151945124102,10.81927148408002,9.682999353587588,0.7700309841234971,11.293425814234016,0.7420860043688031,-30332.0,1.4540609137055838,1.8824111246872637,-1.2830795262267343,Aggressive Expansion
RELIANCE,Mar 2016,10.954828437576811,15.327808410649233,12.895800583876039,9.801534238862693,0.8408937794745116,11.31969655919805,0.45506571819224473,1948.0,1.2770503332105423,0.948916976975927,0.06523559157429423,Healthy Growth
RELIANCE,Mar 2017,9.81497200234246,15.234871066016566,11.31284863239404,9.623553567865931,0.8246779594173881,12.030917121330216,0.43004122795351457,-16651.0,1.6609124124291892,1.3360443995963673,-0.5581403144169209,Aggressive Expansion
RELIANCE,Mar 2018,9.231800584919515,16.456298631349743,12.292764032081116,12.05870827544441,0.8171655775350418,7.987456532538499,0.48174042523293636,3267.0,1.980570953436807,0.9542814760911852,0.09054878048780488,Healthy Growth
RELIANCE,Mar 2019,7.00939759332931,14.823951282425742,10.290820227737708,12.125337854369295,0.7948965674016822,5.107608366171567,0.569687158565801,-52161.0,1.0629816502246656,2.231781041892977,-1.3093606446268544,Aggressive Expansion
RELIANCE,Mar 2020,6.683660728800578,14.960472884080051,8.878677370949715,11.098608850688613,0.7906497820404929,4.052571843646434,0.5130449736245878,22380.0,2.379062186559679,0.7641156444659928,0.5611835506519559,Healthy Growth
RELIANCE,Mar 2021,11.524382005845935,17.32549586431257,7.675114114817502,8.251168890059992,0.398419245556806,3.8128274104488176,0.35324548412388784,-115427.0,0.5016468486573996,5.281734550040804,-2.1479186438154785,Aggressive Expansion
RELIANCE,Mar 2022,9.76646566082171,15.630519683361813,8.703823678454365,9.883192265367367,0.40944726325715053,7.445213933077345,0.4635411731577409,1492.0,1.6309823863217627,0.9865165290003073,0.021991303706979142,Healthy Growth
RELIANCE,Mar 2023,8.45371270521545,16.239006111392566,10.349336194179966,12.189602718888326,0.6309284341334763,7.271881866026264,0.5457412188442239,22031.0,1.5526401036605118,0.8084793796508798,0.2973625958319836,Healthy Growth
RELIANCE,Mar 2024,8.789365557299389,18.07459281612296,9.958650553699458,12.974182257168223,0.5784524141094746,7.02906825849987,0.5122600635424216,45207.0,2.00946595798532,0.7152996448094314,0.5720956719817768,Healthy Growth
RELIANCE,TTM,8.505827600075758,17.4634351877664,,,,6.874471204188482,,,,,,
SBILIFE,Mar 2013,4.236718224613315,2.8715534633490245,23.026315789473685,15.60672514619883,,106.75,0.276836578917973,903.0,1.7936507936507937,0.20088495575221238,1.4333333333333333,Healthy Growth
SBILIFE,Mar 2014,4.218333526480473,2.9609456483949472,21.69249106078665,15.226460071513706,,102.2,0.2845976253298153,-542.0,0.22802197802197802,4.265060240963855,-0.7445054945054945,Aggressive Expansion
SBILIFE,Mar 2015,3.4830548314030514,3.3933074062994146,20.09368836291913,19.57593688362919,,198.5,0.31568651259427155,2533.0,3.3263803680981594,0.06565842862412394,3.107975460122699,Healthy Growth
SBILIFE,Mar 2016,4.367625750362244,4.760919064375906,17.832241707162478,19.437988590745828,,184.0,0.23162209783168922,-1426.0,6.845971563981043,1.2467982000692281,-1.6895734597156398,Aggressive Expansion
SBILIFE,Mar 2017,3.1262275762734055,3.496137226659683,17.201008645533143,19.236311239193082,,213.6,0.2987871674491393,-507.0,8.926701570680628,1.0594721407624634,-0.5308900523560209,Aggressive Expansion
SBILIFE,Mar 2018,3.3756017377010687,3.9098274040154988,17.61642156862745,20.40441176470588,,222.0,0.2798882681564246,1485.0,9.039130434782608,0.8571428571428571,1.291304347826087,Healthy Growth
SBILIFE,Mar 2019,2.9750695004932295,3.304636355483813,17.51583949313622,19.456177402323124,,184.25,0.30397862799351205,-79.0,10.152976639035419,1.0058635790098716,-0.059532780708364735,Aggressive Expansion
SBILIFE,Mar 2020,3.246723594684689,3.0846157358783506,16.264440123527393,15.452361889511609,,,0.26451262229737893,2313.0,13.571729957805907,0.8801492305300793,1.6265822784810127,Healthy Growth
SBILIFE,Mar 2021,1.7774956356133946,1.0645440894607694,14.000000000000002,8.384615384615385,,,0.36112066305162455,4675.0,16.399725274725274,0.804213083172795,3.2108516483516483,Healthy Growth
SBILIFE,Mar 2022,1.8148295434004555,0.8796982514490921,12.958182756840475,6.281190844949235,,,0.3035922688841979,241.0,14.50996015936255,0.9889712612117884,0.1600265604249668,Healthy Growth
SBILIFE,Mar 2023,2.1342824544868297,0.15129718736048417,13.220156706099248,0.937163926870487,,12.2,0.2563135928594814,-1547.0,16.650784427658337,1.0539852037967616,-0.8988959907030796,Aggressive Expansion
SBILIFE,Mar 2024,1.4349789374791648,0.18638058005273206,12.704588140595655,1.650120740541991,,27.333333333333332,0.33137919000549837,-2099.0,15.375923970432947,1.072076093674885,-1.1082365364308342,Aggressive Expansion
SBILIFE,TTM,1.8535745312247738,0.7741806524028815,,,,,,,,,,
SBIN,Mar 2013,11.046220888698386,-3.0504357765395054,,,,-0.047969443352244005,,22061.0,1.3113446510374562,0.09333388130856485,1.188951765022905,Healthy Growth
SBIN,Mar 2014,7.831822365150057,-7.729739450550613,,,,-0.12030062809209822,,18351.0,1.2927669345579793,0.04132274579458782,1.2393462551495915,Healthy Growth
SBIN,Mar 2015,8.574148691663382,-10.520065008126016,,,,-0.16428265717568086,,22873.0,1.4747083894122925,0.13020496634597103,1.2826940331987438,Healthy Growth
SBIN,Mar 2016,5.900749207960731,-14.684566678602023,,,,-0.2264919921424427,,11730.0,1.1119901682156847,0.18974925744284038,0.9009908595130194,Healthy Growth
SBIN,Mar 2017,-0.042092107946729615,-27.917048171596942,,,,-0.43143882238540726,,72834.0,-798.0,0.05906518874505852,-750.8659793814433,Healthy Growth
SBIN,Mar 2018,-1.6373324016246669,-37.86391230292178,,,,-0.591372618568515,,-109561.0,25.742331288343557,-0.13525303601773947,29.22405974926647,Cash Burn
SBIN,Mar 2019,1.322822336788751,-27.099501819818254,,,,-0.44043318983492336,,29336.0,8.820053715308863,0.007443497090269319,8.754401671142942,Healthy Growth
SBIN,Mar 2020,7.833923780442613,-23.78377777448379,,,,-0.39833296094933096,,23374.0,1.1319299905392621,0.0231936144427264,1.1056764427625354,Healthy Growth
SBIN,Mar 2021,8.589252647286195,-25.426532189921435,,,,-0.45327222613935003,,86249.0,3.764191225720027,0.040814510837531556,3.6105576021433357,Healthy Growth
SBIN,Mar 2022,12.822917995813404,-21.92273073699965,,,,-0.4069938666017901,,55043.0,1.5516499475566792,0.045965854926770085,1.4803270311701584,Healthy Growth
SBIN,Mar 2023,16.460260228876,-12.381250979777395,,,,-0.22864918070754445,,-86980.0,-1.4894199134199133,-0.011230729881182133,-1.5061471861471862,Cash Burn
SBIN,Mar 2024,15.83441297482405,-13.729168991026642,,,,-0.23214725721501833,,18156.0,0.31105934457817463,0.1606878698224852,0.26107588110952934,Healthy Growth
SBIN,TTM,15.855416555762577,-12.60367314346553,,,,-0.20837440504689217,,,,,,
SHREECEM,Jun 2013,18.530823181985973,28.811369509043928,26.11862643080125,30.416991426344502,0.3350676378772112,8.088082901554404,0.8795454545454545,990.0,1.254980079681275,0.21428571428571427,0.9860557768924303,Healthy Growth
SHREECEM,Jun 2014,13.770778652668417,24.32195975503062,16.705582678836763,23.515479614278465,0.25472298874973465,10.775193798449612,0.7797789602947196,167.0,1.7801778907242694,0.8807994289793005,0.2121982210927573,Healthy Growth
SHREECEM,Jun 2015,6.806199073334398,21.47307876657613,8.074298711144806,21.701921524301632,0.17380591357088704,11.107438016528926,0.7825706426606651,249.0,2.908450704225352,0.7990314769975787,0.5845070422535211,Healthy Growth
SHREECEM,Mar 2016 9m,20.729053318824807,25.516866158868336,,,,18.513157894736842,,,,,,
SHREECEM,Mar 2017,15.580637654177332,29.24133116127531,17.394128345024683,27.95017239461684,0.16796570537802027,19.48062015503876,0.769657890023285,154.0,1.6445108289768484,0.9300635785649409,0.11501120238984316,Healthy Growth
SHREECEM,Mar 2018,14.075053391640393,25.15000508491813,15.55580532763853,20.10569105691057,0.3824884792626728,18.31851851851852,0.649385814291375,-1716.0,1.3576589595375723,1.9132517296434273,-1.239884393063584,Aggressive Expansion
SHREECEM,Mar 2019,8.084428514536041,22.277976901632815,10.495295212490953,22.422639089305758,0.2898355909419915,11.278225806451612,0.810365971729168,1360.0,2.0492610837438425,0.34615384615384615,1.3399014778325122,Healthy Growth
SHREECEM,Mar 2020,11.998756605533105,29.305253341622628,11.72450451818665,23.113699049954032,0.2388943731490622,12.958762886597938,0.6452065784195748,-1617.0,2.573186528497409,1.4069972313113517,-1.047279792746114,Aggressive Expansion
SHREECEM,Mar 2021,17.234513274336283,30.169616519174042,15.17828148340586,23.20871390480513,0.14483340910566994,16.298804780876495,0.6303165527820388,1603.0,1.8202824133504494,0.6231781852374236,0.6859221223791185,Healthy Growth
SHREECEM,Mar 2022,8.454363757495004,24.716855429713526,7.268041237113403,18.939200571749453,0.12193585337915235,14.106463878326997,0.6320266116468062,525.0,2.102442868400315,0.803223388305847,0.41371158392434987,Healthy Growth
SHREECEM,Mar 2023,13.270221823885278,16.580775263275825,12.711955355226442,13.857029165301249,0.14622236531444516,11.254752851711027,0.6779068884332042,164.0,1.084423807513719,0.9361619307123394,0.06922752216124947,Healthy Growth
SHREECEM,Mar 2024,8.445007553238145,22.01647093221578,8.370767521615225,20.206628203408023,0.07998840747717723,17.511627906976745,0.7348612354521038,1929.0,1.93133294864397,0.4236629817747236,1.1130986728216965,Healthy Growth
SHREECEM,TTM,8.751641248358752,21.34127865872134,,,,18.45414847161572,,,,,,
SHRIRAMFIN,Mar 2013,20.873163076045085,31.088600370951635,19.937312619242302,5.350653177487477,,0.7047218628719275,0.1482633159876465,-8400.0,-5.713602187286398,-0.004904892929776289,-5.741626794258373,Cash Burn
SHRIRAMFIN,Mar 2014,16.021708352996697,23.58423784804153,15.957696827262044,4.240560033941451,,0.47224190881171746,0.16196590995948942,-4167.0,-2.9860088365243005,-0.027620221948212082,-3.0684830633284244,Cash Burn
SHRIRAMFIN,Mar 2015,11.201917838073443,18.426501035196686,11.094323332613858,3.0217472882900593,,0.35932851678708033,0.14764938700646782,-9656.0,-9.349221789883268,-0.004682135053584434,-9.392996108949417,Cash Burn
SHRIRAMFIN,Mar 2016,11.429674679023073,17.607877208224732,11.635220125786164,3.0417236433979253,,0.3584905660377358,0.15230911737461955,-5543.0,-4.6511824324324325,-0.006537134556019611,-4.681587837837838,Cash Burn
SHRIRAMFIN,Mar 2017,11.611483078051913,18.08676511052004,11.17190257677374,3.0615413277029124,,0.3778501628664495,0.1464551486983854,-2679.0,-2.1145339652448656,-0.0007471049682480389,-2.1161137440758293,Cash Burn
SHRIRAMFIN,Mar 2018,18.878684639312695,28.181010220708043,18.619430241051862,3.9709458260715293,,0.5936963644874396,0.1386811832374692,-13228.0,-5.155747351902707,-0.0065439050372850405,-5.1894860729697925,Cash Burn
SHRIRAMFIN,Mar 2019,16.580844490216272,24.465756951596294,16.13731754682704,3.6591353235076096,,0.5025118984664199,0.14737381306975023,-5611.0,-2.1486801242236027,-0.013730803974706414,-2.1781832298136647,Cash Burn
SHRIRAMFIN,Mar 2020,15.168166173540246,21.526477869693856,13.84632344835189,3.1583050577176928,,0.4288463851798388,0.14493375107205994,-2519.0,-0.9808917197452229,-0.022321428571428572,-1.0027866242038217,Cash Burn
SHRIRAMFIN,Mar 2021,14.343932958328551,19.527034783606933,11.50711424229866,2.652362723466627,,0.3742986027065684,0.13410822877376646,-4264.0,-1.6962785114045618,-0.005897617362585515,-1.7062825130052022,Cash Burn
SHRIRAMFIN,Mar 2022,14.131394443001819,19.03921059465074,10.427284920482851,2.601088398691651,,0.3751151130666121,0.13534315517192905,-8893.0,-3.2557883131201764,-0.0038379049554125746,-3.2682837192208747,Cash Burn
SHRIRAMFIN,Mar 2023,19.742883379247015,28.856749311294767,13.835263835263836,4.236113117074439,,0.6775236775236775,0.14480488951574988,-22701.0,-2.9277408637873754,-0.288,-3.7709302325581397,Cash Burn
SHRIRAMFIN,Mar 2024,20.333626470264925,28.918874354182698,15.116350338120824,4.304889074344531,,0.6750705671028997,0.14656859980827017,-31359.0,-4.203405865657522,-0.008295553197646377,-4.238275442627382,Cash Burn
SHRIRAMFIN,TTM,23.715633152719246,28.637367047963075,,,,0.6629500580720092,,,,,,
SIEMENS,Sep 2011,7.26056043496445,9.795064826432455,22.746331236897273,30.686582809224316,0.0,45.03846153846154,1.1769049025398701,-261.0,0.0034562211981566822,88.0,-0.30069124423963134,Aggressive Expansion
SIEMENS,Sep 2014,5.6471249297621275,1.1144409065368046,13.782857142857145,2.7199999999999998,0.0,3.838709677419355,1.037706511175899,478.0,1.0082918739635158,0.2138157894736842,0.7927031509121062,Healthy Growth
SIEMENS,Sep 2015,11.114266780270757,9.448073463978037,22.94313074066836,19.40879035394788,0.004885675200312683,33.266666666666666,0.9987708018154312,-72.0,0.4889267461669506,1.1254355400696865,-0.06132879045996593,Aggressive Expansion
SIEMENS,Sep 2016,26.889360524130296,9.421426594075852,42.83404380420402,14.953134153485648,0.003674849331177422,92.81818181818181,0.9041381611880527,276.0,0.17604667124227866,0.4619883040935672,0.09471516815374056,Healthy Growth
SIEMENS,Sep 2017,10.275643922277451,9.543605964753727,14.785435630689205,13.732119635890767,0.0,132.0,0.8422134267011722,-748.0,0.503957783641161,2.305410122164049,-0.6578715919085312,Aggressive Expansion
SIEMENS,Sep 2018,7.041813208284486,10.371238765142634,10.85672972647307,15.98987829859019,0.0,165.875,0.8925083705357143,-74.0,0.11098779134295228,1.74,-0.08213096559378469,Aggressive Expansion
SIEMENS,Sep 2019,8.399571996331396,11.38795475389789,12.144988396507902,16.465907835119904,0.0,124.16666666666667,0.8519338455528064,138.0,1.1583257506824385,0.8915946582875098,0.12556869881710647,Healthy Growth
SIEMENS,Sep 2020,7.7317514578725115,10.08445606273879,8.1015592077539,10.566793088916983,0.0,33.43333333333333,0.6271122320302648,-151.0,0.9362808842652796,1.2097222222222221,-0.19635890767230169,Aggressive Expansion
SIEMENS,Sep 2021,8.25125018942264,11.001666919230187,10.52478979414323,14.027630180658873,0.0003865854837150865,60.5,0.7326117124618373,-967.0,1.3057851239669422,1.680028129395218,-0.8879706152433425,Aggressive Expansion
SIEMENS,Sep 2022,9.561283926137069,11.525591770975337,13.290267011197244,15.773405698778834,0.015676141257536608,51.666666666666664,0.8025262320354071,944.0,0.6338302009073234,0.034764826175869123,0.6117952041477641,Healthy Growth
SIEMENS,Sep 2023,10.03375268487266,12.718625345197914,14.991976770841292,18.752827627808777,0.01337204859784519,108.1304347826087,0.9033539684006283,641.0,0.7135575942915392,0.5421428571428571,0.32670744138634045,Healthy Growth
SIEMENS,Sep 2024,12.221223021582734,13.956834532374101,17.698769290877124,19.85162445638271,0.018167610861496385,51.733333333333334,0.8790861298865568,1168.0,0.6144223693892568,0.3005988023952096,0.4297277409860191,Healthy Growth
SUNPHARMA,Mar 2013,31.165214266463032,42.979067469230074,23.142094729819878,31.37049180327869,0.01734489659773182,111.25581395348837,0.5462531285272612,982.0,0.9677140386278467,0.7074769139112302,0.28307869703084465,Healthy Growth
SUNPHARMA,Mar 2014,24.12313432835821,43.55099502487562,20.939271255060728,33.21160959878593,0.13824561403508773,159.1590909090909,0.5526722804605603,1783.0,1.0206238721319927,0.5496337458954281,0.45965455014178913,Healthy Growth
SUNPHARMA,Mar 2015,19.99123831775701,28.818633177570092,21.358920352601608,22.792631518161343,0.35088540447772837,13.63385146804836,0.5621985509923445,4114.0,1.0255661066471877,0.2674501424501424,0.7512783053323594,Healthy Growth
SUNPHARMA,Mar 2016,19.861691297784954,28.693790149892934,17.154291604766094,19.705882352941178,0.25761756056150137,15.62906309751434,0.5139460200620625,2737.0,1.1816896429833863,0.5906371522584505,0.483739837398374,Healthy Growth
SUNPHARMA,Mar 2017,24.846412059028438,31.99062638545823,21.413755458515286,21.737820623170943,0.2683406113537118,25.255,0.5168671740731647,2896.0,0.9026255416772878,0.5910759672408924,0.36910527657405046,Healthy Growth
SUNPHARMA,Mar 2018,9.596436256559326,21.257880629695343,6.634650519392389,11.562865767264215,0.2710497468288354,10.87065637065637,0.4119787859464672,803.0,1.536978756884343,0.794471461479396,0.31589299763965384,Healthy Growth
SUNPHARMA,Mar 2019,11.036950388770386,21.939723388151105,7.747108116593012,12.281647824663445,0.25390615566664254,11.49009009009009,0.4500077411363988,1886.0,0.6845386533665836,0.14116575591985428,0.5879052369077307,Healthy Growth
SUNPHARMA,Mar 2020,12.704793227358548,21.264997868323285,9.216834198608197,13.03284807764091,0.18369601237158953,23.046204620462046,0.48153796521688125,4330.0,1.571188878235858,0.33943554538520215,1.0378715244487056,Healthy Growth
SUNPHARMA,Mar 2021,6.782494477282226,25.285091647262526,4.889912403417773,16.82826035126758,0.08327055936982115,60.0709219858156,0.4953713288574724,5763.0,2.715669014084507,0.0659643435980551,2.536531690140845,Healthy Growth
SUNPHARMA,Mar 2022,8.767527293423708,26.538003828840484,7.0587990252233865,20.806880184986106,0.02686884255691404,80.77165354330708,0.5539727126805778,3429.0,2.6512245500147538,0.6183639398998331,1.0118028917084685,Healthy Growth
SUNPHARMA,Mar 2023,19.39798569019733,26.546051132479608,15.20314313778016,18.527059048043128,0.12297526564871863,67.73255813953489,0.5437357518089008,-2261.0,0.5825208504639963,1.4559386973180077,-0.2655937977211324,Aggressive Expansion
SUNPHARMA,Mar 2024,19.815658700538176,26.84289749881436,15.094161810671148,19.446975695015013,0.051423814535002436,54.69747899159664,0.5684929901064378,11372.0,1.2627471383975026,0.06287597857437165,1.183350676378772,Healthy Growth
SUNPHARMA,TTM,22.09787707720442,27.94585354218017,,,,58.82426778242678,,,,,,
TATACONSUM,Mar 2013,6.0535981499115765,10.474765338049245,9.251559251559252,12.421358283594127,0.28877338877338876,9.166666666666666,0.835910848305663,149.0,0.3887640449438202,0.13872832369942195,0.3348314606741573,Healthy Growth
TATACONSUM,Mar 2014,6.590850348927371,9.7182734556733,8.719439220379552,10.319747495540003,0.24585399213540776,8.64367816091954,0.7807486631016043,421.0,0.8274509803921568,0.002369668246445498,0.8254901960784313,Healthy Growth
TATACONSUM,Mar 2015,3.415488552483423,9.908670086325534,4.96996176952485,11.61801378905677,0.24103404332787184,9.658536585365853,0.8451046732924509,211.0,1.531135531135531,0.49521531100478466,0.7728937728937729,Healthy Growth
TATACONSUM,Mar 2016,-0.5574807895133344,5.514539701672443,-0.5922842964623019,4.815155900539403,0.21674403713782617,3.128205128205128,0.6707427993936331,-29.0,-3.135135135135135,1.25,0.7837837837837838,Aggressive Expansion
TATACONSUM,Mar 2017,6.710914454277287,11.666666666666666,7.262569832402235,11.216676120249575,0.12561851556264964,18.3953488372093,0.7098733116951105,596.0,1.6285714285714286,0.19568151147098514,1.30989010989011,Healthy Growth
TATACONSUM,Mar 2018,8.158473954512106,12.311078503301541,7.907836723083488,10.359303617730584,0.1518987341772152,16.134615384615383,0.6514673549373865,325.0,0.6402877697841727,0.08707865168539326,0.5845323741007195,Healthy Growth
TATACONSUM,Mar 2019,6.301709873138445,10.83838940981798,6.232951445717403,9.276525433730674,0.15561920349154393,10.076923076923077,0.6664828600312471,157.0,0.45951859956236324,0.2523809523809524,0.3435448577680525,Healthy Growth
TATACONSUM,Mar 2020,4.77326968973747,13.406661824219155,3.329714078899747,8.389065645087982,0.11480275063336953,18.72463768115942,0.5216802901531965,460.0,2.3521739130434782,0.5748613678373382,1.0,Healthy Growth
TATACONSUM,Mar 2021,8.015859334597483,13.308050336148941,6.398789046374019,9.549727857496288,0.11242603550295859,21.15068493150685,0.5738450885349689,1310.0,1.7806451612903227,0.20893719806763286,1.4086021505376345,Healthy Growth
TATACONSUM,Mar 2022,8.169014084507042,13.835010060362174,6.703209615638621,10.384197172888728,0.09325056135252939,19.75862068965517,0.5895610913404508,199.0,1.4935960591133004,0.8687335092348285,0.1960591133004926,Healthy Growth
TATACONSUM,Mar 2023,9.577015163607342,13.465863745193355,8.109602506604412,10.38205515466801,0.09829821220126558,14.276923076923078,0.6055267551181794,627.0,1.106818181818182,0.5708418891170431,0.475,Healthy Growth
TATACONSUM,Mar 2024,7.9902669998684726,15.020386689464685,7.566793298872766,11.692433705334288,0.21654107242947002,26.25287356321839,0.5454284586965099,26.0,1.594238683127572,0.9865771812080537,0.02139917695473251,Healthy Growth
TATACONSUM,TTM,7.1792354421059095,15.315702276492607,,,,9.313432835820896,,,,,,
TATAMOTORS,Mar 2013,5.284094219595007,13.02802540348424,26.505832026994714,26.924129475769814,1.427212583362117,6.908988764044944,1.1215647834610587,-806.0,2.2216319165998395,1.036366917836033,-0.08079390537289495,Aggressive Expansion
TATAMOTORS,Mar 2014,6.034342063444342,14.96903373218688,21.416377050179864,27.607211317586298,0.9243643680263398,7.339018740787534,1.0659628432512613,8160.0,2.5730249110320287,0.7742801029017178,0.5807829181494661,Healthy Growth
TATAMOTORS,Mar 2015,5.347717539586334,14.910757374819026,25.013330489495573,30.21359492423309,1.3083431090256301,8.072207364739766,1.10890167077513,-701.0,2.524763731969019,1.019729250513636,-0.049811696155759255,Aggressive Expansion
TATAMOTORS,Mar 2016,4.276935021937695,14.061733187814507,14.791265579086026,25.88799287987486,0.8785084608369642,7.853344242176314,1.0374718827892273,1206.0,3.2454187360849462,0.9681794195250659,0.10327110806644973,Healthy Growth
TATAMOTORS,Mar 2017,2.8020749518897414,10.971363735803303,13.015397333884469,21.650593417528867,1.3537942199717543,6.9818310523832,0.9894086139848852,-9372.0,3.9961624983459045,1.3103414020331798,-1.240174672489083,Aggressive Expansion
TATAMOTORS,Mar 2018,3.1181615503344196,10.789915966386554,9.526554051221863,17.06168848778054,0.9321163599782034,6.7189235369500215,0.8910670187535148,-1282.0,2.6242437575624242,1.0537368487236451,-0.14101858981410187,Aggressive Expansion
TATAMOTORS,Mar 2019,-9.513211321529585,8.16856440726242,-47.73093604081158,14.826213977421643,1.7643197793250136,4.282687966660879,0.9876841247877842,-1987.0,-0.6576730260409414,1.105182361971309,0.06917560228380448,Aggressive Expansion
TATAMOTORS,Mar 2020,-4.586927543781696,6.889775843841452,-18.984131010320393,9.574326518228322,1.9782812029360008,2.483363247273229,0.8153813960315949,-6482.0,-2.2240501043841334,1.2433822701160215,0.5412943632567849,Aggressive Expansion
TATAMOTORS,Mar 2021,-5.362397165675854,12.92539882703817,-24.245660397849658,16.357952760692683,2.5726464785418215,3.987526244288008,0.7313142254881869,3329.0,-2.1650615901455765,0.8852108547981105,-0.24852556924225458,Healthy Growth
TATAMOTORS,Mar 2022,-4.061353042154179,8.877588398801956,-25.378694374004173,12.941730799434584,3.2864836965059134,2.654639175257732,0.846207845961691,9839.0,-1.262976390485454,0.3111391164321221,-0.8700150322751791,Healthy Growth
TATAMOTORS,Mar 2023,0.7775308049611668,9.196252821800924,5.935307356250828,17.73121185944771,2.9591147786946737,3.11158924205379,1.0337432845097019,19971.0,13.155390334572491,0.4356561546286877,7.424163568773234,Healthy Growth
TATAMOTORS,Mar 2024,7.263066074788551,13.595385542828959,37.45613415294755,30.98033093974399,1.2631244259167667,5.962147005808132,1.1851234435931923,45133.0,2.135221806520577,0.33544872266804093,1.4189643789103028,Healthy Growth
TATAMOTORS,TTM,7.684389209677748,13.747412290568809,,,,6.842777966293406,,,,,,
TATAPOWER,Mar 2013,0.37073876480694457,16.864092594267113,0.9971625456019456,11.141645259573451,3.0710985002026754,2.1177138531415594,0.49328694410990676,-740.0,26.715447154471544,1.225197808886184,-6.016260162601626,Aggressive Expansion
TATAPOWER,Mar 2014,0.033588982813637126,19.35845042825953,0.0967663898072736,13.15479134172785,3.2394968147730023,2.01046511627907,0.5004833083507277,2874.0,540.25,0.5566867191115225,239.5,Healthy Growth
TATAPOWER,Mar 2015,1.3604024647992141,18.756883874616737,3.1917865623690456,11.47200728265817,2.836080458164548,1.703433360367667,0.4468045487796768,2116.0,13.087527352297593,0.6462130078582177,4.63019693654267,Healthy Growth
TATAPOWER,Mar 2016,2.664948803146403,7.137044822675799,6.7566405914209575,4.169803098133988,3.3395512765408752,0.6504944375772559,0.42100004282227327,5610.0,9.43384223918575,0.24342548887390425,7.137404580152672,Healthy Growth
TATAPOWER,Mar 2017,3.9872408293460926,19.838335508191967,8.32450431360678,8.823292331006465,3.694187982442864,1.626448736998514,0.33307175023240654,-359.0,6.376363636363636,1.0511833475905332,-0.32636363636363636,Aggressive Expansion
TATAPOWER,Mar 2018,9.728017883755587,8.550670640834575,15.921702542837979,3.5314211854496214,2.962924568571254,0.6102100505184791,0.32774874224588485,4852.0,2.4373803140559174,0.23758642363293525,1.8582918422060513,Healthy Growth
TATAPOWER,Mar 2019,8.721261001974499,10.27408721261002,14.236547391423107,4.595051713041266,2.649877082764272,0.7362110311750599,0.3554173159040358,4302.0,1.7551803530314658,0.059466550065588104,1.6508058326937836,Healthy Growth
TATAPOWER,Mar 2020,4.516749038989566,23.355985722130697,6.725953184094859,9.517216301641913,2.6544004906470406,1.5142412105028928,0.3249102303900796,6882.0,5.604103343465046,0.06684745762711865,5.229483282674772,Healthy Growth
TATAPOWER,Mar 2021,4.400207931994006,21.163196037060818,6.446266182860727,10.02593037910504,2.092371097074766,1.7259351620947632,0.3314885206020982,7352.0,5.799166087560806,0.11899340922708208,5.1091035441278665,Healthy Growth
TATAPOWER,Mar 2022,5.035500747384155,16.421431240657697,9.606986899563319,9.548189089723916,2.281213795561893,1.8219746048199015,0.38041759218125276,443.0,3.104359925788497,0.9338114447930674,0.2054730983302412,Healthy Growth
TATAPOWER,Mar 2023,6.913571285996843,14.023117821045563,13.234681117132139,9.457722950398354,1.8383701542309296,1.767612076852699,0.43021640019985014,-97.0,1.8808398950131233,1.0135361428970138,-0.025459317585301837,Aggressive Expansion
TATAPOWER,Mar 2024,6.965125551270159,17.469771680580646,13.227840276919272,12.476029984310536,1.659321300531586,2.317073170731707,0.4419074604110633,3569.0,2.9429906542056075,0.7166560812956494,0.8338785046728971,Healthy Growth
TATAPOWER,TTM,6.935059616626502,17.415615303438393,,,,2.430644097603869,,,,,,
TATASTEEL,Mar 2013,-5.398182789951898,2.943316111408041,-21.280580592297788,3.8607219014420506,2.0054137890670725,0.9992439516129032,0.9171818404640649,936.0,-1.930005500550055,0.9333095831848949,-0.12871287128712872,Healthy Growth
TATASTEEL,Mar 2014,2.466120284764558,10.889956531686112,9.042238231520773,13.24809063449055,2.0139396032764236,3.731611713165783,0.8660287638982774,-2232.0,3.5869031377899043,1.1697854860794157,-0.6090040927694407,Aggressive Expansion
TATASTEEL,Mar 2015,-2.8235749512558783,2.4436575295332035,-12.564994098695333,3.0423917893797414,2.574276691441513,0.7031765676567657,0.8767825830091321,2859.0,-3.015993907083016,0.7593434343434343,-0.7258187357197258,Healthy Growth
TATASTEEL,Mar 2016,-0.4874221546609131,-0.6129554258814298,-1.136467575230952,-0.4971404481422856,1.8747599012165006,-0.1480691779199242,0.5764512335768074,2661.0,-23.048289738430583,0.7676996944565692,-5.354124748490945,Healthy Growth
TATASTEEL,Mar 2017,-3.712410618082084,11.704467537555988,-11.023559586451254,10.87782311123617,2.195034242047648,2.591482649842271,0.6512087771895133,1334.0,-2.5963060686015833,0.8767553584626755,-0.3199808107459822,Healthy Growth
TATASTEEL,Mar 2018,14.396060008600475,17.38999910749783,29.148527213287117,14.006848867453503,1.5138078888140494,3.9290559120073327,0.5904935751861328,-3707.0,0.4521783238460238,1.4620466159790602,-0.20892746435213888,Aggressive Expansion
TATASTEEL,Mar 2019,5.785538057576315,18.59465081912107,13.234675371780922,17.272197053157456,1.4626913311570549,3.827415143603133,0.6773508955076405,-3840.0,2.777461083095812,1.151562993369119,-0.4209603157202368,Aggressive Expansion
TATASTEEL,Mar 2020,0.8396689959017859,12.489897508886616,1.5956290094596066,9.19569887943382,1.5810590409916276,2.318199920350458,0.5611782507656061,6157.0,17.179727427597957,0.6947295354256532,5.244463373083475,Healthy Growth
TATASTEEL,Mar 2021,5.240124380974318,19.517063994779072,11.031937391398053,18.74400884846995,1.19210926871321,4.009990797949257,0.6407881627984208,34890.0,5.412332112332113,0.21289507523631196,4.26007326007326,Healthy Growth
TATASTEEL,Mar 2022,17.113121467131773,26.02486483384503,36.48016916718366,33.41508599818951,0.6602500808262629,11.623947272061516,0.8638101847589778,33476.0,1.063043426189849,0.24571325567247246,0.8018395650195215,Healthy Growth
TATASTEEL,Mar 2023,3.3182249653795104,13.272899861518042,7.833569391358336,17.183136055326507,0.8235482431462331,5.127798063184632,0.8526853915261602,3504.0,2.6852012383900927,0.8383987455610385,0.4339318885448916,Healthy Growth
TATASTEEL,Mar 2024,-2.1425049417247384,9.70803461170916,-5.334926929972293,12.42093156986774,0.9461835171402184,2.9632392115077253,0.8509498277091255,6048.0,-4.134623217922607,0.7020836411999409,-1.2317718940936864,Healthy Growth
TATASTEEL,TTM,1.1433768302173637,11.453676723435832,,,,3.4235866919123614,,,,,,
TCS,Mar 2013,22.346758957913288,28.639921256092332,36.51740777253152,46.40156386645404,0.008613085663882115,375.8333333333333,1.2129130401294,5577.0,0.8251633986928104,0.519845027981059,0.3962063086104007,Healthy Growth
TCS,Mar 2014,23.630651884267014,30.746005940666677,39.29667649151337,50.82235512810151,0.006037198902327472,644.9487179487179,1.224154184560595,5299.0,0.7630353817504656,0.6407701172801844,0.2741051106972895,Healthy Growth
TCS,Mar 2015,21.194320006761895,25.866368016228552,39.616865804285574,48.0105112466417,0.007070208353905401,235.40384615384616,1.2909244660247143,17562.0,0.9655533399800598,0.09329340699055191,0.8754735792622134,Healthy Growth
TCS,Mar 2016,22.401192864900686,28.2357380851573,34.2441467807294,43.01498941346383,0.0034472084646555608,929.6060606060606,1.23054444960415,14099.0,0.785150792998603,0.262180124548642,0.5792998603007642,Healthy Growth
TCS,Mar 2017,22.342878456504415,27.390095451231712,30.571600900085834,37.35246176433187,0.003352123785000116,1009.71875,1.152765969921726,8328.0,0.9569753765603065,0.669825159576577,0.3159691922449444,Healthy Growth
TCS,Mar 2018,21.02287496750715,26.41343904341045,30.401278075368854,38.08609077598828,0.002901513015694014,625.3076923076923,1.1710138310218214,21963.0,0.9685857805255024,0.12382814058323692,0.8486476043276662,Healthy Growth
TCS,Mar 2019,21.549469831971216,26.973365286795982,35.28609440332715,44.136836930777136,0.000693155646982537,199.5252525252525,1.2858798430215714,26948.0,0.9059311830682466,0.05753156366942958,0.8538115455294342,Healthy Growth
TCS,Mar 2020,20.673594607165384,26.829734499741953,38.56952666238737,45.62188515709643,0.09716377814231035,45.57251082251082,1.3065255937466183,23401.0,0.9975960797608407,0.2770552071426365,0.721206891238019,Healthy Growth
TCS,Mar 2021,19.833472410873632,28.351108864213625,37.67311096456215,49.39720677505625,0.09018546157139055,73.07064364207221,1.2629777217059512,30846.0,1.191634420490142,0.20504097726921292,0.947300534365211,Healthy Growth
TCS,Mar 2022,20.051211448001087,27.669305464292794,43.13375739014349,54.72219643759605,0.08770571803587655,67.67474489795919,1.3606908688371038,39211.0,1.0390127181461157,0.018473553781070864,1.0198184608182268,Healthy Growth
TCS,Mar 2023,18.763139919630266,26.283831134845514,46.7829337344068,60.39933953033268,0.08502167566132886,76.07060333761233,1.5781854835887132,41417.0,0.9920100229298159,0.013058501131895627,0.979055858922535,Healthy Growth
TCS,Mar 2024,19.136712150207767,26.690688396923118,50.944313673485176,65.26850065983149,0.0886406082507266,82.6426735218509,1.6559406621205455,38247.0,0.9617996051975097,0.13737651675763454,0.8296709256166077,Healthy Growth
TCS,TTM,19.440499519997463,26.813100499043962,,,,85.02012578616352,,,,,,
TECHM,Mar 2013,19.01644114651535,20.689655172413794,24.087725764835973,20.893329415221864,0.25433099889421307,13.805825242718447,0.765026714158504,233.0,0.6541698546289212,0.7274853801169591,0.1782708492731446,Healthy Growth
TECHM,Mar 2013,19.01644114651535,20.689655172413794,24.087725764835973,20.893329415221864,0.25433099889421307,13.805825242718447,0.765026714158504,233.0,0.6541698546289212,0.7274853801169591,0.1782708492731446,Healthy Growth
TECHM,Mar 2013,19.01644114651535,20.689655172413794,24.087725764835973,20.893329415221864,0.25433099889421307,13.805825242718447,0.765026714158504,233.0,0.6541698546289212,0.7274853801169591,0.1782708492731446,Healthy Growth
TECHM,Mar 2013,19.01644114651535,20.689655172413794,24.087725764835973,20.893329415221864,0.25433099889421307,13.805825242718447,0.765026714158504,233.0,0.6541698546289212,0.7274853801169591,0.1782708492731446,Healthy Growth
TECHM,Mar 2014,16.28550154238911,22.189128816083397,33.34785449793073,43.708748035620744,0.03953387061642344,52.15,1.1795483061480552,1305.0,0.5212279555845852,0.18233082706766918,0.42619203135205747,Healthy Growth
TECHM,Mar 2014,16.28550154238911,22.189128816083397,33.34785449793073,43.708748035620744,0.03953387061642344,52.15,1.1795483061480552,1305.0,0.5212279555845852,0.18233082706766918,0.42619203135205747,Healthy Growth
TECHM,Mar 2014,16.28550154238911,22.189128816083397,33.34785449793073,43.708748035620744,0.03953387061642344,52.15,1.1795483061480552,1305.0,0.5212279555845852,0.18233082706766918,0.42619203135205747,Healthy Growth
TECHM,Mar 2014,16.28550154238911,22.189128816083397,33.34785449793073,43.708748035620744,0.03953387061642344,52.15,1.1795483061480552,1305.0,0.5212279555845852,0.18233082706766918,0.42619203135205747,Healthy Growth
TECHM,Mar 2015,11.754564342867248,18.535873745634586,21.70966688438929,32.3833796725363,0.057152188112344876,60.768115942028984,1.1397118097541314,583.0,0.9206468597216999,0.7618464052287581,0.21925535915757804,Healthy Growth
TECHM,Mar 2015,11.754564342867248,18.535873745634586,21.70966688438929,32.3833796725363,0.057152188112344876,60.768115942028984,1.1397118097541314,583.0,0.9206468597216999,0.7618464052287581,0.21925535915757804,Healthy Growth
TECHM,Mar 2015,11.754564342867248,18.535873745634586,21.70966688438929,32.3833796725363,0.057152188112344876,60.768115942028984,1.1397118097541314,583.0,0.9206468597216999,0.7618464052287581,0.21925535915757804,Healthy Growth
TECHM,Mar 2015,11.754564342867248,18.535873745634586,21.70966688438929,32.3833796725363,0.057152188112344876,60.768115942028984,1.1397118097541314,583.0,0.9206468597216999,0.7618464052287581,0.21925535915757804,Healthy Growth
TECHM,Mar 2016,11.425228353589493,16.0791122518306,20.745665136042764,27.164902435913785,0.07477211979987664,43.91752577319588,1.176204217536071,1684.0,1.0363396101750908,0.46318138348740834,0.5563263957713909,Healthy Growth
TECHM,Mar 2016,11.425228353589493,16.0791122518306,20.745665136042764,27.164902435913785,0.07477211979987664,43.91752577319588,1.176204217536071,1684.0,1.0363396101750908,0.46318138348740834,0.5563263957713909,Healthy Growth
TECHM,Mar 2016,11.425228353589493,16.0791122518306,20.745665136042764,27.164902435913785,0.07477211979987664,43.91752577319588,1.176204217536071,1684.0,1.0363396101750908,0.46318138348740834,0.5563263957713909,Healthy Growth
TECHM,Mar 2016,11.425228353589493,16.0791122518306,20.745665136042764,27.164902435913785,0.07477211979987664,43.91752577319588,1.176204217536071,1684.0,1.0363396101750908,0.46318138348740834,0.5563263957713909,Healthy Growth
TECHM,Mar 2017,9.783466593459387,14.357777701520194,17.34501429701284,23.50165702409706,0.08310518951146803,32.434108527131784,1.1183559120389914,1178.0,1.4279200280603297,0.7106362073200688,0.4131883549631708,Healthy Growth
TECHM,Mar 2017,9.783466593459387,14.357777701520194,17.34501429701284,23.50165702409706,0.08310518951146803,32.434108527131784,1.1183559120389914,1178.0,1.4279200280603297,0.7106362073200688,0.4131883549631708,Healthy Growth
TECHM,Mar 2017,9.783466593459387,14.357777701520194,17.34501429701284,23.50165702409706,0.08310518951146803,32.434108527131784,1.1183559120389914,1178.0,1.4279200280603297,0.7106362073200688,0.4131883549631708,Healthy Growth
TECHM,Mar 2017,9.783466593459387,14.357777701520194,17.34501429701284,23.50165702409706,0.08310518951146803,32.434108527131784,1.1183559120389914,1178.0,1.4279200280603297,0.7106362073200688,0.4131883549631708,Healthy Growth
TECHM,Mar 2018,12.302992883371786,15.305625060930037,20.092341983760548,22.175141242937855,0.12720904314599585,29.074074074074073,1.0112385396470704,235.0,0.9387216059165346,0.933877321328081,0.06207078711040676,Healthy Growth
TECHM,Mar 2018,12.302992883371786,15.305625060930037,20.092341983760548,22.175141242937855,0.12720904314599585,29.074074074074073,1.0112385396470704,235.0,0.9387216059165346,0.933877321328081,0.06207078711040676,Healthy Growth
TECHM,Mar 2018,12.302992883371786,15.305625060930037,20.092341983760548,22.175141242937855,0.12720904314599585,29.074074074074073,1.0112385396470704,235.0,0.9387216059165346,0.933877321328081,0.06207078711040676,Healthy Growth
TECHM,Mar 2018,12.302992883371786,15.305625060930037,20.092341983760548,22.175141242937855,0.12720904314599585,29.074074074074073,1.0112385396470704,235.0,0.9387216059165346,0.933877321328081,0.06207078711040676,Healthy Growth
TECHM,Mar 2019,12.345288123884636,18.050198606873526,21.143702243036728,28.14505632601768,0.09839783090953907,47.150375939849624,1.0387490282843987,2328.0,1.0333411051527162,0.4747292418772563,0.5427838657029611,Healthy Growth
TECHM,Mar 2019,12.345288123884636,18.050198606873526,21.143702243036728,28.14505632601768,0.09839783090953907,47.150375939849624,1.0387490282843987,2328.0,1.0333411051527162,0.4747292418772563,0.5427838657029611,Healthy Growth
TECHM,Mar 2019,12.345288123884636,18.050198606873526,21.143702243036728,28.14505632601768,0.09839783090953907,47.150375939849624,1.0387490282843987,2328.0,1.0333411051527162,0.4747292418772563,0.5427838657029611,Healthy Growth
TECHM,Mar 2019,12.345288123884636,18.050198606873526,21.143702243036728,28.14505632601768,0.09839783090953907,47.150375939849624,1.0387490282843987,2328.0,1.0333411051527162,0.4747292418772563,0.5427838657029611,Healthy Growth
TECHM,Mar 2020,10.570142128675274,14.926223283063903,17.865493054600467,21.594788682651178,0.16824829230275523,28.661458333333332,0.9879414759633421,3277.0,1.1182961252245316,0.24804956402019274,0.8409032589171157,Healthy Growth
TECHM,Mar 2020,10.570142128675274,14.926223283063903,17.865493054600467,21.594788682651178,0.16824829230275523,28.661458333333332,0.9879414759633421,3277.0,1.1182961252245316,0.24804956402019274,0.8409032589171157,Healthy Growth
TECHM,Mar 2020,10.570142128675274,14.926223283063903,17.865493054600467,21.594788682651178,0.16824829230275523,28.661458333333332,0.9879414759633421,3277.0,1.1182961252245316,0.24804956402019274,0.8409032589171157,Healthy Growth
TECHM,Mar 2020,10.570142128675274,14.926223283063903,17.865493054600467,21.594788682651178,0.16824829230275523,28.661458333333332,0.9879414759633421,3277.0,1.1182961252245316,0.24804956402019274,0.8409032589171157,Healthy Growth
TECHM,Mar 2021,11.499141460837405,17.952714304583278,17.506535290569072,24.47597781459339,0.11667001809772773,39.05747126436781,0.9558860663602848,2661.0,1.859407305306685,0.6712379540400296,0.611302549965541,Healthy Growth
TECHM,Mar 2021,11.499141460837405,17.952714304583278,17.506535290569072,24.47597781459339,0.11667001809772773,39.05747126436781,0.9558860663602848,2661.0,1.859407305306685,0.6712379540400296,0.611302549965541,Healthy Growth
TECHM,Mar 2021,11.499141460837405,17.952714304583278,17.506535290569072,24.47597781459339,0.11667001809772773,39.05747126436781,0.9558860663602848,2661.0,1.859407305306685,0.6712379540400296,0.611302549965541,Healthy Growth
TECHM,Mar 2021,11.499141460837405,17.952714304583278,17.506535290569072,24.47597781459339,0.11667001809772773,39.05747126436781,0.9558860663602848,2661.0,1.859407305306685,0.6712379540400296,0.611302549965541,Healthy Growth
TECHM,Mar 2022,12.610312234018725,17.963535367110158,20.940266309603512,27.182754880694144,0.09737409804359146,49.20245398773006,1.0051783141210375,4805.0,0.9387211367673179,0.09082308420056764,0.8534635879218473,Healthy Growth
TECHM,Mar 2022,12.610312234018725,17.963535367110158,20.940266309603512,27.182754880694144,0.09737409804359146,49.20245398773006,1.0051783141210375,4805.0,0.9387211367673179,0.09082308420056764,0.8534635879218473,Healthy Growth
TECHM,Mar 2022,12.610312234018725,17.963535367110158,20.940266309603512,27.182754880694144,0.09737409804359146,49.20245398773006,1.0051783141210375,4805.0,0.9387211367673179,0.09082308420056764,0.8534635879218473,Healthy Growth
TECHM,Mar 2022,12.610312234018725,17.963535367110158,20.940266309603512,27.182754880694144,0.09737409804359146,49.20245398773006,1.0051783141210375,4805.0,0.9387211367673179,0.09082308420056764,0.8534635879218473,Healthy Growth
TECHM,Mar 2023,9.11428035278664,14.567461062112965,17.3936398796734,25.316331854943908,0.09812347801174617,23.812883435582823,1.162851594038449,5346.0,1.1472102120650607,0.04055994256999282,1.1006794317479927,Healthy Growth
TECHM,Mar 2023,9.11428035278664,14.567461062112965,17.3936398796734,25.316331854943908,0.09812347801174617,23.812883435582823,1.162851594038449,5346.0,1.1472102120650607,0.04055994256999282,1.1006794317479927,Healthy Growth
TECHM,Mar 2023,9.11428035278664,14.567461062112965,17.3936398796734,25.316331854943908,0.09812347801174617,23.812883435582823,1.162851594038449,5346.0,1.1472102120650607,0.04055994256999282,1.1006794317479927,Healthy Growth
TECHM,Mar 2023,9.11428035278664,14.567461062112965,17.3936398796734,25.316331854943908,0.09812347801174617,23.812883435582823,1.162851594038449,5346.0,1.1472102120650607,0.04055994256999282,1.1006794317479927,Healthy Growth
TECHM,Mar 2024,4.60996999769213,8.666051234710363,8.987963553189097,15.428336643155516,0.09512917619708275,11.494897959183673,1.2050337203643189,5058.0,2.6599916562369628,0.20671267252195735,2.110137672090113,Healthy Growth
TECHM,Mar 2024,4.60996999769213,8.666051234710363,8.987963553189097,15.428336643155516,0.09512917619708275,11.494897959183673,1.2050337203643189,5058.0,2.6599916562369628,0.20671267252195735,2.110137672090113,Healthy Growth
TECHM,Mar 2024,4.60996999769213,8.666051234710363,8.987963553189097,15.428336643155516,0.09512917619708275,11.494897959183673,1.2050337203643189,5058.0,2.6599916562369628,0.20671267252195735,2.110137672090113,Healthy Growth
TECHM,Mar 2024,4.60996999769213,8.666051234710363,8.987963553189097,15.428336643155516,0.09512917619708275,11.494897959183673,1.2050337203643189,5058.0,2.6599916562369628,0.20671267252195735,2.110137672090113,Healthy Growth
TECHM,TTM,7.193764768656148,11.858754478237671,,,,21.09491525423729,,,,,,
TITAN,Mar 2013,7.161908525140769,10.01679344067964,36.80203045685279,51.47208121827411,0.0,19.88235294117647,1.720428280081577,411.0,0.7627586206896552,0.25678119349005424,0.5668965517241379,Healthy Growth
TITAN,Mar 2014,6.726457399103139,9.581769927702021,29.131985731272298,31.44144144144144,0.31985731272294887,12.03448275862069,1.7880870561282933,-826.0,-0.7551020408163265,-0.4882882882882883,-1.1238095238095238,Cash Burn
TITAN,Mar 2015,6.849660035255603,9.678502476286411,26.459143968871597,36.212311557788944,0.0324254215304799,14.234567901234568,2.030163599182004,385.0,0.616421568627451,0.2345924453280318,0.47181372549019607,Healthy Growth
TITAN,Mar 2016,5.9861653068464,8.32742107130188,19.24721984602224,25.939226519337016,0.03222127174222983,22.357142857142858,1.7779880163986124,417.0,0.8533333333333334,0.2760416666666667,0.6177777777777778,Healthy Growth
TITAN,Mar 2017,5.256013875273358,8.777618580800844,16.46586345381526,19.03515944399019,0.44460193716040636,30.63157894736842,1.5771883920076117,759.0,2.456241032998565,0.5566588785046729,1.0889526542324246,Healthy Growth
TITAN,Mar 2018,6.836228287841191,10.198511166253102,21.650294695481335,24.244211768175784,0.33222003929273086,31.0188679245283,1.6930994643419808,-149.0,-0.04627949183303085,-1.9215686274509804,-0.13520871143375682,Cash Burn
TITAN,Mar 2019,7.022599726983164,10.081399464078062,22.8830313014827,23.56138485170743,0.3942339373970346,37.62264150943396,1.689069171648164,446.0,0.8948884089272858,0.6411906677393403,0.3210943124550036,Healthy Growth
TITAN,Mar 2020,7.091962758882767,11.69960098802964,22.38716449242765,24.073893070081127,0.5341130604288499,14.837349397590362,1.554341405788541,-583.0,-0.23308774279973207,-0.6752873563218391,-0.39048894842598797,Cash Burn
TITAN,Mar 2021,4.500092404361486,7.969876178155609,12.99186341203148,13.132851161020175,0.7520341469921302,8.497536945812808,1.3162247628314279,1340.0,4.249486652977413,0.6762503020053153,1.375770020533881,Healthy Growth
TITAN,Mar 2022,7.632209451717073,11.611514288690579,23.6267870579383,20.1713113765231,0.782005804579168,15.339449541284404,1.3592127619407213,-1889.0,-0.3293903548680619,-1.6091160220994476,-0.859417652411283,Cash Burn
TITAN,Mar 2023,8.069008009858287,12.03203943314849,27.626360644671337,23.008766141954943,0.7903974348156274,16.273333333333333,1.5016654330125834,-444.0,0.4184483811850947,1.3240875912408758,-0.1356139279169212,Aggressive Expansion
TITAN,Mar 2024,6.843630099444054,10.359408033826638,37.2192057915469,21.23510292524377,1.653145959757266,8.549273021001616,1.619298190002219,1506.0,0.4848398169336384,0.11150442477876106,0.43077803203661325,Healthy Growth
TITAN,TTM,5.955047926842704,9.620257813360755,,,,6.2369047619047615,,,,,,
TORNTPHARM,Mar 2013,13.581017795816422,21.76084920387137,30.590717299578056,32.95508274231678,0.4873417721518987,20.5,0.8534505728750333,-94.0,0.35172413793103446,1.6143790849673203,-0.2160919540229885,Aggressive Expansion
TORNTPHARM,Mar 2014,15.915627996164908,22.890699904122723,34.8922753547031,31.466227347611202,0.5948502364687336,16.1864406779661,0.8307447232178415,181.0,0.9021084337349398,0.6978297161936561,0.27259036144578314,Healthy Growth
TORNTPHARM,Mar 2015,16.199309749784298,22.001725625539258,30.148534725010034,19.49913974383483,1.099959855479727,5.828571428571428,0.5928388746803069,-1303.0,1.0785619174434087,2.608641975308642,-1.7350199733688416,Aggressive Expansion
TORNTPHARM,Mar 2016,25.915956333183786,40.87034544638852,49.59931310818546,46.749914471433456,0.6731539782484258,14.853260869565217,0.7525320729237002,1873.0,1.5822273514137335,0.31692195477753465,1.0807847663012118,Healthy Growth
TORNTPHARM,Mar 2017,16.059147180192575,23.676066024759283,21.466329579407034,20.069960647135986,0.5768788784187543,6.684466019417476,0.6057702322674722,211.0,1.0802997858672376,0.7908820614469773,0.2259100642398287,Healthy Growth
TORNTPHARM,Mar 2018,11.394957983193276,22.672268907563026,14.665801427644388,12.169598556608028,1.3977936404931863,4.37987012987013,0.4177490697184582,-3783.0,1.3185840707964602,5.231543624161074,-5.579646017699115,Aggressive Expansion
TORNTPHARM,Mar 2019,5.682262478821843,25.843868108953473,9.227513227513228,18.42423116231534,1.2778835978835978,3.9345238095238093,0.5436831290299724,1552.0,4.123853211009174,0.13681868743047831,3.5596330275229358,Healthy Growth
TORNTPHARM,Mar 2020,12.910945962967629,27.333417306965615,21.24792703150912,20.456259426847662,1.199004975124378,4.811529933481153,0.5666666666666667,1164.0,1.3590243902439025,0.16439339554917445,1.1356097560975609,Healthy Growth
TORNTPHARM,Mar 2021,15.640224859462837,30.98063710181137,21.44570058239123,23.15160567587752,0.8348749571771155,7.025495750708215,0.5687388987566607,1561.0,1.601437699680511,0.22144638403990025,1.2468051118210863,Healthy Growth
TORNTPHARM,Mar 2022,9.132581100141044,28.573107663375648,13.052242566773057,24.25421530479896,0.6836888963547791,9.533333333333333,0.6592282659228266,1607.0,2.3204633204633205,0.10870770937326678,2.068211068211068,Healthy Growth
TORNTPHARM,Mar 2023,12.941787941787942,29.54261954261954,20.087124878993222,24.56989712112043,0.8662471765085511,8.534534534534535,0.6584531143052703,33.0,1.902008032128514,0.9860641891891891,0.02650602409638554,Healthy Growth
TORNTPHARM,Mar 2024,15.436241610738255,31.3944817300522,24.154025670945156,30.961573818716676,0.5866394399066511,9.514124293785311,0.7396070320579111,3106.0,1.9722222222222223,0.04898958971218616,1.8756038647342994,Healthy Growth
TORNTPHARM,TTM,16.474960184038224,32.20668908157848,,,,13.18840579710145,,,,,,
TRENT,Mar 2013,-1.2664165103189493,0.23452157598499063,-2.1933387489845653,0.3176620076238882,0.2786352558895207,0.1724137931034483,0.965142598460842,-245.0,-1.1481481481481481,8.903225806451612,9.074074074074074,Aggressive Expansion
TRENT,Mar 2014,-0.8144020574367767,-0.42863266180882986,-1.917255297679112,-0.7558578987150416,0.3350151362260343,-0.38461538461538464,1.2050619834710743,-94.0,2.4210526315789473,-1.0434782608695652,4.947368421052632,Cash Burn
TRENT,Mar 2015,5.64798598949212,3.852889667250438,9.071729957805907,5.210183540556542,0.1877637130801688,4.0,1.0348889895786135,-316.0,-0.07751937984496124,-30.6,-2.449612403100775,Cash Burn
TRENT,Mar 2016,3.262158956109134,5.338078291814947,3.7568306010928962,4.828326180257511,0.273224043715847,1.875,0.7816411682892906,11.0,1.981818181818182,0.8990825688073395,0.2,Healthy Growth
TRENT,Mar 2017,4.690949227373068,7.39514348785872,5.4945054945054945,6.910778751933987,0.25339366515837103,2.9130434782608696,0.8154815481548154,58.0,1.2,0.43137254901960786,0.6823529411764706,Healthy Growth
TRENT,Mar 2018,4.033379694019471,9.643022716736208,5.454545454545454,10.473313192346426,0.245141065830721,4.7272727272727275,0.9233732876712328,73.0,0.8850574712643678,0.05194805194805195,0.8390804597701149,Healthy Growth
TRENT,Mar 2019,3.6121673003802277,9.163498098859316,5.771567436208992,11.261682242990654,0.3001215066828676,4.7254901960784315,1.0277452129738178,-16.0,0.22105263157894736,1.7619047619047619,-0.16842105263157894,Aggressive Expansion
TRENT,Mar 2020,3.040734366035571,15.174985656913368,4.438860971524288,19.680059523809522,0.12562814070351758,2.011406844106464,0.633012529507899,-448.0,3.4056603773584904,2.2409972299168976,-4.226415094339623,Aggressive Expansion
TRENT,Mar 2021,-6.980331662167373,4.3964519861164675,-7.825335062689148,4.3628013777267505,0.1297016861219196,0.4367816091954023,0.453004891684137,267.0,-1.574585635359116,0.06315789473684211,-1.4751381215469612,Healthy Growth
TRENT,Mar 2022,0.7781236104935527,13.228101378390395,1.4805414551607445,8.393285371702639,1.998730964467005,1.8307692307692307,0.582190007765985,2.0,1.6571428571428573,0.9655172413793104,0.05714285714285714,Healthy Growth
TRENT,Mar 2023,4.780393108468818,13.516136859985439,15.177195685670261,15.779036827195467,1.7195685670261942,2.7237163814180927,1.0197970799307101,492.0,1.5101522842639594,0.173109243697479,1.248730964467005,Healthy Growth
TRENT,Mar 2024,11.935353535353535,15.927272727272726,36.30776794493609,33.86016148428105,0.4309242871189774,5.355978260869565,1.7278693102485339,841.0,0.913337846987136,0.3765752409191994,0.5693974272173324,Healthy Growth
TRENT,TTM,12.039933444259567,15.667221297836939,,,,12.010204081632653,,,,,,
TVSMOTOR,Mar 2013,2.6364846870838883,5.832223701731025,22.024471635150167,22.267412302999492,1.1879866518353726,4.252427184466019,2.2212363206152026,344.0,2.3434343434343434,0.25862068965517243,1.7373737373737375,Healthy Growth
TVSMOTOR,Mar 2014,2.23043893129771,5.868320610687023,16.1068044788975,26.045526733721548,0.6270456503014643,6.15,2.3083700440528636,235.0,2.513368983957219,0.5,1.2566844919786095,Healthy Growth
TVSMOTOR,Mar 2015,3.1981279251170043,5.898985959438377,24.754716981132074,24.754500818330605,0.8445283018867924,9.758064516129032,2.2442013129102847,-332.0,0.2530487804878049,5.0,-1.0121951219512195,Aggressive Expansion
TVSMOTOR,Mar 2016,3.7707655796782986,7.198734288476752,23.58438702583837,28.144329896907216,0.59978009895547,11.7,2.210843373493976,331.0,2.1818181818181817,0.6463675213675214,0.7715617715617715,Healthy Growth
TVSMOTOR,Mar 2017,4.084088903153334,6.988686512075744,22.95895354082093,24.688208616780045,0.591339648173207,14.516666666666667,2.033779373368146,-20.0,1.3536345776031433,1.0290275761973875,-0.03929273084479371,Aggressive Expansion
TVSMOTOR,Mar 2018,4.069767441860465,9.614443084455324,24.8319641523525,16.3543618571726,2.5870052277819267,4.64792899408284,1.238817285822593,-741.0,0.5323308270676692,3.093220338983051,-1.1142857142857143,Aggressive Expansion
TVSMOTOR,Mar 2019,3.5962301587301586,10.729166666666666,22.863450015767896,17.347020611115564,2.9321980447808262,3.262443438914027,1.2074748442740777,-2022.0,-1.2662068965517241,-1.2026143790849673,-2.788965517241379,Cash Burn
TVSMOTOR,Mar 2020,3.4325428404689906,12.011247281022866,19.70758452634785,15.221191340594325,3.5306122448979593,2.647953216374269,0.9780510585305106,-717.0,0.5765069551777434,2.9222520107238608,-1.1081916537867078,Aggressive Expansion
TVSMOTOR,Mar 2021,3.1306317903300553,11.49271407239586,15.88711784687745,13.94477071098338,3.182388293702639,2.533484676503973,0.8882231877429683,269.0,1.893092105263158,0.7662901824500434,0.44243421052631576,Healthy Growth
TVSMOTOR,Mar 2022,3.0014370765756517,11.311845616916443,16.613636363636363,13.620408365056608,3.5970454545454547,2.9308510638297873,0.9047512909097664,-3046.0,-2.1545827633378933,-0.933968253968254,-4.1668946648426815,Cash Burn
TVSMOTOR,Mar 2023,4.093951335460061,12.594608119096767,23.77838328792007,14.443527850507515,4.064668483197093,2.943713450292398,0.9128907922912206,-5713.0,-3.3651642475171886,-0.29693530079455166,-4.364400305576776,Cash Burn
TVSMOTOR,Mar 2024,4.544641716694342,14.050325712096054,26.223466981132077,16.773406526379993,3.833431603773585,2.8526970954356847,0.931491528650295,-2254.0,-0.7043282743114109,-0.7988826815642458,-1.2670039347948285,Cash Burn
TVSMOTOR,TTM,4.882712307046589,14.433614699435712,,,,2.999031007751938,,,,,,
INDIGO,Mar 2013,8.551559274149733,855.0,17886.363636363636,54207.792207792205,2.5,28.2027027027027,353.96153846153845,-149.0,2.2121982210927573,1.0855829982768523,-0.18932655654383734,Aggressive Expansion
INDIGO,Mar 2014,4.263740217684627,433.0,10772.727272727272,58065.21739130435,3.1818181818181817,27.324808184143222,317.62857142857143,-1319.0,3.3649789029535864,1.8269592476489027,-2.782700421940928,Aggressive Expansion
INDIGO,Mar 2015,9.364452423698385,1904.0,4939.39393939394,39546.05263157895,0.15151515151515152,30.435443037974682,228.27868852459017,1444.0,1.8282208588957056,0.39429530201342283,1.107361963190184,Healthy Growth
INDIGO,Mar 2016,12.304832713754648,3164.0,1534.775888717156,9443.959243085881,0.061823802163833076,25.19611650485437,82.34693877551021,1779.0,1.5689828801611279,0.4290757381258023,0.8957703927492447,Healthy Growth
INDIGO,Mar 2017,8.928955866523143,2219.0,1692.8571428571427,10908.0,0.5306122448979592,20.73764258555133,75.52845528455285,749.0,2.2796865581675707,0.8019566367001586,0.45147679324894513,Healthy Growth
INDIGO,Mar 2018,9.738934016767299,3030.0,2242.0,12981.16883116883,0.54,21.109820485744457,82.51254480286738,-249.0,1.7408563782337199,1.0637970791698694,-0.11106155218554861,Aggressive Expansion
INDIGO,Mar 2019,0.547426044846826,-151.0,120.93023255813952,13201.84331797235,0.6821705426356589,21.6211320754717,76.39946380697052,634.0,20.256410256410255,0.799367088607595,4.064102564102564,Healthy Growth
INDIGO,Mar 2020,-0.69358988701197,4069.0,-138.54748603351956,12475.1968503937,0.41899441340782123,20.696930111038537,84.72985781990522,2370.0,-27.995967741935484,0.6586489989917903,-9.556451612903226,Healthy Growth
INDIGO,Mar 2021,-42.14876033057851,2.0,-1094.148936170213,2554.624781849913,0.015957446808510637,14.12934362934363,18.053020961775587,-4848.0,0.2625182304326689,-1.9925925925925927,0.7856101118133204,Cash Burn
INDIGO,Mar 2022,-1.2224750298870077,558.0,-48.769230769230774,3832.779456193354,0.018461538461538463,34.997241379310346,28.18586956521739,537.0,-6.511041009463723,0.7398255813953488,-1.6940063091482649,Healthy Growth
INDIGO,Mar 2023,-0.582228262865959,6521.0,-40.7979407979408,6074.271229404309,0.015444015444015444,33.49126484975542,51.26741996233522,8664.0,-40.072555205047315,0.317956388254743,-27.331230283911673,Healthy Growth
INDIGO,Mar 2024,11.852722628584697,16331.0,892.568306010929,5640.87982832618,0.018579234972677595,22.60232158211522,56.38625204582652,9424.0,2.5937308681278317,0.5551149506679884,1.1539120852210114,Healthy Growth
INDIGO,TTM,7.942361002144463,15908.0,,,,19.96308503625577,,,,,,
