company_id,year,peer_group_name,metric,value,percent_rank
BAJAJ-AUTO,Mar 2013,Automobiles,return_on_equity_pct,38.84686918784873,99.47368421052632
BAJAJ-AUTO,Mar 2013,Automobiles,return_on_equity_pct,38.84686918784873,99.47368421052632
BAJAJ-AUTO,Mar 2014,Automobiles,return_on_equity_pct,33.24481164551982,91.05263157894737
BAJAJ-AUTO,Mar 2014,Automobiles,return_on_equity_pct,33.24481164551982,91.05263157894737
BAJAJ-AUTO,Mar 2015,Automobiles,return_on_equity_pct,27.273546642631818,82.63157894736842
BAJAJ-AUTO,Mar 2015,Automobiles,return_on_equity_pct,27.273546642631818,82.63157894736842
BAJAJ-AUTO,Mar 2016,Automobiles,return_on_equity_pct,28.96576319543509,86.8421052631579
BAJAJ-AUTO,Mar 2016,Automobiles,return_on_equity_pct,28.96576319543509,86.8421052631579
BAJAJ-AUTO,Mar 2017,Automobiles,return_on_equity_pct,22.843862007168457,61.578947368421055
BAJAJ-AUTO,Mar 2017,Automobiles,return_on_equity_pct,22.843862007168457,61.578947368421055
BAJAJ-AUTO,Mar 2018,Automobiles,return_on_equity_pct,20.656058751529986,50.0
BAJAJ-AUTO,Mar 2018,Automobiles,return_on_equity_pct,20.656058751529986,50.0
BAJAJ-AUTO,Mar 2019,Automobiles,return_on_equity_pct,21.211208195239532,54.21052631578947
BAJAJ-AUTO,Mar 2019,Automobiles,return_on_equity_pct,21.211208195239532,54.21052631578947
BAJAJ-AUTO,Mar 2020,Automobiles,return_on_equity_pct,24.06056689133044,67.89473684210526
BAJAJ-AUTO,Mar 2020,Automobiles,return_on_equity_pct,24.06056689133044,67.89473684210526
BAJAJ-AUTO,Mar 2021,Automobiles,return_on_equity_pct,17.808821911780882,34.21052631578947
BAJAJ-AUTO,Mar 2021,Automobiles,return_on_equity_pct,17.808821911780882,34.21052631578947
BAJAJ-AUTO,Mar 2022,Automobiles,return_on_equity_pct,20.650390167118793,47.89473684210526
BAJAJ-AUTO,Mar 2022,Automobiles,return_on_equity_pct,20.650390167118793,47.89473684210526
BAJAJ-AUTO,Mar 2023,Automobiles,return_on_equity_pct,20.638921054424088,45.78947368421053
BAJAJ-AUTO,Mar 2023,Automobiles,return_on_equity_pct,20.638921054424088,45.78947368421053
BAJAJ-AUTO,Mar 2024,Automobiles,return_on_equity_pct,26.61418410330778,79.47368421052632
BAJAJ-AUTO,Mar 2024,Automobiles,return_on_equity_pct,26.61418410330778,79.47368421052632
BAJAJ-AUTO,TTM,Automobiles,return_on_equity_pct,,
EICHERMOT,Dec 2012,Automobiles,return_on_equity_pct,27.065527065527068,81.05263157894737
EICHERMOT,Dec 2013,Automobiles,return_on_equity_pct,25.547445255474454,74.73684210526315
EICHERMOT,Dec 2014,Automobiles,return_on_equity_pct,27.90143084260731,85.26315789473684
EICHERMOT,Mar 2016,Automobiles,return_on_equity_pct,36.627429509991785,95.78947368421052
EICHERMOT,Mar 2017,Automobiles,return_on_equity_pct,31.18802619270346,89.47368421052632
EICHERMOT,Mar 2018,Automobiles,return_on_equity_pct,27.880512091038405,84.21052631578947
EICHERMOT,Mar 2019,Automobiles,return_on_equity_pct,24.702848172235928,69.47368421052632
EICHERMOT,Mar 2020,Automobiles,return_on_equity_pct,18.30477908025248,36.84210526315789
EICHERMOT,Mar 2021,Automobiles,return_on_equity_pct,11.776534359153699,13.684210526315791
EICHERMOT,Mar 2022,Automobiles,return_on_equity_pct,13.301078680203046,18.947368421052634
EICHERMOT,Mar 2023,Automobiles,return_on_equity_pct,19.43962641761174,41.05263157894737
EICHERMOT,Mar 2024,Automobiles,return_on_equity_pct,22.172346910501524,60.0
EICHERMOT,TTM,Automobiles,return_on_equity_pct,,
HEROMOTOCO,Mar 2014,Automobiles,return_on_equity_pct,37.38218033078428,96.84210526315789
HEROMOTOCO,Mar 2015,Automobiles,return_on_equity_pct,36.14678899082569,94.73684210526315
HEROMOTOCO,Mar 2016,Automobiles,return_on_equity_pct,35.22752999773602,93.6842105263158
HEROMOTOCO,Mar 2017,Automobiles,return_on_equity_pct,34.373788290034895,92.63157894736842
HEROMOTOCO,Mar 2018,Automobiles,return_on_equity_pct,31.089208152355496,88.42105263157895
HEROMOTOCO,Mar 2019,Automobiles,return_on_equity_pct,26.417682926829265,76.84210526315789
HEROMOTOCO,Mar 2020,Automobiles,return_on_equity_pct,25.39913924753575,73.68421052631578
HEROMOTOCO,Mar 2021,Automobiles,return_on_equity_pct,19.045147898287492,40.0
HEROMOTOCO,Mar 2022,Automobiles,return_on_equity_pct,14.696788035590332,22.105263157894736
HEROMOTOCO,Mar 2023,Automobiles,return_on_equity_pct,16.810758885686838,32.631578947368425
HEROMOTOCO,Mar 2024,Automobiles,return_on_equity_pct,21.14243742584327,52.63157894736842
HEROMOTOCO,TTM,Automobiles,return_on_equity_pct,,
M&M,Mar 2013,Automobiles,return_on_equity_pct,20.685336405991684,51.578947368421055
M&M,Mar 2014,Automobiles,return_on_equity_pct,22.11352812459776,58.94736842105262
M&M,Mar 2015,Automobiles,return_on_equity_pct,13.075762849518505,16.842105263157894
M&M,Mar 2016,Automobiles,return_on_equity_pct,13.41537067794051,20.0
M&M,Mar 2017,Automobiles,return_on_equity_pct,13.604002955201826,21.052631578947366
M&M,Mar 2018,Automobiles,return_on_equity_pct,21.63970088375255,56.84210526315789
M&M,Mar 2019,Automobiles,return_on_equity_pct,15.0488957807068,24.210526315789473
M&M,Mar 2020,Automobiles,return_on_equity_pct,-0.8031224198754034,5.263157894736842
M&M,Mar 2021,Automobiles,return_on_equity_pct,3.636188735510557,6.315789473684211
M&M,Mar 2022,Automobiles,return_on_equity_pct,15.391634658234832,25.263157894736842
M&M,Mar 2023,Automobiles,return_on_equity_pct,20.178831210304086,43.15789473684211
M&M,Mar 2024,Automobiles,return_on_equity_pct,18.537543435564285,38.94736842105263
M&M,TTM,Automobiles,return_on_equity_pct,,
MARUTI,Mar 2013,Automobiles,return_on_equity_pct,12.980870296405298,14.736842105263156
MARUTI,Mar 2014,Automobiles,return_on_equity_pct,13.276888723483438,17.894736842105264
MARUTI,Mar 2015,Automobiles,return_on_equity_pct,15.66329467883872,26.31578947368421
MARUTI,Mar 2016,Automobiles,return_on_equity_pct,17.954664227854717,35.78947368421053
MARUTI,Mar 2017,Automobiles,return_on_equity_pct,20.258934592043158,44.21052631578947
MARUTI,Mar 2018,Automobiles,return_on_equity_pct,18.517822317253696,37.89473684210527
MARUTI,Mar 2019,Automobiles,return_on_equity_pct,16.24692092075087,30.526315789473685
MARUTI,Mar 2020,Automobiles,return_on_equity_pct,11.490903203610387,12.631578947368421
MARUTI,Mar 2021,Automobiles,return_on_equity_pct,8.359840764937811,9.473684210526317
MARUTI,Mar 2022,Automobiles,return_on_equity_pct,7.012090434279725,8.421052631578947
MARUTI,Mar 2023,Automobiles,return_on_equity_pct,11.077747989276139,11.578947368421053
MARUTI,Mar 2024,Automobiles,return_on_equity_pct,15.750385351954785,27.368421052631582
MARUTI,TTM,Automobiles,return_on_equity_pct,,
TATAMOTORS,Mar 2013,Automobiles,return_on_equity_pct,26.505832026994714,77.89473684210526
TATAMOTORS,Mar 2014,Automobiles,return_on_equity_pct,21.416377050179864,55.78947368421052
TATAMOTORS,Mar 2015,Automobiles,return_on_equity_pct,25.013330489495573,72.63157894736842
TATAMOTORS,Mar 2016,Automobiles,return_on_equity_pct,14.791265579086026,23.157894736842106
TATAMOTORS,Mar 2017,Automobiles,return_on_equity_pct,13.015397333884469,15.789473684210526
TATAMOTORS,Mar 2018,Automobiles,return_on_equity_pct,9.526554051221863,10.526315789473683
TATAMOTORS,Mar 2019,Automobiles,return_on_equity_pct,-47.73093604081158,1.0526315789473684
TATAMOTORS,Mar 2020,Automobiles,return_on_equity_pct,-18.984131010320393,4.2105263157894735
TATAMOTORS,Mar 2021,Automobiles,return_on_equity_pct,-24.245660397849658,3.1578947368421053
TATAMOTORS,Mar 2022,Automobiles,return_on_equity_pct,-25.378694374004173,2.1052631578947367
TATAMOTORS,Mar 2023,Automobiles,return_on_equity_pct,5.935307356250828,7.368421052631578
TATAMOTORS,Mar 2024,Automobiles,return_on_equity_pct,37.45613415294755,97.89473684210527
TATAMOTORS,TTM,Automobiles,return_on_equity_pct,,
TVSMOTOR,Mar 2013,Automobiles,return_on_equity_pct,22.024471635150167,57.89473684210527
TVSMOTOR,Mar 2014,Automobiles,return_on_equity_pct,16.1068044788975,29.47368421052631
TVSMOTOR,Mar 2015,Automobiles,return_on_equity_pct,24.754716981132074,70.52631578947368
TVSMOTOR,Mar 2016,Automobiles,return_on_equity_pct,23.58438702583837,65.26315789473685
TVSMOTOR,Mar 2017,Automobiles,return_on_equity_pct,22.95895354082093,64.21052631578948
TVSMOTOR,Mar 2018,Automobiles,return_on_equity_pct,24.8319641523525,71.57894736842105
TVSMOTOR,Mar 2019,Automobiles,return_on_equity_pct,22.863450015767896,63.1578947368421
TVSMOTOR,Mar 2020,Automobiles,return_on_equity_pct,19.70758452634785,42.10526315789473
TVSMOTOR,Mar 2021,Automobiles,return_on_equity_pct,15.88711784687745,28.421052631578945
TVSMOTOR,Mar 2022,Automobiles,return_on_equity_pct,16.613636363636363,31.57894736842105
TVSMOTOR,Mar 2023,Automobiles,return_on_equity_pct,23.77838328792007,66.3157894736842
TVSMOTOR,Mar 2024,Automobiles,return_on_equity_pct,26.223466981132077,75.78947368421053
TVSMOTOR,TTM,Automobiles,return_on_equity_pct,,
BAJAJ-AUTO,Mar 2013,Automobiles,roce_calculated,44.688913335778025,86.8421052631579
BAJAJ-AUTO,Mar 2013,Automobiles,roce_calculated,44.688913335778025,86.8421052631579
BAJAJ-AUTO,Mar 2014,Automobiles,roce_calculated,40.70995501662429,83.6842105263158
BAJAJ-AUTO,Mar 2014,Automobiles,roce_calculated,40.70995501662429,83.6842105263158
BAJAJ-AUTO,Mar 2015,Automobiles,roce_calculated,36.834121531185865,79.47368421052632
BAJAJ-AUTO,Mar 2015,Automobiles,roce_calculated,36.834121531185865,79.47368421052632
BAJAJ-AUTO,Mar 2016,Automobiles,roce_calculated,33.901541943697836,77.36842105263158
BAJAJ-AUTO,Mar 2016,Automobiles,roce_calculated,33.901541943697836,77.36842105263158
BAJAJ-AUTO,Mar 2017,Automobiles,roce_calculated,24.638406764574988,56.315789473684205
BAJAJ-AUTO,Mar 2017,Automobiles,roce_calculated,24.638406764574988,56.315789473684205
BAJAJ-AUTO,Mar 2018,Automobiles,roce_calculated,23.586099484084492,54.21052631578947
BAJAJ-AUTO,Mar 2018,Automobiles,roce_calculated,23.586099484084492,54.21052631578947
BAJAJ-AUTO,Mar 2019,Automobiles,roce_calculated,22.25361760424694,44.73684210526316
BAJAJ-AUTO,Mar 2019,Automobiles,roce_calculated,22.25361760424694,44.73684210526316
BAJAJ-AUTO,Mar 2020,Automobiles,roce_calculated,23.448687350835325,52.10526315789473
BAJAJ-AUTO,Mar 2020,Automobiles,roce_calculated,23.448687350835325,52.10526315789473
BAJAJ-AUTO,Mar 2021,Automobiles,roce_calculated,18.025845075563993,35.26315789473684
BAJAJ-AUTO,Mar 2021,Automobiles,roce_calculated,18.025845075563993,35.26315789473684
BAJAJ-AUTO,Mar 2022,Automobiles,roce_calculated,17.540524314588755,32.10526315789474
BAJAJ-AUTO,Mar 2022,Automobiles,roce_calculated,17.540524314588755,32.10526315789474
BAJAJ-AUTO,Mar 2023,Automobiles,roce_calculated,21.925659635081054,42.63157894736842
BAJAJ-AUTO,Mar 2023,Automobiles,roce_calculated,21.925659635081054,42.63157894736842
BAJAJ-AUTO,Mar 2024,Automobiles,roce_calculated,28.389583468290468,67.89473684210526
BAJAJ-AUTO,Mar 2024,Automobiles,roce_calculated,28.389583468290468,67.89473684210526
BAJAJ-AUTO,TTM,Automobiles,roce_calculated,,
EICHERMOT,Dec 2012,Automobiles,roce_calculated,30.93363329583802,72.63157894736842
EICHERMOT,Dec 2013,Automobiles,roce_calculated,33.42683496961197,75.78947368421053
EICHERMOT,Dec 2014,Automobiles,roce_calculated,43.43434343434344,85.26315789473684
EICHERMOT,Mar 2016,Automobiles,roce_calculated,45.97388465723613,88.42105263157895
EICHERMOT,Mar 2017,Automobiles,roce_calculated,39.83873923401136,82.10526315789474
EICHERMOT,Mar 2018,Automobiles,roce_calculated,39.117114607993315,81.05263157894737
EICHERMOT,Mar 2019,Automobiles,roce_calculated,31.89456342668863,74.73684210526315
EICHERMOT,Mar 2020,Automobiles,roce_calculated,21.339198435972627,38.94736842105263
EICHERMOT,Mar 2021,Automobiles,roce_calculated,15.295530582482627,22.105263157894736
EICHERMOT,Mar 2022,Automobiles,roce_calculated,17.1280276816609,27.368421052631582
EICHERMOT,Mar 2023,Automobiles,roce_calculated,22.555308286424925,47.368421052631575
EICHERMOT,Mar 2024,Automobiles,roce_calculated,23.445623916811094,50.526315789473685
EICHERMOT,TTM,Automobiles,roce_calculated,,
HEROMOTOCO,Mar 2014,Automobiles,roce_calculated,367.7331979007957,100.0
HEROMOTOCO,Mar 2015,Automobiles,roce_calculated,361.7168674698795,98.94736842105263
HEROMOTOCO,Mar 2016,Automobiles,roce_calculated,265.08934480476506,97.89473684210527
HEROMOTOCO,Mar 2017,Automobiles,roce_calculated,227.14380259052663,96.84210526315789
HEROMOTOCO,Mar 2018,Automobiles,roce_calculated,222.32786885245903,95.78947368421052
HEROMOTOCO,Mar 2019,Automobiles,roce_calculated,215.50029779630734,94.73684210526315
HEROMOTOCO,Mar 2020,Automobiles,roce_calculated,169.4865064943805,91.57894736842105
HEROMOTOCO,Mar 2021,Automobiles,roce_calculated,168.13750000000002,90.52631578947368
HEROMOTOCO,Mar 2022,Automobiles,roce_calculated,159.82859226841722,89.47368421052632
HEROMOTOCO,Mar 2023,Automobiles,roce_calculated,174.52392011147236,92.63157894736842
HEROMOTOCO,Mar 2024,Automobiles,roce_calculated,177.84211963944279,93.6842105263158
HEROMOTOCO,TTM,Automobiles,roce_calculated,,
M&M,Mar 2013,Automobiles,roce_calculated,18.729454306377384,36.84210526315789
M&M,Mar 2014,Automobiles,roce_calculated,17.39234531586688,30.526315789473685
M&M,Mar 2015,Automobiles,roce_calculated,13.789047798268724,12.631578947368421
M&M,Mar 2016,Automobiles,roce_calculated,14.81666544198692,17.894736842105264
M&M,Mar 2017,Automobiles,roce_calculated,13.668194550547492,10.526315789473683
M&M,Mar 2018,Automobiles,roce_calculated,14.271686467471648,15.789473684210526
M&M,Mar 2019,Automobiles,roce_calculated,13.720890364609179,11.578947368421053
M&M,Mar 2020,Automobiles,roce_calculated,8.32206847395974,1.0526315789473684
M&M,Mar 2021,Automobiles,roce_calculated,9.399625226050881,2.1052631578947367
M&M,Mar 2022,Automobiles,roce_calculated,11.77201590661279,6.315789473684211
M&M,Mar 2023,Automobiles,roce_calculated,13.649546136609853,9.473684210526317
M&M,Mar 2024,Automobiles,roce_calculated,14.237260991666522,14.736842105263156
M&M,TTM,Automobiles,roce_calculated,,
MARUTI,Mar 2013,Automobiles,roce_calculated,21.17298635723649,37.89473684210527
MARUTI,Mar 2014,Automobiles,roce_calculated,22.595744680851062,48.421052631578945
MARUTI,Mar 2015,Automobiles,roce_calculated,27.585654819084215,63.1578947368421
MARUTI,Mar 2016,Automobiles,roce_calculated,29.254060362433947,70.52631578947368
MARUTI,Mar 2017,Automobiles,roce_calculated,27.745680129928914,65.26315789473685
MARUTI,Mar 2018,Automobiles,roce_calculated,28.39268978444236,69.47368421052632
MARUTI,Mar 2019,Automobiles,roce_calculated,23.39795140946415,49.473684210526315
MARUTI,Mar 2020,Automobiles,roce_calculated,14.829525979393916,20.0
MARUTI,Mar 2021,Automobiles,roce_calculated,10.201349873685004,4.2105263157894735
MARUTI,Mar 2022,Automobiles,roce_calculated,10.315823454509585,5.263157894736842
MARUTI,Mar 2023,Automobiles,roce_calculated,17.300390254192596,28.421052631578945
MARUTI,Mar 2024,Automobiles,roce_calculated,21.720016325578683,41.05263157894737
MARUTI,TTM,Automobiles,roce_calculated,,
TATAMOTORS,Mar 2013,Automobiles,roce_calculated,26.924129475769814,62.10526315789474
TATAMOTORS,Mar 2014,Automobiles,roce_calculated,27.607211317586298,64.21052631578948
TATAMOTORS,Mar 2015,Automobiles,roce_calculated,30.21359492423309,71.57894736842105
TATAMOTORS,Mar 2016,Automobiles,roce_calculated,25.88799287987486,60.0
TATAMOTORS,Mar 2017,Automobiles,roce_calculated,21.650593417528867,40.0
TATAMOTORS,Mar 2018,Automobiles,roce_calculated,17.06168848778054,26.31578947368421
TATAMOTORS,Mar 2019,Automobiles,roce_calculated,14.826213977421643,18.947368421052634
TATAMOTORS,Mar 2020,Automobiles,roce_calculated,9.574326518228322,3.1578947368421053
TATAMOTORS,Mar 2021,Automobiles,roce_calculated,16.357952760692683,24.210526315789473
TATAMOTORS,Mar 2022,Automobiles,roce_calculated,12.941730799434584,7.368421052631578
TATAMOTORS,Mar 2023,Automobiles,roce_calculated,17.73121185944771,33.68421052631579
TATAMOTORS,Mar 2024,Automobiles,roce_calculated,30.98033093974399,73.68421052631578
TATAMOTORS,TTM,Automobiles,roce_calculated,,
TVSMOTOR,Mar 2013,Automobiles,roce_calculated,22.267412302999492,46.31578947368421
TVSMOTOR,Mar 2014,Automobiles,roce_calculated,26.045526733721548,61.05263157894737
TVSMOTOR,Mar 2015,Automobiles,roce_calculated,24.754500818330605,58.94736842105262
TVSMOTOR,Mar 2016,Automobiles,roce_calculated,28.144329896907216,66.3157894736842
TVSMOTOR,Mar 2017,Automobiles,roce_calculated,24.688208616780045,57.89473684210527
TVSMOTOR,Mar 2018,Automobiles,roce_calculated,16.3543618571726,23.157894736842106
TVSMOTOR,Mar 2019,Automobiles,roce_calculated,17.347020611115564,29.47368421052631
TVSMOTOR,Mar 2020,Automobiles,roce_calculated,15.221191340594325,21.052631578947366
TVSMOTOR,Mar 2021,Automobiles,roce_calculated,13.94477071098338,13.684210526315791
TVSMOTOR,Mar 2022,Automobiles,roce_calculated,13.620408365056608,8.421052631578947
TVSMOTOR,Mar 2023,Automobiles,roce_calculated,14.443527850507515,16.842105263157894
TVSMOTOR,Mar 2024,Automobiles,roce_calculated,16.773406526379993,25.263157894736842
TVSMOTOR,TTM,Automobiles,roce_calculated,,
BAJAJ-AUTO,Mar 2013,Automobiles,operating_profit_margin_pct,18.257178526841447,64.2156862745098
BAJAJ-AUTO,Mar 2013,Automobiles,operating_profit_margin_pct,18.257178526841447,64.2156862745098
BAJAJ-AUTO,Mar 2014,Automobiles,operating_profit_margin_pct,20.673387297015445,76.9607843137255
BAJAJ-AUTO,Mar 2014,Automobiles,operating_profit_margin_pct,20.673387297015445,76.9607843137255
BAJAJ-AUTO,Mar 2015,Automobiles,operating_profit_margin_pct,19.115536003704563,68.13725490196079
BAJAJ-AUTO,Mar 2015,Automobiles,operating_profit_margin_pct,19.115536003704563,68.13725490196079
BAJAJ-AUTO,Mar 2016,Automobiles,operating_profit_margin_pct,21.23239124656685,79.90196078431373
BAJAJ-AUTO,Mar 2016,Automobiles,operating_profit_margin_pct,21.23239124656685,79.90196078431373
BAJAJ-AUTO,Mar 2017,Automobiles,operating_profit_margin_pct,20.358538267065043,74.01960784313727
BAJAJ-AUTO,Mar 2017,Automobiles,operating_profit_margin_pct,20.358538267065043,74.01960784313727
BAJAJ-AUTO,Mar 2018,Automobiles,operating_profit_margin_pct,19.22253074176914,70.09803921568627
BAJAJ-AUTO,Mar 2018,Automobiles,operating_profit_margin_pct,19.22253074176914,70.09803921568627
BAJAJ-AUTO,Mar 2019,Automobiles,operating_profit_margin_pct,17.12234007510376,57.35294117647059
BAJAJ-AUTO,Mar 2019,Automobiles,operating_profit_margin_pct,17.12234007510376,57.35294117647059
BAJAJ-AUTO,Mar 2020,Automobiles,operating_profit_margin_pct,17.076105484808984,55.392156862745104
BAJAJ-AUTO,Mar 2020,Automobiles,operating_profit_margin_pct,17.076105484808984,55.392156862745104
BAJAJ-AUTO,Mar 2021,Automobiles,operating_profit_margin_pct,17.800367686817346,61.274509803921575
BAJAJ-AUTO,Mar 2021,Automobiles,operating_profit_margin_pct,17.800367686817346,61.274509803921575
BAJAJ-AUTO,Mar 2022,Automobiles,operating_profit_margin_pct,15.866646553024587,51.470588235294116
BAJAJ-AUTO,Mar 2022,Automobiles,operating_profit_margin_pct,15.866646553024587,51.470588235294116
BAJAJ-AUTO,Mar 2023,Automobiles,operating_profit_margin_pct,17.734192840488273,59.31372549019608
BAJAJ-AUTO,Mar 2023,Automobiles,operating_profit_margin_pct,17.734192840488273,59.31372549019608
BAJAJ-AUTO,Mar 2024,Automobiles,operating_profit_margin_pct,19.534209939826162,72.05882352941177
BAJAJ-AUTO,Mar 2024,Automobiles,operating_profit_margin_pct,19.534209939826162,72.05882352941177
BAJAJ-AUTO,TTM,Automobiles,operating_profit_margin_pct,18.697341513292436,66.66666666666666
EICHERMOT,Dec 2012,Automobiles,operating_profit_margin_pct,8.607198748043817,9.803921568627452
EICHERMOT,Dec 2013,Automobiles,operating_profit_margin_pct,10.499265785609397,15.686274509803921
EICHERMOT,Dec 2014,Automobiles,operating_profit_margin_pct,12.794689860379949,26.47058823529412
EICHERMOT,Mar 2016,Automobiles,operating_profit_margin_pct,27.37728819050705,85.29411764705883
EICHERMOT,Mar 2017,Automobiles,operating_profit_margin_pct,30.911417602729983,87.25490196078431
EICHERMOT,Mar 2018,Automobiles,operating_profit_margin_pct,31.3329615170106,88.23529411764706
EICHERMOT,Mar 2019,Automobiles,operating_profit_margin_pct,29.641727059303868,86.27450980392157
EICHERMOT,Mar 2020,Automobiles,operating_profit_margin_pct,23.847498361372075,81.37254901960785
EICHERMOT,Mar 2021,Automobiles,operating_profit_margin_pct,20.44724770642202,75.49019607843137
EICHERMOT,Mar 2022,Automobiles,operating_profit_margin_pct,21.149737813167604,78.43137254901961
EICHERMOT,Mar 2023,Automobiles,operating_profit_margin_pct,23.8609610857222,82.35294117647058
EICHERMOT,Mar 2024,Automobiles,operating_profit_margin_pct,26.179245283018872,84.31372549019608
EICHERMOT,TTM,Automobiles,operating_profit_margin_pct,26.165818266924113,83.33333333333334
HEROMOTOCO,Mar 2014,Automobiles,operating_profit_margin_pct,3553.0,91.17647058823529
HEROMOTOCO,Mar 2015,Automobiles,operating_profit_margin_pct,3520.0,90.19607843137256
HEROMOTOCO,Mar 2016,Automobiles,operating_profit_margin_pct,4424.0,95.09803921568627
HEROMOTOCO,Mar 2017,Automobiles,operating_profit_margin_pct,4585.0,96.07843137254902
HEROMOTOCO,Mar 2018,Automobiles,operating_profit_margin_pct,5334.0,99.01960784313727
HEROMOTOCO,Mar 2019,Automobiles,operating_profit_margin_pct,5025.0,97.05882352941177
HEROMOTOCO,Mar 2020,Automobiles,operating_profit_margin_pct,4070.0,93.13725490196079
HEROMOTOCO,Mar 2021,Automobiles,operating_profit_margin_pct,4058.0,92.15686274509804
HEROMOTOCO,Mar 2022,Automobiles,operating_profit_margin_pct,3256.0,89.2156862745098
HEROMOTOCO,Mar 2023,Automobiles,operating_profit_margin_pct,4099.0,94.11764705882352
HEROMOTOCO,Mar 2024,Automobiles,operating_profit_margin_pct,5235.0,98.0392156862745
HEROMOTOCO,TTM,Automobiles,operating_profit_margin_pct,5561.0,100.0
M&M,Mar 2013,Automobiles,operating_profit_margin_pct,13.270638929730833,32.35294117647059
M&M,Mar 2014,Automobiles,operating_profit_margin_pct,13.743057526249643,38.23529411764706
M&M,Mar 2015,Automobiles,operating_profit_margin_pct,12.306852536110178,24.509803921568626
M&M,Mar 2016,Automobiles,operating_profit_margin_pct,13.293601086483564,33.33333333333333
M&M,Mar 2017,Automobiles,operating_profit_margin_pct,12.814391271650772,27.450980392156865
M&M,Mar 2018,Automobiles,operating_profit_margin_pct,14.361413338545399,42.15686274509804
M&M,Mar 2019,Automobiles,operating_profit_margin_pct,14.521442690577821,44.11764705882353
M&M,Mar 2020,Automobiles,operating_profit_margin_pct,13.47536547186331,34.31372549019608
M&M,Mar 2021,Automobiles,operating_profit_margin_pct,15.464875198578316,49.01960784313725
M&M,Mar 2022,Automobiles,operating_profit_margin_pct,16.28350578345588,52.94117647058824
M&M,Mar 2023,Automobiles,operating_profit_margin_pct,16.72727572586564,53.92156862745098
M&M,Mar 2024,Automobiles,operating_profit_margin_pct,17.89787025985418,62.745098039215684
M&M,TTM,Automobiles,operating_profit_margin_pct,18.64654232896712,65.68627450980392
MARUTI,Mar 2013,Automobiles,operating_profit_margin_pct,9.843355001805707,14.705882352941178
MARUTI,Mar 2014,Automobiles,operating_profit_margin_pct,11.92133267477886,22.54901960784314
MARUTI,Mar 2015,Automobiles,operating_profit_margin_pct,13.566662073581229,35.294117647058826
MARUTI,Mar 2016,Automobiles,operating_profit_margin_pct,15.66965913629339,50.0
MARUTI,Mar 2017,Automobiles,operating_profit_margin_pct,15.305867665418226,48.03921568627451
MARUTI,Mar 2018,Automobiles,operating_profit_margin_pct,15.183751206004336,47.05882352941176
MARUTI,Mar 2019,Automobiles,operating_profit_margin_pct,12.845656922433424,28.431372549019606
MARUTI,Mar 2020,Automobiles,operating_profit_margin_pct,9.721120803595031,13.725490196078432
MARUTI,Mar 2021,Automobiles,operating_profit_margin_pct,7.689137725231626,7.8431372549019605
MARUTI,Mar 2022,Automobiles,operating_profit_margin_pct,6.511943846937621,3.9215686274509802
MARUTI,Mar 2023,Automobiles,operating_profit_margin_pct,11.081834304535091,19.607843137254903
MARUTI,Mar 2024,Automobiles,operating_profit_margin_pct,13.130031439890594,31.372549019607842
MARUTI,TTM,Automobiles,operating_profit_margin_pct,13.611728977433149,37.254901960784316
TATAMOTORS,Mar 2013,Automobiles,operating_profit_margin_pct,13.02802540348424,30.392156862745097
TATAMOTORS,Mar 2014,Automobiles,operating_profit_margin_pct,14.96903373218688,46.07843137254902
TATAMOTORS,Mar 2015,Automobiles,operating_profit_margin_pct,14.910757374819026,45.09803921568628
TATAMOTORS,Mar 2016,Automobiles,operating_profit_margin_pct,14.061733187814507,41.17647058823529
TATAMOTORS,Mar 2017,Automobiles,operating_profit_margin_pct,10.971363735803303,18.627450980392158
TATAMOTORS,Mar 2018,Automobiles,operating_profit_margin_pct,10.789915966386554,17.647058823529413
TATAMOTORS,Mar 2019,Automobiles,operating_profit_margin_pct,8.16856440726242,8.823529411764707
TATAMOTORS,Mar 2020,Automobiles,operating_profit_margin_pct,6.889775843841452,4.901960784313726
TATAMOTORS,Mar 2021,Automobiles,operating_profit_margin_pct,12.92539882703817,29.411764705882355
TATAMOTORS,Mar 2022,Automobiles,operating_profit_margin_pct,8.877588398801956,10.784313725490197
TATAMOTORS,Mar 2023,Automobiles,operating_profit_margin_pct,9.196252821800924,11.76470588235294
TATAMOTORS,Mar 2024,Automobiles,operating_profit_margin_pct,13.595385542828959,36.27450980392157
TATAMOTORS,TTM,Automobiles,operating_profit_margin_pct,13.747412290568809,39.21568627450981
TVSMOTOR,Mar 2013,Automobiles,operating_profit_margin_pct,5.832223701731025,0.9803921568627451
TVSMOTOR,Mar 2014,Automobiles,operating_profit_margin_pct,5.868320610687023,1.9607843137254901
TVSMOTOR,Mar 2015,Automobiles,operating_profit_margin_pct,5.898985959438377,2.941176470588235
TVSMOTOR,Mar 2016,Automobiles,operating_profit_margin_pct,7.198734288476752,6.862745098039216
TVSMOTOR,Mar 2017,Automobiles,operating_profit_margin_pct,6.988686512075744,5.88235294117647
TVSMOTOR,Mar 2018,Automobiles,operating_profit_margin_pct,9.614443084455324,12.745098039215685
TVSMOTOR,Mar 2019,Automobiles,operating_profit_margin_pct,10.729166666666666,16.666666666666664
TVSMOTOR,Mar 2020,Automobiles,operating_profit_margin_pct,12.011247281022866,23.52941176470588
TVSMOTOR,Mar 2021,Automobiles,operating_profit_margin_pct,11.49271407239586,21.568627450980394
TVSMOTOR,Mar 2022,Automobiles,operating_profit_margin_pct,11.311845616916443,20.588235294117645
TVSMOTOR,Mar 2023,Automobiles,operating_profit_margin_pct,12.594608119096767,25.49019607843137
TVSMOTOR,Mar 2024,Automobiles,operating_profit_margin_pct,14.050325712096054,40.19607843137255
TVSMOTOR,TTM,Automobiles,operating_profit_margin_pct,14.433614699435712,43.13725490196079
BAJAJ-AUTO,Mar 2013,Automobiles,net_profit_margin_pct,15.645443196004994,71.07843137254902
BAJAJ-AUTO,Mar 2013,Automobiles,net_profit_margin_pct,15.645443196004994,71.07843137254902
BAJAJ-AUTO,Mar 2014,Automobiles,net_profit_margin_pct,16.785022595222724,79.90196078431373
BAJAJ-AUTO,Mar 2014,Automobiles,net_profit_margin_pct,16.785022595222724,79.90196078431373
BAJAJ-AUTO,Mar 2015,Automobiles,net_profit_margin_pct,14.012502894188469,67.15686274509804
BAJAJ-AUTO,Mar 2015,Automobiles,net_profit_margin_pct,14.012502894188469,67.15686274509804
BAJAJ-AUTO,Mar 2016,Automobiles,net_profit_margin_pct,17.989722689820148,87.74509803921569
BAJAJ-AUTO,Mar 2016,Automobiles,net_profit_margin_pct,17.989722689820148,87.74509803921569
BAJAJ-AUTO,Mar 2017,Automobiles,net_profit_margin_pct,18.7497127097219,91.66666666666666
BAJAJ-AUTO,Mar 2017,Automobiles,net_profit_margin_pct,18.7497127097219,91.66666666666666
BAJAJ-AUTO,Mar 2018,Automobiles,net_profit_margin_pct,16.735422451408173,77.94117647058823
BAJAJ-AUTO,Mar 2018,Automobiles,net_profit_margin_pct,16.735422451408173,77.94117647058823
BAJAJ-AUTO,Mar 2019,Automobiles,net_profit_margin_pct,16.2329534224916,73.0392156862745
BAJAJ-AUTO,Mar 2019,Automobiles,net_profit_margin_pct,16.2329534224916,73.0392156862745
BAJAJ-AUTO,Mar 2020,Automobiles,net_profit_margin_pct,17.42036832781844,83.82352941176471
BAJAJ-AUTO,Mar 2020,Automobiles,net_profit_margin_pct,17.42036832781844,83.82352941176471
BAJAJ-AUTO,Mar 2021,Automobiles,net_profit_margin_pct,17.508381096571863,85.7843137254902
BAJAJ-AUTO,Mar 2021,Automobiles,net_profit_margin_pct,17.508381096571863,85.7843137254902
BAJAJ-AUTO,Mar 2022,Automobiles,net_profit_margin_pct,18.60310755770101,89.70588235294117
BAJAJ-AUTO,Mar 2022,Automobiles,net_profit_margin_pct,18.60310755770101,89.70588235294117
BAJAJ-AUTO,Mar 2023,Automobiles,net_profit_margin_pct,16.62323412426279,75.98039215686273
BAJAJ-AUTO,Mar 2023,Automobiles,net_profit_margin_pct,16.62323412426279,75.98039215686273
BAJAJ-AUTO,Mar 2024,Automobiles,net_profit_margin_pct,17.178515712057056,81.86274509803921
BAJAJ-AUTO,Mar 2024,Automobiles,net_profit_margin_pct,17.178515712057056,81.86274509803921
BAJAJ-AUTO,TTM,Automobiles,net_profit_margin_pct,15.073619631901842,68.62745098039215
EICHERMOT,Dec 2012,Automobiles,net_profit_margin_pct,7.433489827856025,38.23529411764706
EICHERMOT,Dec 2013,Automobiles,net_profit_margin_pct,7.709251101321586,42.15686274509804
EICHERMOT,Dec 2014,Automobiles,net_profit_margin_pct,8.033875028610666,44.11764705882353
EICHERMOT,Mar 2016,Automobiles,net_profit_margin_pct,21.675036449052325,95.09803921568627
EICHERMOT,Mar 2017,Automobiles,net_profit_margin_pct,23.702545144319636,98.0392156862745
EICHERMOT,Mar 2018,Automobiles,net_profit_margin_pct,21.862799776910204,96.07843137254902
EICHERMOT,Mar 2019,Automobiles,net_profit_margin_pct,22.486475451668877,97.05882352941177
EICHERMOT,Mar 2020,Automobiles,net_profit_margin_pct,19.958488092637097,93.13725490196079
EICHERMOT,Mar 2021,Automobiles,net_profit_margin_pct,15.447247706422019,69.6078431372549
EICHERMOT,Mar 2022,Automobiles,net_profit_margin_pct,16.284715478733737,74.50980392156863
EICHERMOT,Mar 2023,Automobiles,net_profit_margin_pct,20.177260767206757,94.11764705882352
EICHERMOT,Mar 2024,Automobiles,net_profit_margin_pct,24.195694242864054,99.01960784313727
EICHERMOT,TTM,Automobiles,net_profit_margin_pct,24.972207594640455,100.0
HEROMOTOCO,Mar 2014,Automobiles,net_profit_margin_pct,8.316518298714143,47.05882352941176
HEROMOTOCO,Mar 2015,Automobiles,net_profit_margin_pct,8.584501416224853,48.03921568627451
HEROMOTOCO,Mar 2016,Automobiles,net_profit_margin_pct,10.935797870471237,61.76470588235294
HEROMOTOCO,Mar 2017,Automobiles,net_profit_margin_pct,12.394267738552953,64.70588235294117
HEROMOTOCO,Mar 2018,Automobiles,net_profit_margin_pct,11.467126748413333,63.725490196078425
HEROMOTOCO,Mar 2019,Automobiles,net_profit_margin_pct,10.202820052397634,59.80392156862745
HEROMOTOCO,Mar 2020,Automobiles,net_profit_margin_pct,12.50769125589663,65.68627450980392
HEROMOTOCO,Mar 2021,Automobiles,net_profit_margin_pct,9.483510449303918,53.92156862745098
HEROMOTOCO,Mar 2022,Automobiles,net_profit_margin_pct,7.881289973266556,43.13725490196079
HEROMOTOCO,Mar 2023,Automobiles,net_profit_margin_pct,8.197201241290474,46.07843137254902
HEROMOTOCO,Mar 2024,Automobiles,net_profit_margin_pct,9.902352536452407,58.82352941176471
HEROMOTOCO,TTM,Automobiles,net_profit_margin_pct,10.307247244251585,60.78431372549019
M&M,Mar 2013,Automobiles,net_profit_margin_pct,6.010801682849781,31.372549019607842
M&M,Mar 2014,Automobiles,net_profit_margin_pct,6.964770746341266,35.294117647058826
M&M,Mar 2015,Automobiles,net_profit_margin_pct,4.732112865300638,24.509803921568626
M&M,Mar 2016,Automobiles,net_profit_margin_pct,4.686119645046874,23.52941176470588
M&M,Mar 2017,Automobiles,net_profit_margin_pct,4.83568691583207,25.49019607843137
M&M,Mar 2018,Automobiles,net_profit_margin_pct,8.641170977479531,49.01960784313725
M&M,Mar 2019,Automobiles,net_profit_margin_pct,5.745743451647711,30.392156862745097
M&M,Mar 2020,Automobiles,net_profit_margin_pct,-0.4258311002626622,4.901960784313726
M&M,Mar 2021,Automobiles,net_profit_margin_pct,2.035596004200436,6.862745098039216
M&M,Mar 2022,Automobiles,net_profit_margin_pct,8.043606037417796,45.09803921568628
M&M,Mar 2023,Automobiles,net_profit_margin_pct,9.379148834409454,52.94117647058824
M&M,Mar 2024,Automobiles,net_profit_margin_pct,8.82238743726542,50.0
M&M,TTM,Automobiles,net_profit_margin_pct,8.916808894189577,51.9607843137255
MARUTI,Mar 2013,Automobiles,net_profit_margin_pct,5.575117370892019,29.411764705882355
MARUTI,Mar 2014,Automobiles,net_profit_margin_pct,6.407435678685286,34.31372549019608
MARUTI,Mar 2015,Automobiles,net_profit_margin_pct,7.49788389992323,39.21568627450981
MARUTI,Mar 2016,Automobiles,net_profit_margin_pct,9.54522565073191,55.88235294117647
MARUTI,Mar 2017,Automobiles,net_profit_margin_pct,11.031798487185137,62.745098039215684
MARUTI,Mar 2018,Automobiles,net_profit_margin_pct,9.874826147426981,57.84313725490197
MARUTI,Mar 2019,Automobiles,net_profit_margin_pct,8.889482734581959,50.98039215686274
MARUTI,Mar 2020,Automobiles,net_profit_margin_pct,7.504625958234206,40.19607843137255
MARUTI,Mar 2021,Automobiles,net_profit_margin_pct,6.236855567555278,33.33333333333333
MARUTI,Mar 2022,Automobiles,net_profit_margin_pct,4.3926185893807315,21.568627450980394
MARUTI,Mar 2023,Automobiles,net_profit_margin_pct,6.9791402753145855,36.27450980392157
MARUTI,Mar 2024,Automobiles,net_profit_margin_pct,9.50809964894472,54.90196078431373
MARUTI,TTM,Automobiles,net_profit_margin_pct,9.655471617554902,56.86274509803921
TATAMOTORS,Mar 2013,Automobiles,net_profit_margin_pct,5.284094219595007,27.450980392156865
TATAMOTORS,Mar 2014,Automobiles,net_profit_margin_pct,6.034342063444342,32.35294117647059
TATAMOTORS,Mar 2015,Automobiles,net_profit_margin_pct,5.347717539586334,28.431372549019606
TATAMOTORS,Mar 2016,Automobiles,net_profit_margin_pct,4.276935021937695,20.588235294117645
TATAMOTORS,Mar 2017,Automobiles,net_profit_margin_pct,2.8020749518897414,9.803921568627452
TATAMOTORS,Mar 2018,Automobiles,net_profit_margin_pct,3.1181615503344196,11.76470588235294
TATAMOTORS,Mar 2019,Automobiles,net_profit_margin_pct,-9.513211321529585,0.9803921568627451
TATAMOTORS,Mar 2020,Automobiles,net_profit_margin_pct,-4.586927543781696,2.941176470588235
TATAMOTORS,Mar 2021,Automobiles,net_profit_margin_pct,-5.362397165675854,1.9607843137254901
TATAMOTORS,Mar 2022,Automobiles,net_profit_margin_pct,-4.061353042154179,3.9215686274509802
TATAMOTORS,Mar 2023,Automobiles,net_profit_margin_pct,0.7775308049611668,5.88235294117647
TATAMOTORS,Mar 2024,Automobiles,net_profit_margin_pct,7.263066074788551,37.254901960784316
TATAMOTORS,TTM,Automobiles,net_profit_margin_pct,7.684389209677748,41.17647058823529
TVSMOTOR,Mar 2013,Automobiles,net_profit_margin_pct,2.6364846870838883,8.823529411764707
TVSMOTOR,Mar 2014,Automobiles,net_profit_margin_pct,2.23043893129771,7.8431372549019605
TVSMOTOR,Mar 2015,Automobiles,net_profit_margin_pct,3.1981279251170043,13.725490196078432
TVSMOTOR,Mar 2016,Automobiles,net_profit_margin_pct,3.7707655796782986,16.666666666666664
TVSMOTOR,Mar 2017,Automobiles,net_profit_margin_pct,4.084088903153334,18.627450980392158
TVSMOTOR,Mar 2018,Automobiles,net_profit_margin_pct,4.069767441860465,17.647058823529413
TVSMOTOR,Mar 2019,Automobiles,net_profit_margin_pct,3.5962301587301586,15.686274509803921
TVSMOTOR,Mar 2020,Automobiles,net_profit_margin_pct,3.4325428404689906,14.705882352941178
TVSMOTOR,Mar 2021,Automobiles,net_profit_margin_pct,3.1306317903300553,12.745098039215685
TVSMOTOR,Mar 2022,Automobiles,net_profit_margin_pct,3.0014370765756517,10.784313725490197
TVSMOTOR,Mar 2023,Automobiles,net_profit_margin_pct,4.093951335460061,19.607843137254903
TVSMOTOR,Mar 2024,Automobiles,net_profit_margin_pct,4.544641716694342,22.54901960784314
TVSMOTOR,TTM,Automobiles,net_profit_margin_pct,4.882712307046589,26.47058823529412
BAJAJ-AUTO,Mar 2013,Automobiles,debt_to_equity,0.014383137011779294,65.78947368421053
BAJAJ-AUTO,Mar 2013,Automobiles,debt_to_equity,0.014383137011779294,65.78947368421053
BAJAJ-AUTO,Mar 2014,Automobiles,debt_to_equity,0.0058030884233303826,85.78947368421052
BAJAJ-AUTO,Mar 2014,Automobiles,debt_to_equity,0.0058030884233303826,85.78947368421052
BAJAJ-AUTO,Mar 2015,Automobiles,debt_to_equity,0.010094637223974764,71.05263157894737
BAJAJ-AUTO,Mar 2015,Automobiles,debt_to_equity,0.010094637223974764,71.05263157894737
BAJAJ-AUTO,Mar 2016,Automobiles,debt_to_equity,0.008416547788873038,74.21052631578947
BAJAJ-AUTO,Mar 2016,Automobiles,debt_to_equity,0.008416547788873038,74.21052631578947
BAJAJ-AUTO,Mar 2017,Automobiles,debt_to_equity,0.006720430107526882,78.42105263157895
BAJAJ-AUTO,Mar 2017,Automobiles,debt_to_equity,0.006720430107526882,78.42105263157895
BAJAJ-AUTO,Mar 2018,Automobiles,debt_to_equity,0.005924112607099143,81.57894736842105
BAJAJ-AUTO,Mar 2018,Automobiles,debt_to_equity,0.005924112607099143,81.57894736842105
BAJAJ-AUTO,Mar 2019,Automobiles,debt_to_equity,0.005380278052769767,87.89473684210526
BAJAJ-AUTO,Mar 2019,Automobiles,debt_to_equity,0.005380278052769767,87.89473684210526
BAJAJ-AUTO,Mar 2020,Automobiles,debt_to_equity,0.005816637429600221,83.68421052631578
BAJAJ-AUTO,Mar 2020,Automobiles,debt_to_equity,0.005816637429600221,83.68421052631578
BAJAJ-AUTO,Mar 2021,Automobiles,debt_to_equity,0.0044366223004436624,90.0
BAJAJ-AUTO,Mar 2021,Automobiles,debt_to_equity,0.0044366223004436624,90.0
BAJAJ-AUTO,Mar 2022,Automobiles,debt_to_equity,0.004119360996684417,94.21052631578948
BAJAJ-AUTO,Mar 2022,Automobiles,debt_to_equity,0.004119360996684417,94.21052631578948
BAJAJ-AUTO,Mar 2023,Automobiles,debt_to_equity,0.004223145562291397,92.10526315789474
BAJAJ-AUTO,Mar 2023,Automobiles,debt_to_equity,0.004223145562291397,92.10526315789474
BAJAJ-AUTO,Mar 2024,Automobiles,debt_to_equity,0.06601754022512257,40.526315789473685
BAJAJ-AUTO,Mar 2024,Automobiles,debt_to_equity,0.06601754022512257,40.526315789473685
BAJAJ-AUTO,TTM,Automobiles,debt_to_equity,,
EICHERMOT,Dec 2012,Automobiles,debt_to_equity,0.013105413105413105,67.36842105263158
EICHERMOT,Dec 2013,Automobiles,debt_to_equity,0.040875912408759124,43.15789473684211
EICHERMOT,Dec 2014,Automobiles,debt_to_equity,0.023052464228934817,55.78947368421052
EICHERMOT,Mar 2016,Automobiles,debt_to_equity,0.006296194908294552,80.0
EICHERMOT,Mar 2017,Automobiles,debt_to_equity,0.02095416276894294,58.94736842105264
EICHERMOT,Mar 2018,Automobiles,debt_to_equity,0.021479374110953058,56.84210526315789
EICHERMOT,Mar 2019,Automobiles,debt_to_equity,0.020968827091276072,57.89473684210527
EICHERMOT,Mar 2020,Automobiles,debt_to_equity,0.024947400060114217,52.63157894736843
EICHERMOT,Mar 2021,Automobiles,debt_to_equity,0.01914670396922539,61.05263157894737
EICHERMOT,Mar 2022,Automobiles,debt_to_equity,0.008565989847715736,72.63157894736842
EICHERMOT,Mar 2023,Automobiles,debt_to_equity,0.019212808539026016,60.0
EICHERMOT,Mar 2024,Automobiles,debt_to_equity,0.023219728456636186,54.73684210526315
EICHERMOT,TTM,Automobiles,debt_to_equity,,
HEROMOTOCO,Mar 2014,Automobiles,debt_to_equity,0.050506846878890274,42.10526315789473
HEROMOTOCO,Mar 2015,Automobiles,debt_to_equity,0.01529051987767584,64.21052631578948
HEROMOTOCO,Mar 2016,Automobiles,debt_to_equity,0.026262168892913742,50.526315789473685
HEROMOTOCO,Mar 2017,Automobiles,debt_to_equity,0.025300504071345483,51.578947368421055
HEROMOTOCO,Mar 2018,Automobiles,debt_to_equity,0.019044437019712663,62.10526315789473
HEROMOTOCO,Mar 2019,Automobiles,debt_to_equity,0.02378048780487805,53.68421052631579
HEROMOTOCO,Mar 2020,Automobiles,debt_to_equity,0.031445231153685964,48.421052631578945
HEROMOTOCO,Mar 2021,Automobiles,debt_to_equity,0.03788271925272444,45.263157894736835
HEROMOTOCO,Mar 2022,Automobiles,debt_to_equity,0.038177573042216195,44.21052631578948
HEROMOTOCO,Mar 2023,Automobiles,debt_to_equity,0.034101825168107586,47.36842105263158
HEROMOTOCO,Mar 2024,Automobiles,debt_to_equity,0.03423922255494661,46.31578947368421
HEROMOTOCO,TTM,Automobiles,debt_to_equity,,
M&M,Mar 2013,Automobiles,debt_to_equity,1.438354791844096,24.210526315789473
M&M,Mar 2014,Automobiles,debt_to_equity,1.5088599991418887,22.10526315789474
M&M,Mar 2015,Automobiles,debt_to_equity,1.4661793711567468,23.15789473684211
M&M,Mar 2016,Automobiles,debt_to_equity,1.5685112486788464,19.999999999999996
M&M,Mar 2017,Automobiles,debt_to_equity,1.6375176304654442,17.894736842105264
M&M,Mar 2018,Automobiles,debt_to_equity,1.52,21.052631578947366
M&M,Mar 2019,Automobiles,debt_to_equity,1.771953080059025,13.684210526315788
M&M,Mar 2020,Automobiles,debt_to_equity,2.053891766118742,10.526315789473683
M&M,Mar 2021,Automobiles,debt_to_equity,1.9389399259294888,12.631578947368416
M&M,Mar 2022,Automobiles,debt_to_equity,1.6468603442055896,15.789473684210531
M&M,Mar 2023,Automobiles,debt_to_equity,1.6365716921548452,18.947368421052634
M&M,Mar 2024,Automobiles,debt_to_equity,1.6414413053331318,16.84210526315789
M&M,TTM,Automobiles,debt_to_equity,,
MARUTI,Mar 2013,Automobiles,debt_to_equity,0.08245743115408871,38.94736842105263
MARUTI,Mar 2014,Automobiles,debt_to_equity,0.09322664681801265,37.89473684210526
MARUTI,Mar 2015,Automobiles,debt_to_equity,0.027387120651369355,49.473684210526315
MARUTI,Mar 2016,Automobiles,debt_to_equity,0.0075450744708649075,76.84210526315789
MARUTI,Mar 2017,Automobiles,debt_to_equity,0.013054619015509103,68.42105263157895
MARUTI,Mar 2018,Automobiles,debt_to_equity,0.002843111915223572,97.89473684210527
MARUTI,Mar 2019,Automobiles,debt_to_equity,0.00339760468869447,96.84210526315789
MARUTI,Mar 2020,Automobiles,debt_to_equity,0.0037237164308987513,95.78947368421052
MARUTI,Mar 2021,Automobiles,debt_to_equity,0.010304565627321384,69.47368421052632
MARUTI,Mar 2022,Automobiles,debt_to_equity,0.007698841559286501,75.78947368421053
MARUTI,Mar 2023,Automobiles,debt_to_equity,0.016729222520107237,63.1578947368421
MARUTI,Mar 2024,Automobiles,debt_to_equity,0.001389602503619973,98.94736842105263
MARUTI,TTM,Automobiles,debt_to_equity,,
TATAMOTORS,Mar 2013,Automobiles,debt_to_equity,1.427212583362117,25.263157894736842
TATAMOTORS,Mar 2014,Automobiles,debt_to_equity,0.9243643680263398,31.57894736842105
TATAMOTORS,Mar 2015,Automobiles,debt_to_equity,1.3083431090256301,27.368421052631575
TATAMOTORS,Mar 2016,Automobiles,debt_to_equity,0.8785084608369642,32.631578947368425
TATAMOTORS,Mar 2017,Automobiles,debt_to_equity,1.3537942199717543,26.315789473684216
TATAMOTORS,Mar 2018,Automobiles,debt_to_equity,0.9321163599782034,30.526315789473678
TATAMOTORS,Mar 2019,Automobiles,debt_to_equity,1.7643197793250136,14.73684210526316
TATAMOTORS,Mar 2020,Automobiles,debt_to_equity,1.9782812029360008,11.578947368421055
TATAMOTORS,Mar 2021,Automobiles,debt_to_equity,2.5726464785418215,9.473684210526311
TATAMOTORS,Mar 2022,Automobiles,debt_to_equity,3.2864836965059134,4.210526315789476
TATAMOTORS,Mar 2023,Automobiles,debt_to_equity,2.9591147786946737,6.315789473684208
TATAMOTORS,Mar 2024,Automobiles,debt_to_equity,1.2631244259167667,28.421052631578945
TATAMOTORS,TTM,Automobiles,debt_to_equity,,
TVSMOTOR,Mar 2013,Automobiles,debt_to_equity,1.1879866518353726,29.47368421052632
TVSMOTOR,Mar 2014,Automobiles,debt_to_equity,0.6270456503014643,34.73684210526316
TVSMOTOR,Mar 2015,Automobiles,debt_to_equity,0.8445283018867924,33.684210526315795
TVSMOTOR,Mar 2016,Automobiles,debt_to_equity,0.59978009895547,35.78947368421053
TVSMOTOR,Mar 2017,Automobiles,debt_to_equity,0.591339648173207,36.8421052631579
TVSMOTOR,Mar 2018,Automobiles,debt_to_equity,2.5870052277819267,8.421052631578952
TVSMOTOR,Mar 2019,Automobiles,debt_to_equity,2.9321980447808262,7.36842105263158
TVSMOTOR,Mar 2020,Automobiles,debt_to_equity,3.5306122448979593,3.157894736842104
TVSMOTOR,Mar 2021,Automobiles,debt_to_equity,3.182388293702639,5.263157894736848
TVSMOTOR,Mar 2022,Automobiles,debt_to_equity,3.5970454545454547,2.1052631578947323
TVSMOTOR,Mar 2023,Automobiles,debt_to_equity,4.064668483197093,0.0
TVSMOTOR,Mar 2024,Automobiles,debt_to_equity,3.833431603773585,1.0526315789473717
TVSMOTOR,TTM,Automobiles,debt_to_equity,,
BAJAJ-AUTO,Mar 2013,Automobiles,interest_coverage,3656.0,91.66666666666666
BAJAJ-AUTO,Mar 2013,Automobiles,interest_coverage,3656.0,91.66666666666666
BAJAJ-AUTO,Mar 2014,Automobiles,interest_coverage,4163.0,93.62745098039215
BAJAJ-AUTO,Mar 2014,Automobiles,interest_coverage,4163.0,93.62745098039215
BAJAJ-AUTO,Mar 2015,Automobiles,interest_coverage,688.0,82.84313725490196
BAJAJ-AUTO,Mar 2015,Automobiles,interest_coverage,688.0,82.84313725490196
BAJAJ-AUTO,Mar 2016,Automobiles,interest_coverage,4793.0,97.54901960784314
BAJAJ-AUTO,Mar 2016,Automobiles,interest_coverage,4793.0,97.54901960784314
BAJAJ-AUTO,Mar 2017,Automobiles,interest_coverage,4429.0,95.58823529411765
BAJAJ-AUTO,Mar 2017,Automobiles,interest_coverage,4429.0,95.58823529411765
BAJAJ-AUTO,Mar 2018,Automobiles,interest_coverage,4846.0,99.50980392156863
BAJAJ-AUTO,Mar 2018,Automobiles,interest_coverage,4846.0,99.50980392156863
BAJAJ-AUTO,Mar 2019,Automobiles,interest_coverage,1299.5,87.74509803921569
BAJAJ-AUTO,Mar 2019,Automobiles,interest_coverage,1299.5,87.74509803921569
BAJAJ-AUTO,Mar 2020,Automobiles,interest_coverage,1703.0,89.70588235294117
BAJAJ-AUTO,Mar 2020,Automobiles,interest_coverage,1703.0,89.70588235294117
BAJAJ-AUTO,Mar 2021,Automobiles,interest_coverage,705.4285714285714,84.80392156862744
BAJAJ-AUTO,Mar 2021,Automobiles,interest_coverage,705.4285714285714,84.80392156862744
BAJAJ-AUTO,Mar 2022,Automobiles,interest_coverage,584.3333333333334,80.88235294117648
BAJAJ-AUTO,Mar 2022,Automobiles,interest_coverage,584.3333333333334,80.88235294117648
BAJAJ-AUTO,Mar 2023,Automobiles,interest_coverage,161.625,75.98039215686273
BAJAJ-AUTO,Mar 2023,Automobiles,interest_coverage,161.625,75.98039215686273
BAJAJ-AUTO,Mar 2024,Automobiles,interest_coverage,146.08333333333334,74.01960784313727
BAJAJ-AUTO,Mar 2024,Automobiles,interest_coverage,146.08333333333334,74.01960784313727
BAJAJ-AUTO,TTM,Automobiles,interest_coverage,55.75,56.86274509803921
EICHERMOT,Dec 2012,Automobiles,interest_coverage,137.5,71.56862745098039
EICHERMOT,Dec 2013,Automobiles,interest_coverage,89.375,61.76470588235294
EICHERMOT,Dec 2014,Automobiles,interest_coverage,111.8,66.66666666666666
EICHERMOT,Mar 2016,Automobiles,interest_coverage,845.0,86.27450980392157
EICHERMOT,Mar 2017,Automobiles,interest_coverage,543.5,78.43137254901961
EICHERMOT,Mar 2018,Automobiles,interest_coverage,561.8,79.41176470588235
EICHERMOT,Mar 2019,Automobiles,interest_coverage,414.85714285714283,77.45098039215686
EICHERMOT,Mar 2020,Automobiles,interest_coverage,114.89473684210526,68.62745098039215
EICHERMOT,Mar 2021,Automobiles,interest_coverage,111.4375,65.68627450980392
EICHERMOT,Mar 2022,Automobiles,interest_coverage,114.63157894736842,67.64705882352942
EICHERMOT,Mar 2023,Automobiles,interest_coverage,123.07142857142857,70.58823529411765
EICHERMOT,Mar 2024,Automobiles,interest_coverage,84.88235294117646,60.78431372549019
EICHERMOT,TTM,Automobiles,interest_coverage,84.37735849056604,59.80392156862745
HEROMOTOCO,Mar 2014,Automobiles,interest_coverage,50.51627906976744,51.9607843137255
HEROMOTOCO,Mar 2015,Automobiles,interest_coverage,73.90153846153846,58.82352941176471
HEROMOTOCO,Mar 2016,Automobiles,interest_coverage,57.0855106888361,57.84313725490197
HEROMOTOCO,Mar 2017,Automobiles,interest_coverage,28.94578313253012,42.15686274509804
HEROMOTOCO,Mar 2018,Automobiles,interest_coverage,48.09219858156028,49.01960784313725
HEROMOTOCO,Mar 2019,Automobiles,interest_coverage,39.063427800269906,46.07843137254902
HEROMOTOCO,Mar 2020,Automobiles,interest_coverage,17.562064156206414,39.21568627450981
HEROMOTOCO,Mar 2021,Automobiles,interest_coverage,48.64737793851718,50.98039215686274
HEROMOTOCO,Mar 2022,Automobiles,interest_coverage,48.24770642201835,50.0
HEROMOTOCO,Mar 2023,Automobiles,interest_coverage,53.01587301587302,53.92156862745098
HEROMOTOCO,Mar 2024,Automobiles,interest_coverage,47.24818577648767,48.03921568627451
HEROMOTOCO,TTM,Automobiles,interest_coverage,37.17653390742734,45.09803921568628
M&M,Mar 2013,Automobiles,interest_coverage,3.9686547670875054,22.54901960784314
M&M,Mar 2014,Automobiles,interest_coverage,3.4427894380501014,20.588235294117645
M&M,Mar 2015,Automobiles,interest_coverage,2.7852391510928096,6.862745098039216
M&M,Mar 2016,Automobiles,interest_coverage,2.9934679334916865,12.745098039215685
M&M,Mar 2017,Automobiles,interest_coverage,2.943515217987387,10.784313725490197
M&M,Mar 2018,Automobiles,interest_coverage,3.3172811637822925,18.627450980392158
M&M,Mar 2019,Automobiles,interest_coverage,3.02867954590719,14.705882352941178
M&M,Mar 2020,Automobiles,interest_coverage,1.6870951669157948,0.9803921568627451
M&M,Mar 2021,Automobiles,interest_coverage,1.8824975417895773,1.9607843137254901
M&M,Mar 2022,Automobiles,interest_coverage,2.9260661618174573,8.823529411764707
M&M,Mar 2023,Automobiles,interest_coverage,3.479416809605489,21.568627450980394
M&M,Mar 2024,Automobiles,interest_coverage,3.3242521367521367,19.607843137254903
M&M,TTM,Automobiles,interest_coverage,3.2938612422811477,17.647058823529413
MARUTI,Mar 2013,Automobiles,interest_coverage,22.025252525252526,40.19607843137255
MARUTI,Mar 2014,Automobiles,interest_coverage,28.858695652173914,41.17647058823529
MARUTI,Mar 2015,Automobiles,interest_coverage,31.61467889908257,43.13725490196079
MARUTI,Mar 2016,Automobiles,interest_coverage,110.04878048780488,64.70588235294117
MARUTI,Mar 2017,Automobiles,interest_coverage,117.08988764044943,69.6078431372549
MARUTI,Mar 2018,Automobiles,interest_coverage,35.02312138728324,44.11764705882353
MARUTI,Mar 2019,Automobiles,interest_coverage,145.47368421052633,72.54901960784314
MARUTI,Mar 2020,Automobiles,interest_coverage,54.88805970149254,55.88235294117647
MARUTI,Mar 2021,Automobiles,interest_coverage,53.049019607843135,54.90196078431373
MARUTI,Mar 2022,Automobiles,interest_coverage,45.29133858267716,47.05882352941176
MARUTI,Mar 2023,Automobiles,interest_coverage,52.07142857142857,52.94117647058824
MARUTI,Mar 2024,Automobiles,interest_coverage,96.01030927835052,63.725490196078425
MARUTI,TTM,Automobiles,interest_coverage,93.23584905660377,62.745098039215684
TATAMOTORS,Mar 2013,Automobiles,interest_coverage,6.908988764044944,31.372549019607842
TATAMOTORS,Mar 2014,Automobiles,interest_coverage,7.339018740787534,33.33333333333333
TATAMOTORS,Mar 2015,Automobiles,interest_coverage,8.072207364739766,35.294117647058826
TATAMOTORS,Mar 2016,Automobiles,interest_coverage,7.853344242176314,34.31372549019608
TATAMOTORS,Mar 2017,Automobiles,interest_coverage,6.9818310523832,32.35294117647059
TATAMOTORS,Mar 2018,Automobiles,interest_coverage,6.7189235369500215,29.411764705882355
TATAMOTORS,Mar 2019,Automobiles,interest_coverage,4.282687966660879,25.49019607843137
TATAMOTORS,Mar 2020,Automobiles,interest_coverage,2.483363247273229,2.941176470588235
TATAMOTORS,Mar 2021,Automobiles,interest_coverage,3.987526244288008,23.52941176470588
TATAMOTORS,Mar 2022,Automobiles,interest_coverage,2.654639175257732,5.88235294117647
TATAMOTORS,Mar 2023,Automobiles,interest_coverage,3.11158924205379,15.686274509803921
TATAMOTORS,Mar 2024,Automobiles,interest_coverage,5.962147005808132,27.450980392156865
TATAMOTORS,TTM,Automobiles,interest_coverage,6.842777966293406,30.392156862745097
TVSMOTOR,Mar 2013,Automobiles,interest_coverage,4.252427184466019,24.509803921568626
TVSMOTOR,Mar 2014,Automobiles,interest_coverage,6.15,28.431372549019606
TVSMOTOR,Mar 2015,Automobiles,interest_coverage,9.758064516129032,36.27450980392157
TVSMOTOR,Mar 2016,Automobiles,interest_coverage,11.7,37.254901960784316
TVSMOTOR,Mar 2017,Automobiles,interest_coverage,14.516666666666667,38.23529411764706
TVSMOTOR,Mar 2018,Automobiles,interest_coverage,4.64792899408284,26.47058823529412
TVSMOTOR,Mar 2019,Automobiles,interest_coverage,3.262443438914027,16.666666666666664
TVSMOTOR,Mar 2020,Automobiles,interest_coverage,2.647953216374269,4.901960784313726
TVSMOTOR,Mar 2021,Automobiles,interest_coverage,2.533484676503973,3.9215686274509802
TVSMOTOR,Mar 2022,Automobiles,interest_coverage,2.9308510638297873,9.803921568627452
TVSMOTOR,Mar 2023,Automobiles,interest_coverage,2.943713450292398,11.76470588235294
TVSMOTOR,Mar 2024,Automobiles,interest_coverage,2.8526970954356847,7.8431372549019605
TVSMOTOR,TTM,Automobiles,interest_coverage,2.999031007751938,13.725490196078432
BAJAJ-AUTO,Mar 2013,Automobiles,asset_turnover,1.5840056953013764,86.8421052631579
BAJAJ-AUTO,Mar 2013,Automobiles,asset_turnover,1.5840056953013764,86.8421052631579
BAJAJ-AUTO,Mar 2014,Automobiles,asset_turnover,1.3154559707342566,71.05263157894737
BAJAJ-AUTO,Mar 2014,Automobiles,asset_turnover,1.3154559707342566,71.05263157894737
BAJAJ-AUTO,Mar 2015,Automobiles,asset_turnover,1.3525616935988976,77.36842105263158
BAJAJ-AUTO,Mar 2015,Automobiles,asset_turnover,1.3525616935988976,77.36842105263158
BAJAJ-AUTO,Mar 2016,Automobiles,asset_turnover,1.3093967517401393,66.84210526315789
BAJAJ-AUTO,Mar 2016,Automobiles,asset_turnover,1.3093967517401393,66.84210526315789
BAJAJ-AUTO,Mar 2017,Automobiles,asset_turnover,1.0054071540807838,41.578947368421055
BAJAJ-AUTO,Mar 2017,Automobiles,asset_turnover,1.0054071540807838,41.578947368421055
BAJAJ-AUTO,Mar 2018,Automobiles,asset_turnover,1.0027445209021122,38.421052631578945
BAJAJ-AUTO,Mar 2018,Automobiles,asset_turnover,1.0027445209021122,38.421052631578945
BAJAJ-AUTO,Mar 2019,Automobiles,asset_turnover,1.0528542692654506,47.89473684210526
BAJAJ-AUTO,Mar 2019,Automobiles,asset_turnover,1.0528542692654506,47.89473684210526
BAJAJ-AUTO,Mar 2020,Automobiles,asset_turnover,1.1285929837797057,53.1578947368421
BAJAJ-AUTO,Mar 2020,Automobiles,asset_turnover,1.1285929837797057,53.1578947368421
BAJAJ-AUTO,Mar 2021,Automobiles,asset_turnover,0.8255758585798464,19.473684210526315
BAJAJ-AUTO,Mar 2021,Automobiles,asset_turnover,0.8255758585798464,19.473684210526315
BAJAJ-AUTO,Mar 2022,Automobiles,asset_turnover,0.9440061519182023,32.10526315789474
BAJAJ-AUTO,Mar 2022,Automobiles,asset_turnover,0.9440061519182023,32.10526315789474
BAJAJ-AUTO,Mar 2023,Automobiles,asset_turnover,1.037539845173042,45.78947368421053
BAJAJ-AUTO,Mar 2023,Automobiles,asset_turnover,1.037539845173042,45.78947368421053
BAJAJ-AUTO,Mar 2024,Automobiles,asset_turnover,1.1404534363562424,55.26315789473685
BAJAJ-AUTO,Mar 2024,Automobiles,asset_turnover,1.1404534363562424,55.26315789473685
BAJAJ-AUTO,TTM,Automobiles,asset_turnover,,
EICHERMOT,Dec 2012,Automobiles,asset_turnover,1.4292104674569448,82.10526315789474
EICHERMOT,Dec 2013,Automobiles,asset_turnover,1.2759977515458123,65.26315789473685
EICHERMOT,Dec 2014,Automobiles,asset_turnover,1.3646728096204903,78.94736842105263
EICHERMOT,Mar 2016,Automobiles,asset_turnover,1.2498481473982588,64.21052631578948
EICHERMOT,Mar 2017,Automobiles,asset_turnover,1.003424168925667,40.0
EICHERMOT,Mar 2018,Automobiles,asset_turnover,0.9415038857382902,30.526315789473685
EICHERMOT,Mar 2019,Automobiles,asset_turnover,0.8603670852726794,23.157894736842106
EICHERMOT,Mar 2020,Automobiles,asset_turnover,0.7352610441767068,12.631578947368421
EICHERMOT,Mar 2021,Automobiles,asset_turnover,0.5989422350436157,6.315789473684211
EICHERMOT,Mar 2022,Automobiles,asset_turnover,0.6380421313506816,7.368421052631578
EICHERMOT,Mar 2023,Automobiles,asset_turnover,0.7522658610271903,14.736842105263156
EICHERMOT,Mar 2024,Automobiles,asset_turnover,0.7153796236210254,10.526315789473683
EICHERMOT,TTM,Automobiles,asset_turnover,,
HEROMOTOCO,Mar 2014,Automobiles,asset_turnover,2.497036158861885,98.94736842105263
HEROMOTOCO,Mar 2015,Automobiles,asset_turnover,2.5847568988173455,100.0
HEROMOTOCO,Mar 2016,Automobiles,asset_turnover,2.2066532258064515,93.6842105263158
HEROMOTOCO,Mar 2017,Automobiles,asset_turnover,1.8684691745036572,91.57894736842105
HEROMOTOCO,Mar 2018,Automobiles,asset_turnover,1.8657239753980572,90.52631578947368
HEROMOTOCO,Mar 2019,Automobiles,asset_turnover,1.8358733246865542,89.47368421052632
HEROMOTOCO,Mar 2020,Automobiles,asset_turnover,1.4869370743112738,85.26315789473684
HEROMOTOCO,Mar 2021,Automobiles,asset_turnover,1.3404485625216487,73.68421052631578
HEROMOTOCO,Mar 2022,Automobiles,asset_turnover,1.314663226265682,69.47368421052632
HEROMOTOCO,Mar 2023,Automobiles,asset_turnover,1.4281891541581302,81.05263157894737
HEROMOTOCO,Mar 2024,Automobiles,asset_turnover,1.4449202768324858,83.15789473684211
HEROMOTOCO,TTM,Automobiles,asset_turnover,,
M&M,Mar 2013,Automobiles,asset_turnover,0.9022999829241701,26.31578947368421
M&M,Mar 2014,Automobiles,asset_turnover,0.8419825006542343,21.052631578947366
M&M,Mar 2015,Automobiles,asset_turnover,0.7570568788675087,15.789473684210526
M&M,Mar 2016,Automobiles,asset_turnover,0.7595341104835156,16.842105263157894
M&M,Mar 2017,Automobiles,asset_turnover,0.7359160187991391,13.684210526315791
M&M,Mar 2018,Automobiles,asset_turnover,0.675329437042143,9.473684210526317
M&M,Mar 2019,Automobiles,asset_turnover,0.6468691510850026,8.421052631578947
M&M,Mar 2020,Automobiles,asset_turnover,0.4548866735861353,2.1052631578947367
M&M,Mar 2021,Automobiles,asset_turnover,0.45025701954318414,1.0526315789473684
M&M,Mar 2022,Automobiles,asset_turnover,0.5230700512796714,3.1578947368421053
M&M,Mar 2023,Automobiles,asset_turnover,0.5936323629474797,5.263157894736842
M&M,Mar 2024,Automobiles,asset_turnover,0.5925222177725139,4.2105263157894735
M&M,TTM,Automobiles,asset_turnover,,
MARUTI,Mar 2013,Automobiles,asset_turnover,1.6100592361085875,88.42105263157895
MARUTI,Mar 2014,Automobiles,asset_turnover,1.4151099250222392,80.0
MARUTI,Mar 2015,Automobiles,asset_turnover,1.4734750703367463,84.21052631578947
MARUTI,Mar 2016,Automobiles,asset_turnover,1.347867808828348,75.78947368421053
MARUTI,Mar 2017,Automobiles,asset_turnover,1.3103348729792148,68.42105263157895
MARUTI,Mar 2018,Automobiles,asset_turnover,1.32467467799761,72.63157894736842
MARUTI,Mar 2019,Automobiles,asset_turnover,1.345464209226344,74.73684210526315
MARUTI,Mar 2020,Automobiles,asset_turnover,1.1890991387439491,60.0
MARUTI,Mar 2021,Automobiles,asset_turnover,0.985933647164313,34.73684210526316
MARUTI,Mar 2022,Automobiles,asset_turnover,1.1831600942991856,57.89473684210527
MARUTI,Mar 2023,Automobiles,asset_turnover,1.1828461830459713,56.84210526315789
MARUTI,Mar 2024,Automobiles,asset_turnover,1.230295566502463,62.10526315789474
MARUTI,TTM,Automobiles,asset_turnover,,
TATAMOTORS,Mar 2013,Automobiles,asset_turnover,1.1215647834610587,51.578947368421055
TATAMOTORS,Mar 2014,Automobiles,asset_turnover,1.0659628432512613,49.473684210526315
TATAMOTORS,Mar 2015,Automobiles,asset_turnover,1.10890167077513,50.526315789473685
TATAMOTORS,Mar 2016,Automobiles,asset_turnover,1.0374718827892273,44.21052631578947
TATAMOTORS,Mar 2017,Automobiles,asset_turnover,0.9894086139848852,36.84210526315789
TATAMOTORS,Mar 2018,Automobiles,asset_turnover,0.8910670187535148,25.263157894736842
TATAMOTORS,Mar 2019,Automobiles,asset_turnover,0.9876841247877842,35.78947368421053
TATAMOTORS,Mar 2020,Automobiles,asset_turnover,0.8153813960315949,17.894736842105264
TATAMOTORS,Mar 2021,Automobiles,asset_turnover,0.7313142254881869,11.578947368421053
TATAMOTORS,Mar 2022,Automobiles,asset_turnover,0.846207845961691,22.105263157894736
TATAMOTORS,Mar 2023,Automobiles,asset_turnover,1.0337432845097019,43.15789473684211
TATAMOTORS,Mar 2024,Automobiles,asset_turnover,1.1851234435931923,58.94736842105262
TATAMOTORS,TTM,Automobiles,asset_turnover,,
TVSMOTOR,Mar 2013,Automobiles,asset_turnover,2.2212363206152026,95.78947368421052
TVSMOTOR,Mar 2014,Automobiles,asset_turnover,2.3083700440528636,97.89473684210527
TVSMOTOR,Mar 2015,Automobiles,asset_turnover,2.2442013129102847,96.84210526315789
TVSMOTOR,Mar 2016,Automobiles,asset_turnover,2.210843373493976,94.73684210526315
TVSMOTOR,Mar 2017,Automobiles,asset_turnover,2.033779373368146,92.63157894736842
TVSMOTOR,Mar 2018,Automobiles,asset_turnover,1.238817285822593,63.1578947368421
TVSMOTOR,Mar 2019,Automobiles,asset_turnover,1.2074748442740777,61.05263157894737
TVSMOTOR,Mar 2020,Automobiles,asset_turnover,0.9780510585305106,33.68421052631579
TVSMOTOR,Mar 2021,Automobiles,asset_turnover,0.8882231877429683,24.210526315789473
TVSMOTOR,Mar 2022,Automobiles,asset_turnover,0.9047512909097664,27.368421052631582
TVSMOTOR,Mar 2023,Automobiles,asset_turnover,0.9128907922912206,28.421052631578945
TVSMOTOR,Mar 2024,Automobiles,asset_turnover,0.931491528650295,29.47368421052631
TVSMOTOR,TTM,Automobiles,asset_turnover,,
BAJAJ-AUTO,Mar 2013,Automobiles,free_cash_flow,824.0,48.94736842105264
BAJAJ-AUTO,Mar 2013,Automobiles,free_cash_flow,824.0,48.94736842105264
BAJAJ-AUTO,Mar 2014,Automobiles,free_cash_flow,1430.0,59.473684210526315
BAJAJ-AUTO,Mar 2014,Automobiles,free_cash_flow,1430.0,59.473684210526315
BAJAJ-AUTO,Mar 2015,Automobiles,free_cash_flow,1734.0,63.68421052631579
BAJAJ-AUTO,Mar 2015,Automobiles,free_cash_flow,1734.0,63.68421052631579
BAJAJ-AUTO,Mar 2016,Automobiles,free_cash_flow,3622.0,86.8421052631579
BAJAJ-AUTO,Mar 2016,Automobiles,free_cash_flow,3622.0,86.8421052631579
BAJAJ-AUTO,Mar 2017,Automobiles,free_cash_flow,-343.0,25.789473684210527
BAJAJ-AUTO,Mar 2017,Automobiles,free_cash_flow,-343.0,25.789473684210527
BAJAJ-AUTO,Mar 2018,Automobiles,free_cash_flow,2374.0,78.42105263157895
BAJAJ-AUTO,Mar 2018,Automobiles,free_cash_flow,2374.0,78.42105263157895
BAJAJ-AUTO,Mar 2019,Automobiles,free_cash_flow,2214.0,76.31578947368422
BAJAJ-AUTO,Mar 2019,Automobiles,free_cash_flow,2214.0,76.31578947368422
BAJAJ-AUTO,Mar 2020,Automobiles,free_cash_flow,2084.0,71.05263157894737
BAJAJ-AUTO,Mar 2020,Automobiles,free_cash_flow,2084.0,71.05263157894737
BAJAJ-AUTO,Mar 2021,Automobiles,free_cash_flow,251.0,39.473684210526315
BAJAJ-AUTO,Mar 2021,Automobiles,free_cash_flow,251.0,39.473684210526315
BAJAJ-AUTO,Mar 2022,Automobiles,free_cash_flow,3921.0,88.94736842105263
BAJAJ-AUTO,Mar 2022,Automobiles,free_cash_flow,3921.0,88.94736842105263
BAJAJ-AUTO,Mar 2023,Automobiles,free_cash_flow,4066.0,91.05263157894737
BAJAJ-AUTO,Mar 2023,Automobiles,free_cash_flow,4066.0,91.05263157894737
BAJAJ-AUTO,Mar 2024,Automobiles,free_cash_flow,6486.0,95.26315789473684
BAJAJ-AUTO,Mar 2024,Automobiles,free_cash_flow,6486.0,95.26315789473684
BAJAJ-AUTO,TTM,Automobiles,free_cash_flow,,
EICHERMOT,Dec 2012,Automobiles,free_cash_flow,-277.0,28.421052631578945
EICHERMOT,Dec 2013,Automobiles,free_cash_flow,-74.0,31.57894736842105
EICHERMOT,Dec 2014,Automobiles,free_cash_flow,-167.0,30.526315789473685
EICHERMOT,Mar 2016,Automobiles,free_cash_flow,462.0,46.31578947368421
EICHERMOT,Mar 2017,Automobiles,free_cash_flow,-36.0,32.631578947368425
EICHERMOT,Mar 2018,Automobiles,free_cash_flow,337.0,43.15789473684211
EICHERMOT,Mar 2019,Automobiles,free_cash_flow,915.0,51.578947368421055
EICHERMOT,Mar 2020,Automobiles,free_cash_flow,186.0,36.84210526315789
EICHERMOT,Mar 2021,Automobiles,free_cash_flow,66.0,35.78947368421053
EICHERMOT,Mar 2022,Automobiles,free_cash_flow,544.0,47.368421052631575
EICHERMOT,Mar 2023,Automobiles,free_cash_flow,426.0,45.26315789473684
EICHERMOT,Mar 2024,Automobiles,free_cash_flow,890.0,50.526315789473685
EICHERMOT,TTM,Automobiles,free_cash_flow,,
HEROMOTOCO,Mar 2014,Automobiles,free_cash_flow,1347.0,56.84210526315789
HEROMOTOCO,Mar 2015,Automobiles,free_cash_flow,2155.0,72.63157894736842
HEROMOTOCO,Mar 2016,Automobiles,free_cash_flow,1422.0,57.89473684210527
HEROMOTOCO,Mar 2017,Automobiles,free_cash_flow,2035.0,69.47368421052632
HEROMOTOCO,Mar 2018,Automobiles,free_cash_flow,2159.0,73.68421052631578
HEROMOTOCO,Mar 2019,Automobiles,free_cash_flow,-266.0,29.47368421052631
HEROMOTOCO,Mar 2020,Automobiles,free_cash_flow,2699.0,80.0
HEROMOTOCO,Mar 2021,Automobiles,free_cash_flow,1821.0,65.26315789473685
HEROMOTOCO,Mar 2022,Automobiles,free_cash_flow,1882.0,66.3157894736842
HEROMOTOCO,Mar 2023,Automobiles,free_cash_flow,2193.0,74.73684210526315
HEROMOTOCO,Mar 2024,Automobiles,free_cash_flow,3095.0,83.15789473684211
HEROMOTOCO,TTM,Automobiles,free_cash_flow,,
M&M,Mar 2013,Automobiles,free_cash_flow,-3825.0,11.578947368421053
M&M,Mar 2014,Automobiles,free_cash_flow,-4768.0,10.526315789473683
M&M,Mar 2015,Automobiles,free_cash_flow,-3302.0,12.631578947368421
M&M,Mar 2016,Automobiles,free_cash_flow,-3121.0,13.684210526315791
M&M,Mar 2017,Automobiles,free_cash_flow,-5692.0,8.421052631578947
M&M,Mar 2018,Automobiles,free_cash_flow,-4785.0,9.473684210526317
M&M,Mar 2019,Automobiles,free_cash_flow,-11521.0,2.1052631578947367
M&M,Mar 2020,Automobiles,free_cash_flow,-8327.0,5.263157894736842
M&M,Mar 2021,Automobiles,free_cash_flow,-1777.0,18.947368421052634
M&M,Mar 2022,Automobiles,free_cash_flow,5996.0,93.6842105263158
M&M,Mar 2023,Automobiles,free_cash_flow,-15940.0,1.0526315789473684
M&M,Mar 2024,Automobiles,free_cash_flow,-11245.0,3.1578947368421053
M&M,TTM,Automobiles,free_cash_flow,,
MARUTI,Mar 2013,Automobiles,free_cash_flow,940.0,52.63157894736842
MARUTI,Mar 2014,Automobiles,free_cash_flow,-2.0,34.73684210526316
MARUTI,Mar 2015,Automobiles,free_cash_flow,1958.0,67.36842105263158
MARUTI,Mar 2016,Automobiles,free_cash_flow,1252.0,55.78947368421052
MARUTI,Mar 2017,Automobiles,free_cash_flow,1109.0,53.68421052631579
MARUTI,Mar 2018,Automobiles,free_cash_flow,3486.0,85.26315789473684
MARUTI,Mar 2019,Automobiles,free_cash_flow,3061.0,82.10526315789474
MARUTI,Mar 2020,Automobiles,free_cash_flow,2939.0,81.05263157894737
MARUTI,Mar 2021,Automobiles,free_cash_flow,1565.0,61.05263157894737
MARUTI,Mar 2022,Automobiles,free_cash_flow,1601.0,62.10526315789474
MARUTI,Mar 2023,Automobiles,free_cash_flow,1995.0,68.42105263157895
MARUTI,Mar 2024,Automobiles,free_cash_flow,4936.0,92.63157894736842
MARUTI,TTM,Automobiles,free_cash_flow,,
TATAMOTORS,Mar 2013,Automobiles,free_cash_flow,-806.0,21.052631578947366
TATAMOTORS,Mar 2014,Automobiles,free_cash_flow,8160.0,96.84210526315789
TATAMOTORS,Mar 2015,Automobiles,free_cash_flow,-701.0,24.210526315789473
TATAMOTORS,Mar 2016,Automobiles,free_cash_flow,1206.0,54.736842105263165
TATAMOTORS,Mar 2017,Automobiles,free_cash_flow,-9372.0,4.2105263157894735
TATAMOTORS,Mar 2018,Automobiles,free_cash_flow,-1282.0,20.0
TATAMOTORS,Mar 2019,Automobiles,free_cash_flow,-1987.0,17.894736842105264
TATAMOTORS,Mar 2020,Automobiles,free_cash_flow,-6482.0,6.315789473684211
TATAMOTORS,Mar 2021,Automobiles,free_cash_flow,3329.0,84.21052631578947
TATAMOTORS,Mar 2022,Automobiles,free_cash_flow,9839.0,97.89473684210527
TATAMOTORS,Mar 2023,Automobiles,free_cash_flow,19971.0,98.94736842105263
TATAMOTORS,Mar 2024,Automobiles,free_cash_flow,45133.0,100.0
TATAMOTORS,TTM,Automobiles,free_cash_flow,,
TVSMOTOR,Mar 2013,Automobiles,free_cash_flow,344.0,44.21052631578947
TVSMOTOR,Mar 2014,Automobiles,free_cash_flow,235.0,37.89473684210527
TVSMOTOR,Mar 2015,Automobiles,free_cash_flow,-332.0,27.368421052631582
TVSMOTOR,Mar 2016,Automobiles,free_cash_flow,331.0,42.10526315789473
TVSMOTOR,Mar 2017,Automobiles,free_cash_flow,-20.0,33.68421052631579
TVSMOTOR,Mar 2018,Automobiles,free_cash_flow,-741.0,22.105263157894736
TVSMOTOR,Mar 2019,Automobiles,free_cash_flow,-2022.0,16.842105263157894
TVSMOTOR,Mar 2020,Automobiles,free_cash_flow,-717.0,23.157894736842106
TVSMOTOR,Mar 2021,Automobiles,free_cash_flow,269.0,41.05263157894737
TVSMOTOR,Mar 2022,Automobiles,free_cash_flow,-3046.0,14.736842105263156
TVSMOTOR,Mar 2023,Automobiles,free_cash_flow,-5713.0,7.368421052631578
TVSMOTOR,Mar 2024,Automobiles,free_cash_flow,-2254.0,15.789473684210526
TVSMOTOR,TTM,Automobiles,free_cash_flow,,
BAJAJ-AUTO,Mar 2013,Automobiles,cfo_quality_score,0.7079476540057453,34.21052631578947
BAJAJ-AUTO,Mar 2013,Automobiles,cfo_quality_score,0.7079476540057453,34.21052631578947
BAJAJ-AUTO,Mar 2014,Automobiles,cfo_quality_score,1.036094674556213,59.473684210526315
BAJAJ-AUTO,Mar 2014,Automobiles,cfo_quality_score,1.036094674556213,59.473684210526315
BAJAJ-AUTO,Mar 2015,Automobiles,cfo_quality_score,0.6986120290812955,32.10526315789474
BAJAJ-AUTO,Mar 2015,Automobiles,cfo_quality_score,0.6986120290812955,32.10526315789474
BAJAJ-AUTO,Mar 2016,Automobiles,cfo_quality_score,0.9086431913321842,47.89473684210526
BAJAJ-AUTO,Mar 2016,Automobiles,cfo_quality_score,0.9086431913321842,47.89473684210526
BAJAJ-AUTO,Mar 2017,Automobiles,cfo_quality_score,0.8009316008825692,39.473684210526315
BAJAJ-AUTO,Mar 2017,Automobiles,cfo_quality_score,0.8009316008825692,39.473684210526315
BAJAJ-AUTO,Mar 2018,Automobiles,cfo_quality_score,1.0258355060440862,57.36842105263158
BAJAJ-AUTO,Mar 2018,Automobiles,cfo_quality_score,1.0258355060440862,57.36842105263158
BAJAJ-AUTO,Mar 2019,Automobiles,cfo_quality_score,0.5046672077922078,21.578947368421055
BAJAJ-AUTO,Mar 2019,Automobiles,cfo_quality_score,0.5046672077922078,21.578947368421055
BAJAJ-AUTO,Mar 2020,Automobiles,cfo_quality_score,0.7386799693016116,37.368421052631575
BAJAJ-AUTO,Mar 2020,Automobiles,cfo_quality_score,0.7386799693016116,37.368421052631575
BAJAJ-AUTO,Mar 2021,Automobiles,cfo_quality_score,0.6423718344657195,26.842105263157894
BAJAJ-AUTO,Mar 2021,Automobiles,cfo_quality_score,0.6423718344657195,26.842105263157894
BAJAJ-AUTO,Mar 2022,Automobiles,cfo_quality_score,0.6806681803438209,30.0
BAJAJ-AUTO,Mar 2022,Automobiles,cfo_quality_score,0.6806681803438209,30.0
BAJAJ-AUTO,Mar 2023,Automobiles,cfo_quality_score,0.8707920792079208,44.73684210526316
BAJAJ-AUTO,Mar 2023,Automobiles,cfo_quality_score,0.8707920792079208,44.73684210526316
BAJAJ-AUTO,Mar 2024,Automobiles,cfo_quality_score,0.8508043591074209,41.578947368421055
BAJAJ-AUTO,Mar 2024,Automobiles,cfo_quality_score,0.8508043591074209,41.578947368421055
BAJAJ-AUTO,TTM,Automobiles,cfo_quality_score,,
EICHERMOT,Dec 2012,Automobiles,cfo_quality_score,1.0442105263157895,61.05263157894737
EICHERMOT,Dec 2013,Automobiles,cfo_quality_score,1.3638095238095238,73.68421052631578
EICHERMOT,Dec 2014,Automobiles,cfo_quality_score,1.4914529914529915,77.89473684210526
EICHERMOT,Mar 2016,Automobiles,cfo_quality_score,1.093423019431988,63.1578947368421
EICHERMOT,Mar 2017,Automobiles,cfo_quality_score,1.0245950809838031,55.78947368421052
EICHERMOT,Mar 2018,Automobiles,cfo_quality_score,1.2663265306122449,68.42105263157895
EICHERMOT,Mar 2019,Automobiles,cfo_quality_score,0.7149341806627326,35.78947368421053
EICHERMOT,Mar 2020,Automobiles,cfo_quality_score,0.9272030651340997,51.578947368421055
EICHERMOT,Mar 2021,Automobiles,cfo_quality_score,1.2553823311061618,67.36842105263158
EICHERMOT,Mar 2022,Automobiles,cfo_quality_score,0.9105545617173524,49.473684210526315
EICHERMOT,Mar 2023,Automobiles,cfo_quality_score,0.9687714481811942,54.736842105263165
EICHERMOT,Mar 2024,Automobiles,cfo_quality_score,0.9307673081729567,52.63157894736842
EICHERMOT,TTM,Automobiles,cfo_quality_score,,
HEROMOTOCO,Mar 2014,Automobiles,cfo_quality_score,1.4096098953377736,76.84210526315789
HEROMOTOCO,Mar 2015,Automobiles,cfo_quality_score,0.9247038917089678,50.526315789473685
HEROMOTOCO,Mar 2016,Automobiles,cfo_quality_score,1.1960154241645244,65.26315789473685
HEROMOTOCO,Mar 2017,Automobiles,cfo_quality_score,1.1300056401579244,64.21052631578948
HEROMOTOCO,Mar 2018,Automobiles,cfo_quality_score,1.0792584631918323,62.10526315789474
HEROMOTOCO,Mar 2019,Automobiles,cfo_quality_score,0.2977495672244662,17.894736842105264
HEROMOTOCO,Mar 2020,Automobiles,cfo_quality_score,1.508062312107133,80.0
HEROMOTOCO,Mar 2021,Automobiles,cfo_quality_score,1.3998637602179838,75.78947368421053
HEROMOTOCO,Mar 2022,Automobiles,cfo_quality_score,0.9033920137398025,46.31578947368421
HEROMOTOCO,Mar 2023,Automobiles,cfo_quality_score,0.9335714285714286,53.68421052631579
HEROMOTOCO,Mar 2024,Automobiles,cfo_quality_score,1.3156066274719402,71.57894736842105
HEROMOTOCO,TTM,Automobiles,cfo_quality_score,,
M&M,Mar 2013,Automobiles,cfo_quality_score,-0.223298619520465,12.631578947368421
M&M,Mar 2014,Automobiles,cfo_quality_score,-0.0473418703919286,13.684210526315791
M&M,Mar 2015,Automobiles,cfo_quality_score,0.3120378586217096,18.947368421052634
M&M,Mar 2016,Automobiles,cfo_quality_score,0.6710748452447945,28.421052631578945
M&M,Mar 2017,Automobiles,cfo_quality_score,0.04517403110343125,14.736842105263156
M&M,Mar 2018,Automobiles,cfo_quality_score,0.0856999246041719,15.789473684210526
M&M,Mar 2019,Automobiles,cfo_quality_score,-0.7224530496925378,7.368421052631578
M&M,Mar 2020,Automobiles,cfo_quality_score,4.538940809968848,97.89473684210527
M&M,Mar 2021,Automobiles,cfo_quality_score,11.84457671957672,98.94736842105263
M&M,Mar 2022,Automobiles,cfo_quality_score,1.2750585964428511,69.47368421052632
M&M,Mar 2023,Automobiles,cfo_quality_score,-0.6219447863548444,10.526315789473683
M&M,Mar 2024,Automobiles,cfo_quality_score,-0.4588427057864711,11.578947368421053
M&M,TTM,Automobiles,cfo_quality_score,,
MARUTI,Mar 2013,Automobiles,cfo_quality_score,1.6433198380566802,82.10526315789474
MARUTI,Mar 2014,Automobiles,cfo_quality_score,1.750175192711983,84.21052631578947
MARUTI,Mar 2015,Automobiles,cfo_quality_score,1.693095300603833,83.15789473684211
MARUTI,Mar 2016,Automobiles,cfo_quality_score,1.543023467345825,81.05263157894737
MARUTI,Mar 2017,Automobiles,cfo_quality_score,1.3689255758221275,74.73684210526315
MARUTI,Mar 2018,Automobiles,cfo_quality_score,1.4957492703971578,78.94736842105263
MARUTI,Mar 2019,Automobiles,cfo_quality_score,0.8627630375114365,43.15789473684211
MARUTI,Mar 2020,Automobiles,cfo_quality_score,0.6157097569566748,25.263157894736842
MARUTI,Mar 2021,Automobiles,cfo_quality_score,2.017771701982228,86.31578947368422
MARUTI,Mar 2022,Automobiles,cfo_quality_score,0.4742268041237113,20.0
MARUTI,Mar 2023,Automobiles,cfo_quality_score,1.3086882865440466,70.52631578947368
MARUTI,Mar 2024,Automobiles,cfo_quality_score,1.2456257413997627,66.3157894736842
MARUTI,TTM,Automobiles,cfo_quality_score,,
TATAMOTORS,Mar 2013,Automobiles,cfo_quality_score,2.2216319165998395,89.47368421052632
TATAMOTORS,Mar 2014,Automobiles,cfo_quality_score,2.5730249110320287,93.6842105263158
TATAMOTORS,Mar 2015,Automobiles,cfo_quality_score,2.524763731969019,92.63157894736842
TATAMOTORS,Mar 2016,Automobiles,cfo_quality_score,3.2454187360849462,95.78947368421052
TATAMOTORS,Mar 2017,Automobiles,cfo_quality_score,3.9961624983459045,96.84210526315789
TATAMOTORS,Mar 2018,Automobiles,cfo_quality_score,2.6242437575624242,94.73684210526315
TATAMOTORS,Mar 2019,Automobiles,cfo_quality_score,-0.6576730260409414,9.473684210526317
TATAMOTORS,Mar 2020,Automobiles,cfo_quality_score,-2.2240501043841334,2.1052631578947367
TATAMOTORS,Mar 2021,Automobiles,cfo_quality_score,-2.1650615901455765,3.1578947368421053
TATAMOTORS,Mar 2022,Automobiles,cfo_quality_score,-1.262976390485454,6.315789473684211
TATAMOTORS,Mar 2023,Automobiles,cfo_quality_score,13.155390334572491,100.0
TATAMOTORS,Mar 2024,Automobiles,cfo_quality_score,2.135221806520577,87.36842105263159
TATAMOTORS,TTM,Automobiles,cfo_quality_score,,
TVSMOTOR,Mar 2013,Automobiles,cfo_quality_score,2.3434343434343434,90.52631578947368
TVSMOTOR,Mar 2014,Automobiles,cfo_quality_score,2.513368983957219,91.57894736842105
TVSMOTOR,Mar 2015,Automobiles,cfo_quality_score,0.2530487804878049,16.842105263157894
TVSMOTOR,Mar 2016,Automobiles,cfo_quality_score,2.1818181818181817,88.42105263157895
TVSMOTOR,Mar 2017,Automobiles,cfo_quality_score,1.3536345776031433,72.63157894736842
TVSMOTOR,Mar 2018,Automobiles,cfo_quality_score,0.5323308270676692,23.157894736842106
TVSMOTOR,Mar 2019,Automobiles,cfo_quality_score,-1.2662068965517241,5.263157894736842
TVSMOTOR,Mar 2020,Automobiles,cfo_quality_score,0.5765069551777434,24.210526315789473
TVSMOTOR,Mar 2021,Automobiles,cfo_quality_score,1.893092105263158,85.26315789473684
TVSMOTOR,Mar 2022,Automobiles,cfo_quality_score,-2.1545827633378933,4.2105263157894735
TVSMOTOR,Mar 2023,Automobiles,cfo_quality_score,-3.3651642475171886,1.0526315789473684
TVSMOTOR,Mar 2024,Automobiles,cfo_quality_score,-0.7043282743114109,8.421052631578947
TVSMOTOR,TTM,Automobiles,cfo_quality_score,,
BAJFINANCE,Mar 2015,Consumer Finance,return_on_equity_pct,18.708333333333332,82.35294117647058
BAJFINANCE,Mar 2016,Consumer Finance,return_on_equity_pct,17.220950585700823,64.70588235294117
BAJFINANCE,Mar 2017,Consumer Finance,return_on_equity_pct,19.125,88.23529411764706
BAJFINANCE,Mar 2018,Consumer Finance,return_on_equity_pct,15.749621403331652,35.294117647058826
BAJFINANCE,Mar 2019,Consumer Finance,return_on_equity_pct,20.2822764888054,97.05882352941177
BAJFINANCE,Mar 2020,Consumer Finance,return_on_equity_pct,16.283098243009157,55.88235294117647
BAJFINANCE,Mar 2021,Consumer Finance,return_on_equity_pct,11.972479549271359,17.647058823529413
BAJFINANCE,Mar 2022,Consumer Finance,return_on_equity_pct,16.07759705350811,47.05882352941176
BAJFINANCE,Mar 2023,Consumer Finance,return_on_equity_pct,21.16530567203708,100.0
BAJFINANCE,Mar 2024,Consumer Finance,return_on_equity_pct,18.841921351830603,85.29411764705883
BAJFINANCE,TTM,Consumer Finance,return_on_equity_pct,,
CHOLAFIN,Mar 2013,Consumer Finance,return_on_equity_pct,15.778688524590164,38.23529411764706
CHOLAFIN,Mar 2014,Consumer Finance,return_on_equity_pct,16.09094884127678,50.0
CHOLAFIN,Mar 2015,Consumer Finance,return_on_equity_pct,16.598130841121495,58.82352941176471
CHOLAFIN,Mar 2016,Consumer Finance,return_on_equity_pct,15.66757493188011,32.35294117647059
CHOLAFIN,Mar 2017,Consumer Finance,return_on_equity_pct,16.70544439274081,61.76470588235294
CHOLAFIN,Mar 2018,Consumer Finance,return_on_equity_pct,17.912195121951218,70.58823529411765
CHOLAFIN,Mar 2019,Consumer Finance,return_on_equity_pct,19.281572164948454,91.17647058823529
CHOLAFIN,Mar 2020,Consumer Finance,return_on_equity_pct,12.853658536585366,20.588235294117645
CHOLAFIN,Mar 2021,Consumer Finance,return_on_equity_pct,15.84375,41.17647058823529
CHOLAFIN,Mar 2022,Consumer Finance,return_on_equity_pct,18.302319653326535,73.52941176470588
CHOLAFIN,Mar 2023,Consumer Finance,return_on_equity_pct,18.576606719643106,76.47058823529412
CHOLAFIN,Mar 2024,Consumer Finance,return_on_equity_pct,17.455213596692694,67.64705882352942
CHOLAFIN,TTM,Consumer Finance,return_on_equity_pct,,
SHRIRAMFIN,Mar 2013,Consumer Finance,return_on_equity_pct,19.937312619242302,94.11764705882352
SHRIRAMFIN,Mar 2014,Consumer Finance,return_on_equity_pct,15.957696827262044,44.11764705882353
SHRIRAMFIN,Mar 2015,Consumer Finance,return_on_equity_pct,11.094323332613858,5.88235294117647
SHRIRAMFIN,Mar 2016,Consumer Finance,return_on_equity_pct,11.635220125786164,14.705882352941178
SHRIRAMFIN,Mar 2017,Consumer Finance,return_on_equity_pct,11.17190257677374,8.823529411764707
SHRIRAMFIN,Mar 2018,Consumer Finance,return_on_equity_pct,18.619430241051862,79.41176470588235
SHRIRAMFIN,Mar 2019,Consumer Finance,return_on_equity_pct,16.13731754682704,52.94117647058824
SHRIRAMFIN,Mar 2020,Consumer Finance,return_on_equity_pct,13.84632344835189,26.47058823529412
SHRIRAMFIN,Mar 2021,Consumer Finance,return_on_equity_pct,11.50711424229866,11.76470588235294
SHRIRAMFIN,Mar 2022,Consumer Finance,return_on_equity_pct,10.427284920482851,2.941176470588235
SHRIRAMFIN,Mar 2023,Consumer Finance,return_on_equity_pct,13.835263835263836,23.52941176470588
SHRIRAMFIN,Mar 2024,Consumer Finance,return_on_equity_pct,15.116350338120824,29.411764705882355
SHRIRAMFIN,TTM,Consumer Finance,return_on_equity_pct,,
BAJFINANCE,Mar 2015,Consumer Finance,roce_calculated,5.569861707200763,91.17647058823529
BAJFINANCE,Mar 2016,Consumer Finance,roce_calculated,5.295599748042832,82.35294117647058
BAJFINANCE,Mar 2017,Consumer Finance,roce_calculated,5.52251486830926,88.23529411764706
BAJFINANCE,Mar 2018,Consumer Finance,roce_calculated,4.993629027364845,79.41176470588235
BAJFINANCE,Mar 2019,Consumer Finance,roce_calculated,4.496846271179454,61.76470588235294
BAJFINANCE,Mar 2020,Consumer Finance,roce_calculated,5.649031048392071,94.11764705882352
BAJFINANCE,Mar 2021,Consumer Finance,roce_calculated,6.43065641463762,100.0
BAJFINANCE,Mar 2022,Consumer Finance,roce_calculated,5.685706764938141,97.05882352941177
BAJFINANCE,Mar 2023,Consumer Finance,roce_calculated,4.682692520530359,70.58823529411765
BAJFINANCE,Mar 2024,Consumer Finance,roce_calculated,4.350587230638684,58.82352941176471
BAJFINANCE,TTM,Consumer Finance,roce_calculated,,
CHOLAFIN,Mar 2013,Consumer Finance,roce_calculated,3.995122234481157,47.05882352941176
CHOLAFIN,Mar 2014,Consumer Finance,roce_calculated,4.577153521265101,64.70588235294117
CHOLAFIN,Mar 2015,Consumer Finance,roce_calculated,4.68950276243094,73.52941176470588
CHOLAFIN,Mar 2016,Consumer Finance,roce_calculated,4.8291119926762285,76.47058823529412
CHOLAFIN,Mar 2017,Consumer Finance,roce_calculated,4.660016214882442,67.64705882352942
CHOLAFIN,Mar 2018,Consumer Finance,roce_calculated,3.339086411230008,26.47058823529412
CHOLAFIN,Mar 2019,Consumer Finance,roce_calculated,2.8745046235138707,8.823529411764707
CHOLAFIN,Mar 2020,Consumer Finance,roce_calculated,3.830393165097698,38.23529411764706
CHOLAFIN,Mar 2021,Consumer Finance,roce_calculated,3.972453293331515,44.11764705882353
CHOLAFIN,Mar 2022,Consumer Finance,roce_calculated,3.6148894901350337,32.35294117647059
CHOLAFIN,Mar 2023,Consumer Finance,roce_calculated,3.241602807419609,23.52941176470588
CHOLAFIN,Mar 2024,Consumer Finance,roce_calculated,3.495209907313654,29.411764705882355
CHOLAFIN,TTM,Consumer Finance,roce_calculated,,
SHRIRAMFIN,Mar 2013,Consumer Finance,roce_calculated,5.350653177487477,85.29411764705883
SHRIRAMFIN,Mar 2014,Consumer Finance,roce_calculated,4.240560033941451,52.94117647058824
SHRIRAMFIN,Mar 2015,Consumer Finance,roce_calculated,3.0217472882900593,11.76470588235294
SHRIRAMFIN,Mar 2016,Consumer Finance,roce_calculated,3.0417236433979253,14.705882352941178
SHRIRAMFIN,Mar 2017,Consumer Finance,roce_calculated,3.0615413277029124,17.647058823529413
SHRIRAMFIN,Mar 2018,Consumer Finance,roce_calculated,3.9709458260715293,41.17647058823529
SHRIRAMFIN,Mar 2019,Consumer Finance,roce_calculated,3.6591353235076096,35.294117647058826
SHRIRAMFIN,Mar 2020,Consumer Finance,roce_calculated,3.1583050577176928,20.588235294117645
SHRIRAMFIN,Mar 2021,Consumer Finance,roce_calculated,2.652362723466627,5.88235294117647
SHRIRAMFIN,Mar 2022,Consumer Finance,roce_calculated,2.601088398691651,2.941176470588235
SHRIRAMFIN,Mar 2023,Consumer Finance,roce_calculated,4.236113117074439,50.0
SHRIRAMFIN,Mar 2024,Consumer Finance,roce_calculated,4.304889074344531,55.88235294117647
SHRIRAMFIN,TTM,Consumer Finance,roce_calculated,,
BAJFINANCE,Mar 2015,Consumer Finance,operating_profit_margin_pct,1367.0,51.35135135135135
BAJFINANCE,Mar 2016,Consumer Finance,operating_profit_margin_pct,1986.0,62.16216216216216
BAJFINANCE,Mar 2017,Consumer Finance,operating_profit_margin_pct,2867.0,67.56756756756756
BAJFINANCE,Mar 2018,Consumer Finance,operating_profit_margin_pct,3935.0,75.67567567567568
BAJFINANCE,Mar 2019,Consumer Finance,operating_profit_margin_pct,6310.0,83.78378378378379
BAJFINANCE,Mar 2020,Consumer Finance,operating_profit_margin_pct,7608.0,89.1891891891892
BAJFINANCE,Mar 2021,Consumer Finance,operating_profit_margin_pct,6314.0,86.48648648648648
BAJFINANCE,Mar 2022,Consumer Finance,operating_profit_margin_pct,9906.0,91.8918918918919
BAJFINANCE,Mar 2023,Consumer Finance,operating_profit_margin_pct,16018.0,94.5945945945946
BAJFINANCE,Mar 2024,Consumer Finance,operating_profit_margin_pct,19987.0,97.2972972972973
BAJFINANCE,TTM,Consumer Finance,operating_profit_margin_pct,21417.0,100.0
CHOLAFIN,Mar 2013,Consumer Finance,operating_profit_margin_pct,472.0,37.83783783783784
CHOLAFIN,Mar 2014,Consumer Finance,operating_profit_margin_pct,578.0,40.54054054054054
CHOLAFIN,Mar 2015,Consumer Finance,operating_profit_margin_pct,696.0,43.24324324324324
CHOLAFIN,Mar 2016,Consumer Finance,operating_profit_margin_pct,899.0,45.94594594594595
CHOLAFIN,Mar 2017,Consumer Finance,operating_profit_margin_pct,1143.0,48.64864864864865
CHOLAFIN,Mar 2018,Consumer Finance,operating_profit_margin_pct,1451.0,54.054054054054056
CHOLAFIN,Mar 2019,Consumer Finance,operating_profit_margin_pct,1888.0,59.45945945945946
CHOLAFIN,Mar 2020,Consumer Finance,operating_profit_margin_pct,1699.0,56.75675675675676
CHOLAFIN,Mar 2021,Consumer Finance,operating_profit_margin_pct,2094.0,64.86486486486487
CHOLAFIN,Mar 2022,Consumer Finance,operating_profit_margin_pct,2924.0,70.27027027027027
CHOLAFIN,Mar 2023,Consumer Finance,operating_profit_margin_pct,3515.0,72.97297297297297
CHOLAFIN,Mar 2024,Consumer Finance,operating_profit_margin_pct,4548.0,78.37837837837837
CHOLAFIN,TTM,Consumer Finance,operating_profit_margin_pct,5175.0,81.08108108108108
SHRIRAMFIN,Mar 2013,Consumer Finance,operating_profit_margin_pct,31.088600370951635,35.13513513513514
SHRIRAMFIN,Mar 2014,Consumer Finance,operating_profit_margin_pct,23.58423784804153,18.91891891891892
SHRIRAMFIN,Mar 2015,Consumer Finance,operating_profit_margin_pct,18.426501035196686,8.108108108108109
SHRIRAMFIN,Mar 2016,Consumer Finance,operating_profit_margin_pct,17.607877208224732,2.7027027027027026
SHRIRAMFIN,Mar 2017,Consumer Finance,operating_profit_margin_pct,18.08676511052004,5.405405405405405
SHRIRAMFIN,Mar 2018,Consumer Finance,operating_profit_margin_pct,28.181010220708043,24.324324324324326
SHRIRAMFIN,Mar 2019,Consumer Finance,operating_profit_margin_pct,24.465756951596294,21.62162162162162
SHRIRAMFIN,Mar 2020,Consumer Finance,operating_profit_margin_pct,21.526477869693856,16.216216216216218
SHRIRAMFIN,Mar 2021,Consumer Finance,operating_profit_margin_pct,19.527034783606933,13.513513513513514
SHRIRAMFIN,Mar 2022,Consumer Finance,operating_profit_margin_pct,19.03921059465074,10.81081081081081
SHRIRAMFIN,Mar 2023,Consumer Finance,operating_profit_margin_pct,28.856749311294767,29.72972972972973
SHRIRAMFIN,Mar 2024,Consumer Finance,operating_profit_margin_pct,28.918874354182698,32.432432432432435
SHRIRAMFIN,TTM,Consumer Finance,operating_profit_margin_pct,28.637367047963075,27.027027027027028
BAJFINANCE,Mar 2015,Consumer Finance,net_profit_margin_pct,16.654302670623146,48.64864864864865
BAJFINANCE,Mar 2016,Consumer Finance,net_profit_margin_pct,17.522948349088914,56.75675675675676
BAJFINANCE,Mar 2017,Consumer Finance,net_profit_margin_pct,18.415245737211634,62.16216216216216
BAJFINANCE,Mar 2018,Consumer Finance,net_profit_margin_pct,19.58261415345991,67.56756756756756
BAJFINANCE,Mar 2019,Consumer Finance,net_profit_margin_pct,21.609779845296696,86.48648648648648
BAJFINANCE,Mar 2020,Consumer Finance,net_profit_margin_pct,19.959050580116784,72.97297297297297
BAJFINANCE,Mar 2021,Consumer Finance,net_profit_margin_pct,16.5710643722116,43.24324324324324
BAJFINANCE,Mar 2022,Consumer Finance,net_profit_margin_pct,22.211687367655887,89.1891891891892
BAJFINANCE,Mar 2023,Consumer Finance,net_profit_margin_pct,27.7897177078554,100.0
BAJFINANCE,Mar 2024,Consumer Finance,net_profit_margin_pct,26.287928399912687,97.2972972972973
BAJFINANCE,TTM,Consumer Finance,net_profit_margin_pct,24.709773760015413,94.5945945945946
CHOLAFIN,Mar 2013,Consumer Finance,net_profit_margin_pct,11.98443579766537,16.216216216216218
CHOLAFIN,Mar 2014,Consumer Finance,net_profit_margin_pct,11.222933821286977,5.405405405405405
CHOLAFIN,Mar 2015,Consumer Finance,net_profit_margin_pct,11.951547779273216,13.513513513513514
CHOLAFIN,Mar 2016,Consumer Finance,net_profit_margin_pct,13.64499288087328,21.62162162162162
CHOLAFIN,Mar 2017,Consumer Finance,net_profit_margin_pct,15.296122709842352,32.432432432432435
CHOLAFIN,Mar 2018,Consumer Finance,net_profit_margin_pct,16.51376146788991,40.54054054054054
CHOLAFIN,Mar 2019,Consumer Finance,net_profit_margin_pct,16.840180078784467,51.35135135135135
CHOLAFIN,Mar 2020,Consumer Finance,net_profit_margin_pct,12.098255280073463,18.91891891891892
CHOLAFIN,Mar 2021,Consumer Finance,net_profit_margin_pct,15.871856412396953,35.13513513513514
CHOLAFIN,Mar 2022,Consumer Finance,net_profit_margin_pct,21.225857311785575,83.78378378378379
CHOLAFIN,Mar 2023,Consumer Finance,net_profit_margin_pct,20.684570009313877,78.37837837837837
CHOLAFIN,Mar 2024,Consumer Finance,net_profit_margin_pct,17.846892448990243,59.45945945945946
CHOLAFIN,TTM,Consumer Finance,net_profit_margin_pct,17.118478357479336,54.054054054054056
SHRIRAMFIN,Mar 2013,Consumer Finance,net_profit_margin_pct,20.873163076045085,81.08108108108108
SHRIRAMFIN,Mar 2014,Consumer Finance,net_profit_margin_pct,16.021708352996697,37.83783783783784
SHRIRAMFIN,Mar 2015,Consumer Finance,net_profit_margin_pct,11.201917838073443,2.7027027027027026
SHRIRAMFIN,Mar 2016,Consumer Finance,net_profit_margin_pct,11.429674679023073,8.108108108108109
SHRIRAMFIN,Mar 2017,Consumer Finance,net_profit_margin_pct,11.611483078051913,10.81081081081081
SHRIRAMFIN,Mar 2018,Consumer Finance,net_profit_margin_pct,18.878684639312695,64.86486486486487
SHRIRAMFIN,Mar 2019,Consumer Finance,net_profit_margin_pct,16.580844490216272,45.94594594594595
SHRIRAMFIN,Mar 2020,Consumer Finance,net_profit_margin_pct,15.168166173540246,29.72972972972973
SHRIRAMFIN,Mar 2021,Consumer Finance,net_profit_margin_pct,14.343932958328551,27.027027027027028
SHRIRAMFIN,Mar 2022,Consumer Finance,net_profit_margin_pct,14.131394443001819,24.324324324324326
SHRIRAMFIN,Mar 2023,Consumer Finance,net_profit_margin_pct,19.742883379247015,70.27027027027027
SHRIRAMFIN,Mar 2024,Consumer Finance,net_profit_margin_pct,20.333626470264925,75.67567567567568
SHRIRAMFIN,TTM,Consumer Finance,net_profit_margin_pct,23.715633152719246,91.8918918918919
BAJFINANCE,Mar 2015,Consumer Finance,debt_to_equity,,
BAJFINANCE,Mar 2016,Consumer Finance,debt_to_equity,,
BAJFINANCE,Mar 2017,Consumer Finance,debt_to_equity,,
BAJFINANCE,Mar 2018,Consumer Finance,debt_to_equity,,
BAJFINANCE,Mar 2019,Consumer Finance,debt_to_equity,,
BAJFINANCE,Mar 2020,Consumer Finance,debt_to_equity,,
BAJFINANCE,Mar 2021,Consumer Finance,debt_to_equity,,
BAJFINANCE,Mar 2022,Consumer Finance,debt_to_equity,,
BAJFINANCE,Mar 2023,Consumer Finance,debt_to_equity,,
BAJFINANCE,Mar 2024,Consumer Finance,debt_to_equity,,
BAJFINANCE,TTM,Consumer Finance,debt_to_equity,,
CHOLAFIN,Mar 2013,Consumer Finance,debt_to_equity,,
CHOLAFIN,Mar 2014,Consumer Finance,debt_to_equity,,
CHOLAFIN,Mar 2015,Consumer Finance,debt_to_equity,,
CHOLAFIN,Mar 2016,Consumer Finance,debt_to_equity,,
CHOLAFIN,Mar 2017,Consumer Finance,debt_to_equity,,
CHOLAFIN,Mar 2018,Consumer Finance,debt_to_equity,,
CHOLAFIN,Mar 2019,Consumer Finance,debt_to_equity,,
CHOLAFIN,Mar 2020,Consumer Finance,debt_to_equity,,
CHOLAFIN,Mar 2021,Consumer Finance,debt_to_equity,,
CHOLAFIN,Mar 2022,Consumer Finance,debt_to_equity,,
CHOLAFIN,Mar 2023,Consumer Finance,debt_to_equity,,
CHOLAFIN,Mar 2024,Consumer Finance,debt_to_equity,,
CHOLAFIN,TTM,Consumer Finance,debt_to_equity,,
SHRIRAMFIN,Mar 2013,Consumer Finance,debt_to_equity,,
SHRIRAMFIN,Mar 2014,Consumer Finance,debt_to_equity,,
SHRIRAMFIN,Mar 2015,Consumer Finance,debt_to_equity,,
SHRIRAMFIN,Mar 2016,Consumer Finance,debt_to_equity,,
SHRIRAMFIN,Mar 2017,Consumer Finance,debt_to_equity,,
SHRIRAMFIN,Mar 2018,Consumer Finance,debt_to_equity,,
SHRIRAMFIN,Mar 2019,Consumer Finance,debt_to_equity,,
SHRIRAMFIN,Mar 2020,Consumer Finance,debt_to_equity,,
SHRIRAMFIN,Mar 2021,Consumer Finance,debt_to_equity,,
SHRIRAMFIN,Mar 2022,Consumer Finance,debt_to_equity,,
SHRIRAMFIN,Mar 2023,Consumer Finance,debt_to_equity,,
SHRIRAMFIN,Mar 2024,Consumer Finance,debt_to_equity,,
SHRIRAMFIN,TTM,Consumer Finance,debt_to_equity,,
BAJFINANCE,Mar 2015,Consumer Finance,interest_coverage,67.38461538461539,64.70588235294117
BAJFINANCE,Mar 2016,Consumer Finance,interest_coverage,67.25714285714285,61.76470588235294
BAJFINANCE,Mar 2017,Consumer Finance,interest_coverage,147.72727272727272,67.64705882352942
BAJFINANCE,Mar 2018,Consumer Finance,interest_coverage,411.5,70.58823529411765
BAJFINANCE,Mar 2019,Consumer Finance,interest_coverage,419.53846153846155,73.52941176470588
BAJFINANCE,Mar 2020,Consumer Finance,interest_coverage,1017.6666666666666,91.17647058823529
BAJFINANCE,Mar 2021,Consumer Finance,interest_coverage,3613.0,100.0
BAJFINANCE,Mar 2022,Consumer Finance,interest_coverage,-698.8235294117648,5.88235294117647
BAJFINANCE,Mar 2023,Consumer Finance,interest_coverage,-2538.6,2.941176470588235
BAJFINANCE,Mar 2024,Consumer Finance,interest_coverage,2683.1666666666665,97.05882352941177
BAJFINANCE,TTM,Consumer Finance,interest_coverage,653.2068965517242,82.35294117647058
CHOLAFIN,Mar 2013,Consumer Finance,interest_coverage,688.0,85.29411764705883
CHOLAFIN,Mar 2014,Consumer Finance,interest_coverage,932.0,88.23529411764706
CHOLAFIN,Mar 2015,Consumer Finance,interest_coverage,,
CHOLAFIN,Mar 2016,Consumer Finance,interest_coverage,633.0,79.41176470588235
CHOLAFIN,Mar 2017,Consumer Finance,interest_coverage,440.6666666666667,76.47058823529412
CHOLAFIN,Mar 2018,Consumer Finance,interest_coverage,,
CHOLAFIN,Mar 2019,Consumer Finance,interest_coverage,1632.0,94.11764705882352
CHOLAFIN,Mar 2020,Consumer Finance,interest_coverage,,
CHOLAFIN,Mar 2021,Consumer Finance,interest_coverage,52.017857142857146,58.82352941176471
CHOLAFIN,Mar 2022,Consumer Finance,interest_coverage,34.833333333333336,55.88235294117647
CHOLAFIN,Mar 2023,Consumer Finance,interest_coverage,16.45909090909091,47.05882352941176
CHOLAFIN,Mar 2024,Consumer Finance,interest_coverage,21.11764705882353,50.0
CHOLAFIN,TTM,Consumer Finance,interest_coverage,26.016129032258064,52.94117647058824
SHRIRAMFIN,Mar 2013,Consumer Finance,interest_coverage,0.7047218628719275,44.11764705882353
SHRIRAMFIN,Mar 2014,Consumer Finance,interest_coverage,0.47224190881171746,26.47058823529412
SHRIRAMFIN,Mar 2015,Consumer Finance,interest_coverage,0.35932851678708033,11.76470588235294
SHRIRAMFIN,Mar 2016,Consumer Finance,interest_coverage,0.3584905660377358,8.823529411764707
SHRIRAMFIN,Mar 2017,Consumer Finance,interest_coverage,0.3778501628664495,20.588235294117645
SHRIRAMFIN,Mar 2018,Consumer Finance,interest_coverage,0.5936963644874396,32.35294117647059
SHRIRAMFIN,Mar 2019,Consumer Finance,interest_coverage,0.5025118984664199,29.411764705882355
SHRIRAMFIN,Mar 2020,Consumer Finance,interest_coverage,0.4288463851798388,23.52941176470588
SHRIRAMFIN,Mar 2021,Consumer Finance,interest_coverage,0.3742986027065684,14.705882352941178
SHRIRAMFIN,Mar 2022,Consumer Finance,interest_coverage,0.3751151130666121,17.647058823529413
SHRIRAMFIN,Mar 2023,Consumer Finance,interest_coverage,0.6775236775236775,41.17647058823529
SHRIRAMFIN,Mar 2024,Consumer Finance,interest_coverage,0.6750705671028997,38.23529411764706
SHRIRAMFIN,TTM,Consumer Finance,interest_coverage,0.6629500580720092,35.294117647058826
BAJFINANCE,Mar 2015,Consumer Finance,asset_turnover,0.16449054301403296,100.0
BAJFINANCE,Mar 2016,Consumer Finance,asset_turnover,0.1553871372916356,82.35294117647058
BAJFINANCE,Mar 2017,Consumer Finance,asset_turnover,0.15643878175456213,91.17647058823529
BAJFINANCE,Mar 2018,Consumer Finance,asset_turnover,0.15031014882426472,64.70588235294117
BAJFINANCE,Mar 2019,Consumer Finance,asset_turnover,0.1488090925921454,58.82352941176471
BAJFINANCE,Mar 2020,Consumer Finance,asset_turnover,0.1604345736688748,94.11764705882352
BAJFINANCE,Mar 2021,Consumer Finance,asset_turnover,0.15555490756400536,85.29411764705883
BAJFINANCE,Mar 2022,Consumer Finance,asset_turnover,0.14889461944603918,61.76470588235294
BAJFINANCE,Mar 2023,Consumer Finance,asset_turnover,0.15046180230065473,67.64705882352942
BAJFINANCE,Mar 2024,Consumer Finance,asset_turnover,0.14630251608816688,41.17647058823529
BAJFINANCE,TTM,Consumer Finance,asset_turnover,,
CHOLAFIN,Mar 2013,Consumer Finance,asset_turnover,0.14099188062321702,32.35294117647059
CHOLAFIN,Mar 2014,Consumer Finance,asset_turnover,0.1522001485332343,73.52941176470588
CHOLAFIN,Mar 2015,Consumer Finance,asset_turnover,0.15564772917714095,88.23529411764706
CHOLAFIN,Mar 2016,Consumer Finance,asset_turnover,0.15109899960557927,70.58823529411765
CHOLAFIN,Mar 2017,Consumer Finance,asset_turnover,0.15340871952415192,79.41176470588235
CHOLAFIN,Mar 2018,Consumer Finance,asset_turnover,0.12586320103244503,14.705882352941178
CHOLAFIN,Mar 2019,Consumer Finance,asset_turnover,0.12363889372064707,11.76470588235294
CHOLAFIN,Mar 2020,Consumer Finance,asset_turnover,0.13600174841549845,26.47058823529412
CHOLAFIN,Mar 2021,Consumer Finance,asset_turnover,0.12838272332672418,17.647058823529413
CHOLAFIN,Mar 2022,Consumer Finance,asset_turnover,0.12303887097165304,8.823529411764707
CHOLAFIN,Mar 2023,Consumer Finance,asset_turnover,0.113388543215961,2.941176470588235
CHOLAFIN,Mar 2024,Consumer Finance,asset_turnover,0.12230192869816066,5.88235294117647
CHOLAFIN,TTM,Consumer Finance,asset_turnover,,
SHRIRAMFIN,Mar 2013,Consumer Finance,asset_turnover,0.1482633159876465,55.88235294117647
SHRIRAMFIN,Mar 2014,Consumer Finance,asset_turnover,0.16196590995948942,97.05882352941177
SHRIRAMFIN,Mar 2015,Consumer Finance,asset_turnover,0.14764938700646782,52.94117647058824
SHRIRAMFIN,Mar 2016,Consumer Finance,asset_turnover,0.15230911737461955,76.47058823529412
SHRIRAMFIN,Mar 2017,Consumer Finance,asset_turnover,0.1464551486983854,44.11764705882353
SHRIRAMFIN,Mar 2018,Consumer Finance,asset_turnover,0.1386811832374692,29.411764705882355
SHRIRAMFIN,Mar 2019,Consumer Finance,asset_turnover,0.14737381306975023,50.0
SHRIRAMFIN,Mar 2020,Consumer Finance,asset_turnover,0.14493375107205994,38.23529411764706
SHRIRAMFIN,Mar 2021,Consumer Finance,asset_turnover,0.13410822877376646,20.588235294117645
SHRIRAMFIN,Mar 2022,Consumer Finance,asset_turnover,0.13534315517192905,23.52941176470588
SHRIRAMFIN,Mar 2023,Consumer Finance,asset_turnover,0.14480488951574988,35.294117647058826
SHRIRAMFIN,Mar 2024,Consumer Finance,asset_turnover,0.14656859980827017,47.05882352941176
SHRIRAMFIN,TTM,Consumer Finance,asset_turnover,,
BAJFINANCE,Mar 2015,Consumer Finance,free_cash_flow,-7424.0,58.82352941176471
BAJFINANCE,Mar 2016,Consumer Finance,free_cash_flow,-10557.0,41.17647058823529
BAJFINANCE,Mar 2017,Consumer Finance,free_cash_flow,-13486.0,32.35294117647059
BAJFINANCE,Mar 2018,Consumer Finance,free_cash_flow,-21641.0,29.411764705882355
BAJFINANCE,Mar 2019,Consumer Finance,free_cash_flow,-34441.0,14.705882352941178
BAJFINANCE,Mar 2020,Consumer Finance,free_cash_flow,-33170.0,17.647058823529413
BAJFINANCE,Mar 2021,Consumer Finance,free_cash_flow,-1236.0,100.0
BAJFINANCE,Mar 2022,Consumer Finance,free_cash_flow,-43437.0,8.823529411764707
BAJFINANCE,Mar 2023,Consumer Finance,free_cash_flow,-52506.0,5.88235294117647
BAJFINANCE,Mar 2024,Consumer Finance,free_cash_flow,-79931.0,2.941176470588235
BAJFINANCE,TTM,Consumer Finance,free_cash_flow,,
CHOLAFIN,Mar 2013,Consumer Finance,free_cash_flow,-3759.0,76.47058823529412
CHOLAFIN,Mar 2014,Consumer Finance,free_cash_flow,-2530.0,85.29411764705883
CHOLAFIN,Mar 2015,Consumer Finance,free_cash_flow,-2304.0,91.17647058823529
CHOLAFIN,Mar 2016,Consumer Finance,free_cash_flow,-2946.0,79.41176470588235
CHOLAFIN,Mar 2017,Consumer Finance,free_cash_flow,-1690.0,97.05882352941177
CHOLAFIN,Mar 2018,Consumer Finance,free_cash_flow,-7986.0,55.88235294117647
CHOLAFIN,Mar 2019,Consumer Finance,free_cash_flow,-9328.0,47.05882352941176
CHOLAFIN,Mar 2020,Consumer Finance,free_cash_flow,-2129.0,94.11764705882352
CHOLAFIN,Mar 2021,Consumer Finance,free_cash_flow,-10594.0,38.23529411764706
CHOLAFIN,Mar 2022,Consumer Finance,free_cash_flow,-7211.0,61.76470588235294
CHOLAFIN,Mar 2023,Consumer Finance,free_cash_flow,-29253.0,23.52941176470588
CHOLAFIN,Mar 2024,Consumer Finance,free_cash_flow,-38538.0,11.76470588235294
CHOLAFIN,TTM,Consumer Finance,free_cash_flow,,
SHRIRAMFIN,Mar 2013,Consumer Finance,free_cash_flow,-8400.0,52.94117647058824
SHRIRAMFIN,Mar 2014,Consumer Finance,free_cash_flow,-4167.0,73.52941176470588
SHRIRAMFIN,Mar 2015,Consumer Finance,free_cash_flow,-9656.0,44.11764705882353
SHRIRAMFIN,Mar 2016,Consumer Finance,free_cash_flow,-5543.0,67.64705882352942
SHRIRAMFIN,Mar 2017,Consumer Finance,free_cash_flow,-2679.0,82.35294117647058
SHRIRAMFIN,Mar 2018,Consumer Finance,free_cash_flow,-13228.0,35.294117647058826
SHRIRAMFIN,Mar 2019,Consumer Finance,free_cash_flow,-5611.0,64.70588235294117
SHRIRAMFIN,Mar 2020,Consumer Finance,free_cash_flow,-2519.0,88.23529411764706
SHRIRAMFIN,Mar 2021,Consumer Finance,free_cash_flow,-4264.0,70.58823529411765
SHRIRAMFIN,Mar 2022,Consumer Finance,free_cash_flow,-8893.0,50.0
SHRIRAMFIN,Mar 2023,Consumer Finance,free_cash_flow,-22701.0,26.47058823529412
SHRIRAMFIN,Mar 2024,Consumer Finance,free_cash_flow,-31359.0,20.588235294117645
SHRIRAMFIN,TTM,Consumer Finance,free_cash_flow,,
BAJFINANCE,Mar 2015,Consumer Finance,cfo_quality_score,-7.866369710467706,20.588235294117645
BAJFINANCE,Mar 2016,Consumer Finance,cfo_quality_score,-7.716966379984362,26.47058823529412
BAJFINANCE,Mar 2017,Consumer Finance,cfo_quality_score,-5.685729847494553,41.17647058823529
BAJFINANCE,Mar 2018,Consumer Finance,cfo_quality_score,-8.239583333333334,17.647058823529413
BAJFINANCE,Mar 2019,Consumer Finance,cfo_quality_score,-7.27459324155194,29.411764705882355
BAJFINANCE,Mar 2020,Consumer Finance,cfo_quality_score,-4.637537993920972,61.76470588235294
BAJFINANCE,Mar 2021,Consumer Finance,cfo_quality_score,-0.18257918552036198,100.0
BAJFINANCE,Mar 2022,Consumer Finance,cfo_quality_score,-5.277461582242458,44.11764705882353
BAJFINANCE,Mar 2023,Consumer Finance,cfo_quality_score,-3.659367396593674,67.64705882352942
BAJFINANCE,Mar 2024,Consumer Finance,cfo_quality_score,-5.034945678499758,52.94117647058824
BAJFINANCE,TTM,Consumer Finance,cfo_quality_score,,
CHOLAFIN,Mar 2013,Consumer Finance,cfo_quality_score,-12.188311688311689,2.941176470588235
CHOLAFIN,Mar 2014,Consumer Finance,cfo_quality_score,-6.649456521739131,32.35294117647059
CHOLAFIN,Mar 2015,Consumer Finance,cfo_quality_score,-5.099099099099099,50.0
CHOLAFIN,Mar 2016,Consumer Finance,cfo_quality_score,-4.885217391304348,55.88235294117647
CHOLAFIN,Mar 2017,Consumer Finance,cfo_quality_score,-2.0445682451253484,88.23529411764706
CHOLAFIN,Mar 2018,Consumer Finance,cfo_quality_score,-8.633986928104575,14.705882352941178
CHOLAFIN,Mar 2019,Consumer Finance,cfo_quality_score,-7.783625730994152,23.52941176470588
CHOLAFIN,Mar 2020,Consumer Finance,cfo_quality_score,-1.9686907020872866,91.17647058823529
CHOLAFIN,Mar 2021,Consumer Finance,cfo_quality_score,-5.817225509533202,35.294117647058826
CHOLAFIN,Mar 2022,Consumer Finance,cfo_quality_score,-2.586350974930362,79.41176470588235
CHOLAFIN,Mar 2023,Consumer Finance,cfo_quality_score,-10.170731707317072,8.823529411764707
CHOLAFIN,Mar 2024,Consumer Finance,cfo_quality_score,-10.433625730994152,5.88235294117647
CHOLAFIN,TTM,Consumer Finance,cfo_quality_score,,
SHRIRAMFIN,Mar 2013,Consumer Finance,cfo_quality_score,-5.713602187286398,38.23529411764706
SHRIRAMFIN,Mar 2014,Consumer Finance,cfo_quality_score,-2.9860088365243005,73.52941176470588
SHRIRAMFIN,Mar 2015,Consumer Finance,cfo_quality_score,-9.349221789883268,11.76470588235294
SHRIRAMFIN,Mar 2016,Consumer Finance,cfo_quality_score,-4.6511824324324325,58.82352941176471
SHRIRAMFIN,Mar 2017,Consumer Finance,cfo_quality_score,-2.1145339652448656,85.29411764705883
SHRIRAMFIN,Mar 2018,Consumer Finance,cfo_quality_score,-5.155747351902707,47.05882352941176
SHRIRAMFIN,Mar 2019,Consumer Finance,cfo_quality_score,-2.1486801242236027,82.35294117647058
SHRIRAMFIN,Mar 2020,Consumer Finance,cfo_quality_score,-0.9808917197452229,97.05882352941177
SHRIRAMFIN,Mar 2021,Consumer Finance,cfo_quality_score,-1.6962785114045618,94.11764705882352
SHRIRAMFIN,Mar 2022,Consumer Finance,cfo_quality_score,-3.2557883131201764,70.58823529411765
SHRIRAMFIN,Mar 2023,Consumer Finance,cfo_quality_score,-2.9277408637873754,76.47058823529412
SHRIRAMFIN,Mar 2024,Consumer Finance,cfo_quality_score,-4.203405865657522,64.70588235294117
SHRIRAMFIN,TTM,Consumer Finance,cfo_quality_score,,
BRITANNIA,Mar 2013,FMCG,return_on_equity_pct,46.59498207885305,75.0
BRITANNIA,Mar 2014,FMCG,return_on_equity_pct,49.49874686716792,77.38095238095238
BRITANNIA,Mar 2015,FMCG,return_on_equity_pct,55.34136546184739,80.95238095238095
BRITANNIA,Mar 2016,FMCG,return_on_equity_pct,39.4359464627151,71.42857142857143
BRITANNIA,Mar 2017,FMCG,return_on_equity_pct,32.826409495548965,64.28571428571429
BRITANNIA,Mar 2018,FMCG,return_on_equity_pct,29.47739283617146,55.952380952380956
BRITANNIA,Mar 2019,FMCG,return_on_equity_pct,27.157300728897248,52.38095238095239
BRITANNIA,Mar 2020,FMCG,return_on_equity_pct,31.66023166023166,60.71428571428571
BRITANNIA,Mar 2021,FMCG,return_on_equity_pct,52.17023675310034,78.57142857142857
BRITANNIA,Mar 2022,FMCG,return_on_equity_pct,59.26505082095387,82.14285714285714
BRITANNIA,Mar 2023,FMCG,return_on_equity_pct,65.53480475382003,84.52380952380952
BRITANNIA,Mar 2024,FMCG,return_on_equity_pct,54.14869322506978,79.76190476190477
BRITANNIA,TTM,FMCG,return_on_equity_pct,,
DABUR,Mar 2013,FMCG,return_on_equity_pct,36.563245823389025,70.23809523809523
DABUR,Mar 2014,FMCG,return_on_equity_pct,34.48795180722892,67.85714285714286
DABUR,Mar 2015,FMCG,return_on_equity_pct,31.84257602862254,61.904761904761905
DABUR,Mar 2016,FMCG,return_on_equity_pct,30.064732678014867,57.14285714285714
DABUR,Mar 2017,FMCG,return_on_equity_pct,26.408087476789767,51.19047619047619
DABUR,Mar 2018,FMCG,return_on_equity_pct,23.79950928846828,42.857142857142854
DABUR,Mar 2019,FMCG,return_on_equity_pct,25.67471590909091,48.80952380952381
DABUR,Mar 2020,FMCG,return_on_equity_pct,21.91946715107478,35.714285714285715
DABUR,Mar 2021,FMCG,return_on_equity_pct,22.116388308977037,36.904761904761905
DABUR,Mar 2022,FMCG,return_on_equity_pct,20.782629444046766,30.952380952380953
DABUR,Mar 2023,FMCG,return_on_equity_pct,18.956870611835505,25.0
DABUR,Mar 2024,FMCG,return_on_equity_pct,18.355969997972835,22.61904761904762
DABUR,TTM,FMCG,return_on_equity_pct,,
GODREJCP,Mar 2013,FMCG,return_on_equity_pct,25.505584062782976,47.61904761904761
GODREJCP,Mar 2014,FMCG,return_on_equity_pct,21.695364238410598,32.142857142857146
GODREJCP,Mar 2015,FMCG,return_on_equity_pct,22.639758756668986,41.66666666666667
GODREJCP,Mar 2016,FMCG,return_on_equity_pct,19.475041012420906,26.190476190476193
GODREJCP,Mar 2017,FMCG,return_on_equity_pct,24.669935873255376,45.23809523809524
GODREJCP,Mar 2018,FMCG,return_on_equity_pct,26.110578459571748,50.0
GODREJCP,Mar 2019,FMCG,return_on_equity_pct,32.22787945507087,63.095238095238095
GODREJCP,Mar 2020,FMCG,return_on_equity_pct,18.95416561154723,23.809523809523807
GODREJCP,Mar 2021,FMCG,return_on_equity_pct,18.23286365081047,21.428571428571427
GODREJCP,Mar 2022,FMCG,return_on_equity_pct,15.429214260989962,17.857142857142858
GODREJCP,Mar 2023,FMCG,return_on_equity_pct,12.338697984630999,16.666666666666664
GODREJCP,Mar 2024,FMCG,return_on_equity_pct,-4.45308779171297,1.1904761904761905
GODREJCP,TTM,FMCG,return_on_equity_pct,,
HINDUNILVR,Mar 2013,FMCG,return_on_equity_pct,133.99650959860384,100.0
HINDUNILVR,Mar 2014,FMCG,return_on_equity_pct,111.84619734238055,96.42857142857143
HINDUNILVR,Mar 2015,FMCG,return_on_equity_pct,108.66650111745717,94.04761904761905
HINDUNILVR,Mar 2016,FMCG,return_on_equity_pct,63.15228966986155,83.33333333333334
HINDUNILVR,Mar 2017,FMCG,return_on_equity_pct,66.57769869513642,85.71428571428571
HINDUNILVR,Mar 2018,FMCG,return_on_equity_pct,71.78958934212334,86.90476190476191
HINDUNILVR,Mar 2019,FMCG,return_on_equity_pct,77.03063429515699,88.09523809523809
HINDUNILVR,Mar 2020,FMCG,return_on_equity_pct,82.09989063069631,89.28571428571429
HINDUNILVR,Mar 2021,FMCG,return_on_equity_pct,16.778537567646936,19.047619047619047
HINDUNILVR,Mar 2022,FMCG,return_on_equity_pct,18.12437577709382,20.238095238095237
HINDUNILVR,Mar 2023,FMCG,return_on_equity_pct,20.16340648854962,29.761904761904763
HINDUNILVR,Mar 2024,FMCG,return_on_equity_pct,20.074973642078955,28.57142857142857
HINDUNILVR,TTM,FMCG,return_on_equity_pct,,
ITC,Mar 2013,FMCG,return_on_equity_pct,33.26712151308403,66.66666666666666
ITC,Mar 2014,FMCG,return_on_equity_pct,33.04695818188493,65.47619047619048
ITC,Mar 2015,FMCG,return_on_equity_pct,30.813587093521555,59.523809523809526
ITC,Mar 2016,FMCG,return_on_equity_pct,22.261012183692596,39.285714285714285
ITC,Mar 2017,FMCG,return_on_equity_pct,22.57341693060134,40.476190476190474
ITC,Mar 2018,FMCG,return_on_equity_pct,21.88725956960579,34.523809523809526
ITC,Mar 2019,FMCG,return_on_equity_pct,21.70406317106576,33.33333333333333
ITC,Mar 2020,FMCG,return_on_equity_pct,23.88889740015014,44.047619047619044
ITC,Mar 2021,FMCG,return_on_equity_pct,22.17674449434106,38.095238095238095
ITC,Mar 2022,FMCG,return_on_equity_pct,24.822672324073334,46.42857142857143
ITC,Mar 2023,FMCG,return_on_equity_pct,28.16426867182416,54.761904761904766
ITC,Mar 2024,FMCG,return_on_equity_pct,27.851074395694365,53.57142857142857
ITC,TTM,FMCG,return_on_equity_pct,,
NESTLEIND,Dec 2013,FMCG,return_on_equity_pct,47.170608108108105,76.19047619047619
NESTLEIND,Dec 2014,FMCG,return_on_equity_pct,41.76947479732112,72.61904761904762
NESTLEIND,Dec 2015,FMCG,return_on_equity_pct,19.985800496982606,27.380952380952383
NESTLEIND,Dec 2016,FMCG,return_on_equity_pct,30.499695307739184,58.333333333333336
NESTLEIND,Dec 2017,FMCG,return_on_equity_pct,35.8187134502924,69.04761904761905
NESTLEIND,Dec 2018,FMCG,return_on_equity_pct,43.75170160631636,73.80952380952381
NESTLEIND,Dec 2019,FMCG,return_on_equity_pct,102.60688216892598,91.66666666666666
NESTLEIND,Dec 2020,FMCG,return_on_equity_pct,103.12035661218424,92.85714285714286
NESTLEIND,Dec 2021,FMCG,return_on_equity_pct,108.83864337101747,95.23809523809523
NESTLEIND,Dec 2022,FMCG,return_on_equity_pct,97.23464823098821,90.47619047619048
NESTLEIND,Dec 2023,FMCG,return_on_equity_pct,121.96014640097602,98.80952380952381
NESTLEIND,Mar 2024,FMCG,return_on_equity_pct,117.75449101796407,97.61904761904762
NESTLEIND,TTM,FMCG,return_on_equity_pct,,
TATACONSUM,Mar 2013,FMCG,return_on_equity_pct,9.251559251559252,15.476190476190476
TATACONSUM,Mar 2014,FMCG,return_on_equity_pct,8.719439220379552,14.285714285714285
TATACONSUM,Mar 2015,FMCG,return_on_equity_pct,4.96996176952485,4.761904761904762
TATACONSUM,Mar 2016,FMCG,return_on_equity_pct,-0.5922842964623019,2.380952380952381
TATACONSUM,Mar 2017,FMCG,return_on_equity_pct,7.262569832402235,9.523809523809524
TATACONSUM,Mar 2018,FMCG,return_on_equity_pct,7.907836723083488,11.904761904761903
TATACONSUM,Mar 2019,FMCG,return_on_equity_pct,6.232951445717403,5.952380952380952
TATACONSUM,Mar 2020,FMCG,return_on_equity_pct,3.329714078899747,3.571428571428571
TATACONSUM,Mar 2021,FMCG,return_on_equity_pct,6.398789046374019,7.142857142857142
TATACONSUM,Mar 2022,FMCG,return_on_equity_pct,6.703209615638621,8.333333333333332
TATACONSUM,Mar 2023,FMCG,return_on_equity_pct,8.109602506604412,13.095238095238097
TATACONSUM,Mar 2024,FMCG,return_on_equity_pct,7.566793298872766,10.714285714285714
TATACONSUM,TTM,FMCG,return_on_equity_pct,,
BRITANNIA,Mar 2013,FMCG,roce_calculated,44.882729211087415,63.095238095238095
BRITANNIA,Mar 2014,FMCG,roce_calculated,66.13924050632912,76.19047619047619
BRITANNIA,Mar 2015,FMCG,roce_calculated,62.589928057553955,75.0
BRITANNIA,Mar 2016,FMCG,roce_calculated,55.06072874493927,71.42857142857143
BRITANNIA,Mar 2017,FMCG,roce_calculated,45.30308401276143,64.28571428571429
BRITANNIA,Mar 2018,FMCG,roce_calculated,41.613529248683115,57.14285714285714
BRITANNIA,Mar 2019,FMCG,roce_calculated,39.283284191426624,55.952380952380956
BRITANNIA,Mar 2020,FMCG,roce_calculated,31.021713516243054,44.047619047619044
BRITANNIA,Mar 2021,FMCG,roce_calculated,44.25044091710759,60.71428571428571
BRITANNIA,Mar 2022,FMCG,roce_calculated,43.67930144870014,59.523809523809526
BRITANNIA,Mar 2023,FMCG,roce_calculated,43.3471137651202,58.333333333333336
BRITANNIA,Mar 2024,FMCG,roce_calculated,52.730602730602726,67.85714285714286
BRITANNIA,TTM,FMCG,roce_calculated,,
DABUR,Mar 2013,FMCG,roce_calculated,30.560690080098585,42.857142857142854
DABUR,Mar 2014,FMCG,roce_calculated,34.54221165279429,52.38095238095239
DABUR,Mar 2015,FMCG,roce_calculated,32.28962818003914,47.61904761904761
DABUR,Mar 2016,FMCG,roce_calculated,30.5064308681672,41.66666666666667
DABUR,Mar 2017,FMCG,roce_calculated,25.97045688766747,36.904761904761905
DABUR,Mar 2018,FMCG,roce_calculated,24.337748344370862,33.33333333333333
DABUR,Mar 2019,FMCG,roce_calculated,27.483809824672246,38.095238095238095
DABUR,Mar 2020,FMCG,roce_calculated,25.140291806958476,35.714285714285715
DABUR,Mar 2021,FMCG,roce_calculated,24.49528936742934,34.523809523809526
DABUR,Mar 2022,FMCG,roce_calculated,23.926901827454312,32.142857142857146
DABUR,Mar 2023,FMCG,roce_calculated,21.306790184290925,27.380952380952383
DABUR,Mar 2024,FMCG,roce_calculated,21.369423915946932,29.761904761904763
DABUR,TTM,FMCG,roce_calculated,,
GODREJCP,Mar 2013,FMCG,roce_calculated,17.247356560929102,16.666666666666664
GODREJCP,Mar 2014,FMCG,roce_calculated,19.014313597918022,21.428571428571427
GODREJCP,Mar 2015,FMCG,roce_calculated,19.621513944223107,22.61904761904762
GODREJCP,Mar 2016,FMCG,roce_calculated,23.14892428052529,30.952380952380953
GODREJCP,Mar 2017,FMCG,roce_calculated,20.498763839621628,25.0
GODREJCP,Mar 2018,FMCG,roce_calculated,21.339340569322136,28.57142857142857
GODREJCP,Mar 2019,FMCG,roce_calculated,20.02065921682787,23.809523809523807
GODREJCP,Mar 2020,FMCG,roce_calculated,18.7745140765275,20.238095238095237
GODREJCP,Mar 2021,FMCG,roce_calculated,21.224453684862425,26.190476190476193
GODREJCP,Mar 2022,FMCG,roce_calculated,18.167420814479637,17.857142857142858
GODREJCP,Mar 2023,FMCG,roce_calculated,16.369606003752345,15.476190476190476
GODREJCP,Mar 2024,FMCG,roce_calculated,18.691529709228824,19.047619047619047
GODREJCP,TTM,FMCG,roce_calculated,,
HINDUNILVR,Mar 2013,FMCG,roce_calculated,788.3737024221454,100.0
HINDUNILVR,Mar 2014,FMCG,roce_calculated,683.0867987719788,98.80952380952381
HINDUNILVR,Mar 2015,FMCG,roce_calculated,652.5798525798525,97.61904761904762
HINDUNILVR,Mar 2016,FMCG,roce_calculated,389.27407407407406,96.42857142857143
HINDUNILVR,Mar 2017,FMCG,roce_calculated,382.1962683378436,94.04761904761905
HINDUNILVR,Mar 2018,FMCG,roce_calculated,385.19434143661584,95.23809523809523
HINDUNILVR,Mar 2019,FMCG,roce_calculated,381.9984935977906,92.85714285714286
HINDUNILVR,Mar 2020,FMCG,roce_calculated,363.61647830842145,91.66666666666666
HINDUNILVR,Mar 2021,FMCG,roce_calculated,74.25850568444015,79.76190476190477
HINDUNILVR,Mar 2022,FMCG,roce_calculated,79.0136516046623,80.95238095238095
HINDUNILVR,Mar 2023,FMCG,roce_calculated,90.12091687207655,83.33333333333334
HINDUNILVR,Mar 2024,FMCG,roce_calculated,89.63037455884027,82.14285714285714
HINDUNILVR,TTM,FMCG,roce_calculated,,
ITC,Mar 2013,FMCG,roce_calculated,48.241616509028376,66.66666666666666
ITC,Mar 2014,FMCG,roce_calculated,47.599985443429524,65.47619047619048
ITC,Mar 2015,FMCG,roce_calculated,44.53054210279644,61.904761904761905
ITC,Mar 2016,FMCG,roce_calculated,33.97951548031054,51.19047619047619
ITC,Mar 2017,FMCG,roce_calculated,33.298176887147804,50.0
ITC,Mar 2018,FMCG,roce_calculated,31.4410231035664,46.42857142857143
ITC,Mar 2019,FMCG,roce_calculated,31.33684957906481,45.23809523809524
ITC,Mar 2020,FMCG,roce_calculated,29.510297482837526,40.476190476190474
ITC,Mar 2021,FMCG,roce_calculated,28.151704114289483,39.285714285714285
ITC,Mar 2022,FMCG,roce_calculated,32.88944883898954,48.80952380952381
ITC,Mar 2023,FMCG,roce_calculated,37.00493802277537,54.761904761904766
ITC,Mar 2024,FMCG,roce_calculated,35.06616762464911,53.57142857142857
ITC,TTM,FMCG,roce_calculated,,
NESTLEIND,Dec 2013,FMCG,roce_calculated,54.76525161653078,69.04761904761905
NESTLEIND,Dec 2014,FMCG,roce_calculated,71.36856842842143,78.57142857142857
NESTLEIND,Dec 2015,FMCG,roce_calculated,54.85008818342152,70.23809523809523
NESTLEIND,Dec 2016,FMCG,roce_calculated,55.80693815987934,72.61904761904762
NESTLEIND,Dec 2017,FMCG,roce_calculated,60.6946454413893,73.80952380952381
NESTLEIND,Dec 2018,FMCG,roce_calculated,70.60409924487594,77.38095238095238
NESTLEIND,Dec 2019,FMCG,roce_calculated,138.8704318936877,85.71428571428571
NESTLEIND,Dec 2020,FMCG,roce_calculated,147.83010156971378,86.90476190476191
NESTLEIND,Dec 2021,FMCG,roce_calculated,161.03074141048825,89.28571428571429
NESTLEIND,Dec 2022,FMCG,roce_calculated,135.75091575091577,84.52380952380952
NESTLEIND,Dec 2023,FMCG,roce_calculated,163.77289377289378,90.47619047619048
NESTLEIND,Mar 2024,FMCG,roce_calculated,157.74762550881954,88.09523809523809
NESTLEIND,TTM,FMCG,roce_calculated,,
TATACONSUM,Mar 2013,FMCG,roce_calculated,12.421358283594127,14.285714285714285
TATACONSUM,Mar 2014,FMCG,roce_calculated,10.319747495540003,5.952380952380952
TATACONSUM,Mar 2015,FMCG,roce_calculated,11.61801378905677,11.904761904761903
TATACONSUM,Mar 2016,FMCG,roce_calculated,4.815155900539403,1.1904761904761905
TATACONSUM,Mar 2017,FMCG,roce_calculated,11.216676120249575,10.714285714285714
TATACONSUM,Mar 2018,FMCG,roce_calculated,10.359303617730584,7.142857142857142
TATACONSUM,Mar 2019,FMCG,roce_calculated,9.276525433730674,3.571428571428571
TATACONSUM,Mar 2020,FMCG,roce_calculated,8.389065645087982,2.380952380952381
TATACONSUM,Mar 2021,FMCG,roce_calculated,9.549727857496288,4.761904761904762
TATACONSUM,Mar 2022,FMCG,roce_calculated,10.384197172888728,9.523809523809524
TATACONSUM,Mar 2023,FMCG,roce_calculated,10.38205515466801,8.333333333333332
TATACONSUM,Mar 2024,FMCG,roce_calculated,11.692433705334288,13.095238095238097
TATACONSUM,TTM,FMCG,roce_calculated,,
BRITANNIA,Mar 2013,FMCG,operating_profit_margin_pct,6.806790622473727,2.197802197802198
BRITANNIA,Mar 2014,FMCG,operating_profit_margin_pct,9.069868363951974,3.296703296703297
BRITANNIA,Mar 2015,FMCG,operating_profit_margin_pct,11.071519470603207,8.791208791208792
BRITANNIA,Mar 2016,FMCG,operating_profit_margin_pct,14.576634512325832,17.582417582417584
BRITANNIA,Mar 2017,FMCG,operating_profit_margin_pct,14.115308151093439,16.483516483516482
BRITANNIA,Mar 2018,FMCG,operating_profit_margin_pct,15.14020576961872,19.78021978021978
BRITANNIA,Mar 2019,FMCG,operating_profit_margin_pct,15.66711895070104,25.274725274725274
BRITANNIA,Mar 2020,FMCG,operating_profit_margin_pct,15.887931034482758,26.373626373626376
BRITANNIA,Mar 2021,FMCG,operating_profit_margin_pct,19.10018270401949,39.56043956043956
BRITANNIA,Mar 2022,FMCG,operating_profit_margin_pct,15.570175438596493,24.175824175824175
BRITANNIA,Mar 2023,FMCG,operating_profit_margin_pct,17.36703269738053,31.868131868131865
BRITANNIA,Mar 2024,FMCG,operating_profit_margin_pct,18.886039716142882,37.362637362637365
BRITANNIA,TTM,FMCG,operating_profit_margin_pct,18.186035722570168,32.967032967032964
DABUR,Mar 2013,FMCG,operating_profit_margin_pct,16.156351791530945,27.472527472527474
DABUR,Mar 2014,FMCG,operating_profit_margin_pct,16.463587418532164,28.57142857142857
DABUR,Mar 2015,FMCG,operating_profit_margin_pct,16.93393200769724,30.76923076923077
DABUR,Mar 2016,FMCG,operating_profit_margin_pct,19.511568123393317,41.75824175824176
DABUR,Mar 2017,FMCG,operating_profit_margin_pct,19.858156028368796,45.05494505494506
DABUR,Mar 2018,FMCG,operating_profit_margin_pct,20.94017094017094,54.94505494505495
DABUR,Mar 2019,FMCG,operating_profit_margin_pct,20.434527304756312,47.25274725274725
DABUR,Mar 2020,FMCG,operating_profit_margin_pct,20.63327576280944,49.45054945054945
DABUR,Mar 2021,FMCG,operating_profit_margin_pct,20.937042459736457,53.84615384615385
DABUR,Mar 2022,FMCG,operating_profit_margin_pct,20.681421618146754,51.64835164835166
DABUR,Mar 2023,FMCG,operating_profit_margin_pct,18.751084128360798,35.16483516483517
DABUR,Mar 2024,FMCG,operating_profit_margin_pct,19.348597226701063,40.65934065934066
DABUR,TTM,FMCG,operating_profit_margin_pct,18.807744838113603,36.26373626373626
GODREJCP,Mar 2013,FMCG,operating_profit_margin_pct,15.517779164067374,23.076923076923077
GODREJCP,Mar 2014,FMCG,operating_profit_margin_pct,15.383603105671797,21.978021978021978
GODREJCP,Mar 2015,FMCG,operating_profit_margin_pct,16.66868125226641,29.67032967032967
GODREJCP,Mar 2016,FMCG,operating_profit_margin_pct,19.669990503323838,43.956043956043956
GODREJCP,Mar 2017,FMCG,operating_profit_margin_pct,20.576176089771256,48.35164835164835
GODREJCP,Mar 2018,FMCG,operating_profit_margin_pct,21.163806235401644,58.24175824175825
GODREJCP,Mar 2019,FMCG,operating_profit_margin_pct,20.67093271281753,50.54945054945055
GODREJCP,Mar 2020,FMCG,operating_profit_margin_pct,21.733427504792655,61.53846153846154
GODREJCP,Mar 2021,FMCG,operating_profit_margin_pct,21.751745398494876,62.637362637362635
GODREJCP,Mar 2022,FMCG,operating_profit_margin_pct,19.623655913978492,42.857142857142854
GODREJCP,Mar 2023,FMCG,operating_profit_margin_pct,18.34635025533193,34.065934065934066
GODREJCP,Mar 2024,FMCG,operating_profit_margin_pct,20.977582292849036,57.14285714285714
GODREJCP,TTM,FMCG,operating_profit_margin_pct,21.17015262860373,59.34065934065934
HINDUNILVR,Mar 2013,FMCG,operating_profit_margin_pct,4220.0,86.81318681318682
HINDUNILVR,Mar 2014,FMCG,operating_profit_margin_pct,4759.0,87.91208791208791
HINDUNILVR,Mar 2015,FMCG,operating_profit_margin_pct,5412.0,89.01098901098901
HINDUNILVR,Mar 2016,FMCG,operating_profit_margin_pct,5910.0,90.10989010989012
HINDUNILVR,Mar 2017,FMCG,operating_profit_margin_pct,6328.0,91.20879120879121
HINDUNILVR,Mar 2018,FMCG,operating_profit_margin_pct,7499.0,92.3076923076923
HINDUNILVR,Mar 2019,FMCG,operating_profit_margin_pct,8880.0,93.4065934065934
HINDUNILVR,Mar 2020,FMCG,operating_profit_margin_pct,9861.0,94.5054945054945
HINDUNILVR,Mar 2021,FMCG,operating_profit_margin_pct,11626.0,95.6043956043956
HINDUNILVR,Mar 2022,FMCG,operating_profit_margin_pct,12857.0,96.7032967032967
HINDUNILVR,Mar 2023,FMCG,operating_profit_margin_pct,14147.0,97.8021978021978
HINDUNILVR,Mar 2024,FMCG,operating_profit_margin_pct,14659.0,98.9010989010989
HINDUNILVR,TTM,FMCG,operating_profit_margin_pct,14759.0,100.0
ITC,Mar 2013,FMCG,operating_profit_margin_pct,35.48927825921943,75.82417582417582
ITC,Mar 2014,FMCG,operating_profit_margin_pct,37.04752733246474,81.31868131868131
ITC,Mar 2015,FMCG,operating_profit_margin_pct,36.715871911791226,79.12087912087912
ITC,Mar 2016,FMCG,operating_profit_margin_pct,37.07644417228006,82.41758241758241
ITC,Mar 2017,FMCG,operating_profit_margin_pct,36.171904227459784,76.92307692307693
ITC,Mar 2018,FMCG,operating_profit_margin_pct,38.02389007802251,83.51648351648352
ITC,Mar 2019,FMCG,operating_profit_margin_pct,38.347124534546964,84.61538461538461
ITC,Mar 2020,FMCG,operating_profit_margin_pct,39.16740908722767,85.71428571428571
ITC,Mar 2021,FMCG,operating_profit_margin_pct,34.64482205574842,73.62637362637363
ITC,Mar 2022,FMCG,operating_profit_margin_pct,34.00610108005606,72.52747252747253
ITC,Mar 2023,FMCG,operating_profit_margin_pct,36.24416587938352,78.02197802197803
ITC,Mar 2024,FMCG,operating_profit_margin_pct,37.0177518132814,80.21978021978022
ITC,TTM,FMCG,operating_profit_margin_pct,35.456178878019564,74.72527472527473
NESTLEIND,Dec 2013,FMCG,operating_profit_margin_pct,21.404241292165697,60.43956043956044
NESTLEIND,Dec 2014,FMCG,operating_profit_margin_pct,20.690005073566716,52.74725274725275
NESTLEIND,Dec 2015,FMCG,operating_profit_margin_pct,19.021406727828747,38.46153846153847
NESTLEIND,Dec 2016,FMCG,operating_profit_margin_pct,20.238485942457064,46.15384615384615
NESTLEIND,Dec 2017,FMCG,operating_profit_margin_pct,20.94905094905095,56.043956043956044
NESTLEIND,Dec 2018,FMCG,operating_profit_margin_pct,23.18455543747786,64.83516483516483
NESTLEIND,Dec 2019,FMCG,operating_profit_margin_pct,23.655913978494624,67.03296703296702
NESTLEIND,Dec 2020,FMCG,operating_profit_margin_pct,23.98501872659176,70.32967032967034
NESTLEIND,Dec 2021,FMCG,operating_profit_margin_pct,24.163896614883658,71.42857142857143
NESTLEIND,Dec 2022,FMCG,operating_profit_margin_pct,21.932887494821564,63.73626373626373
NESTLEIND,Dec 2023,FMCG,operating_profit_margin_pct,23.376555474223572,65.93406593406593
NESTLEIND,Mar 2024,FMCG,operating_profit_margin_pct,23.829630236943512,68.13186813186813
NESTLEIND,TTM,FMCG,operating_profit_margin_pct,23.88557565955726,69.23076923076923
TATACONSUM,Mar 2013,FMCG,operating_profit_margin_pct,10.474765338049245,6.593406593406594
TATACONSUM,Mar 2014,FMCG,operating_profit_margin_pct,9.7182734556733,4.395604395604396
TATACONSUM,Mar 2015,FMCG,operating_profit_margin_pct,9.908670086325534,5.4945054945054945
TATACONSUM,Mar 2016,FMCG,operating_profit_margin_pct,5.514539701672443,1.098901098901099
TATACONSUM,Mar 2017,FMCG,operating_profit_margin_pct,11.666666666666666,9.89010989010989
TATACONSUM,Mar 2018,FMCG,operating_profit_margin_pct,12.311078503301541,10.989010989010989
TATACONSUM,Mar 2019,FMCG,operating_profit_margin_pct,10.83838940981798,7.6923076923076925
TATACONSUM,Mar 2020,FMCG,operating_profit_margin_pct,13.406661824219155,13.186813186813188
TATACONSUM,Mar 2021,FMCG,operating_profit_margin_pct,13.308050336148941,12.087912087912088
TATACONSUM,Mar 2022,FMCG,operating_profit_margin_pct,13.835010060362174,15.384615384615385
TATACONSUM,Mar 2023,FMCG,operating_profit_margin_pct,13.465863745193355,14.285714285714285
TATACONSUM,Mar 2024,FMCG,operating_profit_margin_pct,15.020386689464685,18.681318681318682
TATACONSUM,TTM,FMCG,operating_profit_margin_pct,15.315702276492607,20.87912087912088
BRITANNIA,Mar 2013,FMCG,net_profit_margin_pct,4.203718674211803,5.4945054945054945
BRITANNIA,Mar 2014,FMCG,net_profit_margin_pct,5.713872414291914,7.6923076923076925
BRITANNIA,Mar 2015,FMCG,net_profit_margin_pct,8.768134385339781,19.78021978021978
BRITANNIA,Mar 2016,FMCG,net_profit_margin_pct,9.824937477670597,23.076923076923077
BRITANNIA,Mar 2017,FMCG,net_profit_margin_pct,9.774685222001326,21.978021978021978
BRITANNIA,Mar 2018,FMCG,net_profit_margin_pct,10.127092999798265,25.274725274725274
BRITANNIA,Mar 2019,FMCG,net_profit_margin_pct,10.44776119402985,26.373626373626376
BRITANNIA,Mar 2020,FMCG,net_profit_margin_pct,12.017241379310345,31.868131868131865
BRITANNIA,Mar 2021,FMCG,net_profit_margin_pct,14.091047503045068,48.35164835164835
BRITANNIA,Mar 2022,FMCG,net_profit_margin_pct,10.724391624221845,27.472527472527474
BRITANNIA,Mar 2023,FMCG,net_profit_margin_pct,14.207717317955954,52.74725274725275
BRITANNIA,Mar 2024,FMCG,net_profit_margin_pct,12.725863199952292,38.46153846153847
BRITANNIA,TTM,FMCG,net_profit_margin_pct,12.346323358849455,36.26373626373626
DABUR,Mar 2013,FMCG,net_profit_margin_pct,12.47557003257329,37.362637362637365
DABUR,Mar 2014,FMCG,net_profit_margin_pct,12.978180787758573,41.75824175824176
DABUR,Mar 2015,FMCG,net_profit_margin_pct,13.701090442591404,47.25274725274725
DABUR,Mar 2016,FMCG,net_profit_margin_pct,16.118251928020566,69.23076923076923
DABUR,Mar 2017,FMCG,net_profit_margin_pct,16.811137378513266,76.92307692307693
DABUR,Mar 2018,FMCG,net_profit_margin_pct,17.586117586117584,83.51648351648352
DABUR,Mar 2019,FMCG,net_profit_margin_pct,16.981796829125074,79.12087912087912
DABUR,Mar 2020,FMCG,net_profit_margin_pct,16.672423719055843,73.62637362637363
DABUR,Mar 2021,FMCG,net_profit_margin_pct,17.72641706755909,84.61538461538461
DABUR,Mar 2022,FMCG,net_profit_margin_pct,15.997795940857745,68.13186813186813
DABUR,Mar 2023,FMCG,net_profit_margin_pct,14.752818733738074,60.43956043956044
DABUR,Mar 2024,FMCG,net_profit_margin_pct,14.600128990648178,58.24175824175825
DABUR,TTM,FMCG,net_profit_margin_pct,14.139953402426286,50.54945054945055
GODREJCP,Mar 2013,FMCG,net_profit_margin_pct,13.178415470991892,42.857142857142854
GODREJCP,Mar 2014,FMCG,net_profit_margin_pct,10.777733912356888,28.57142857142857
GODREJCP,Mar 2015,FMCG,net_profit_margin_pct,11.797413272089932,30.76923076923077
GODREJCP,Mar 2016,FMCG,net_profit_margin_pct,9.864672364672366,24.175824175824175
GODREJCP,Mar 2017,FMCG,net_profit_margin_pct,14.113077255071213,49.45054945054945
GODREJCP,Mar 2018,FMCG,net_profit_margin_pct,16.593886462882097,71.42857142857143
GODREJCP,Mar 2019,FMCG,net_profit_margin_pct,22.70700019391119,85.71428571428571
GODREJCP,Mar 2020,FMCG,net_profit_margin_pct,15.104429421854505,61.53846153846154
GODREJCP,Mar 2021,FMCG,net_profit_margin_pct,15.604315894460061,64.83516483516483
GODREJCP,Mar 2022,FMCG,net_profit_margin_pct,14.524275008145976,57.14285714285714
GODREJCP,Mar 2023,FMCG,net_profit_margin_pct,12.781616100931211,39.56043956043956
GODREJCP,Mar 2024,FMCG,net_profit_margin_pct,-3.9798524404086266,1.098901098901099
GODREJCP,TTM,FMCG,net_profit_margin_pct,-3.2009609949123803,2.197802197802198
HINDUNILVR,Mar 2013,FMCG,net_profit_margin_pct,14.216412383350615,53.84615384615385
HINDUNILVR,Mar 2014,FMCG,net_profit_margin_pct,13.532188547581583,43.956043956043956
HINDUNILVR,Mar 2015,FMCG,net_profit_margin_pct,13.68697610409108,46.15384615384615
HINDUNILVR,Mar 2016,FMCG,net_profit_margin_pct,12.896911700739452,40.65934065934066
HINDUNILVR,Mar 2017,FMCG,net_profit_margin_pct,13.539593510644716,45.05494505494506
HINDUNILVR,Mar 2018,FMCG,net_profit_margin_pct,14.705303136868759,59.34065934065934
HINDUNILVR,Mar 2019,FMCG,net_profit_margin_pct,15.41592470109387,62.637362637362635
HINDUNILVR,Mar 2020,FMCG,net_profit_margin_pct,16.982128044642185,80.21978021978022
HINDUNILVR,Mar 2021,FMCG,net_profit_margin_pct,17.00901590541805,81.31868131868131
HINDUNILVR,Mar 2022,FMCG,net_profit_margin_pct,16.954581855622926,78.02197802197803
HINDUNILVR,Mar 2023,FMCG,net_profit_margin_pct,16.743149554308353,74.72527472527473
HINDUNILVR,Mar 2024,FMCG,net_profit_margin_pct,16.611735814915342,72.52747252747253
HINDUNILVR,TTM,FMCG,net_profit_margin_pct,17.16697786501971,82.41758241758241
ITC,Mar 2013,FMCG,net_profit_margin_pct,24.36586754380416,87.91208791208791
ITC,Mar 2014,FMCG,net_profit_margin_pct,25.49425026907608,91.20879120879121
ITC,Mar 2015,FMCG,net_profit_margin_pct,25.192570265605273,90.10989010989012
ITC,Mar 2016,FMCG,net_profit_margin_pct,24.242192284139623,86.81318681318682
ITC,Mar 2017,FMCG,net_profit_margin_pct,24.497287691732136,89.01098901098901
ITC,Mar 2018,FMCG,net_profit_margin_pct,26.45170199544293,93.4065934065934
ITC,Mar 2019,FMCG,net_profit_margin_pct,26.553578816714936,94.5054945054945
ITC,Mar 2020,FMCG,net_profit_margin_pct,31.57244674819794,100.0
ITC,Mar 2021,FMCG,net_profit_margin_pct,27.16974237164261,95.6043956043956
ITC,Mar 2022,FMCG,net_profit_margin_pct,25.563525434908072,92.3076923076923
ITC,Mar 2023,FMCG,net_profit_margin_pct,27.463726222873987,96.7032967032967
ITC,Mar 2024,FMCG,net_profit_margin_pct,29.282025230717128,98.9010989010989
ITC,TTM,FMCG,net_profit_margin_pct,27.722100219604712,97.8021978021978
NESTLEIND,Dec 2013,FMCG,net_profit_margin_pct,12.27337655202725,35.16483516483517
NESTLEIND,Dec 2014,FMCG,net_profit_margin_pct,12.02435312024353,32.967032967032964
NESTLEIND,Dec 2015,FMCG,net_profit_margin_pct,6.886850152905198,13.186813186813188
NESTLEIND,Dec 2016,FMCG,net_profit_margin_pct,10.95066185318893,29.67032967032967
NESTLEIND,Dec 2017,FMCG,net_profit_margin_pct,12.237762237762238,34.065934065934066
NESTLEIND,Dec 2018,FMCG,net_profit_margin_pct,14.231314204746722,54.94505494505495
NESTLEIND,Dec 2019,FMCG,net_profit_margin_pct,15.910744603444094,67.03296703296702
NESTLEIND,Dec 2020,FMCG,net_profit_margin_pct,15.595505617977528,63.73626373626373
NESTLEIND,Dec 2021,FMCG,net_profit_margin_pct,14.368089003459739,56.043956043956044
NESTLEIND,Dec 2022,FMCG,net_profit_margin_pct,14.150440906669823,51.64835164835166
NESTLEIND,Dec 2023,FMCG,net_profit_margin_pct,15.680225870542715,65.93406593406593
NESTLEIND,Mar 2024,FMCG,net_profit_margin_pct,16.12281708616873,70.32967032967034
NESTLEIND,TTM,FMCG,net_profit_margin_pct,16.794703325583747,75.82417582417582
TATACONSUM,Mar 2013,FMCG,net_profit_margin_pct,6.0535981499115765,8.791208791208792
TATACONSUM,Mar 2014,FMCG,net_profit_margin_pct,6.590850348927371,10.989010989010989
TATACONSUM,Mar 2015,FMCG,net_profit_margin_pct,3.415488552483423,4.395604395604396
TATACONSUM,Mar 2016,FMCG,net_profit_margin_pct,-0.5574807895133344,3.296703296703297
TATACONSUM,Mar 2017,FMCG,net_profit_margin_pct,6.710914454277287,12.087912087912088
TATACONSUM,Mar 2018,FMCG,net_profit_margin_pct,8.158473954512106,17.582417582417584
TATACONSUM,Mar 2019,FMCG,net_profit_margin_pct,6.301709873138445,9.89010989010989
TATACONSUM,Mar 2020,FMCG,net_profit_margin_pct,4.77326968973747,6.593406593406594
TATACONSUM,Mar 2021,FMCG,net_profit_margin_pct,8.015859334597483,16.483516483516482
TATACONSUM,Mar 2022,FMCG,net_profit_margin_pct,8.169014084507042,18.681318681318682
TATACONSUM,Mar 2023,FMCG,net_profit_margin_pct,9.577015163607342,20.87912087912088
TATACONSUM,Mar 2024,FMCG,net_profit_margin_pct,7.9902669998684726,15.384615384615385
TATACONSUM,TTM,FMCG,net_profit_margin_pct,7.1792354421059095,14.285714285714285
BRITANNIA,Mar 2013,FMCG,debt_to_equity,0.6810035842293907,4.761904761904767
BRITANNIA,Mar 2014,FMCG,debt_to_equity,0.18796992481203006,32.14285714285714
BRITANNIA,Mar 2015,FMCG,debt_to_equity,0.11646586345381527,45.238095238095234
BRITANNIA,Mar 2016,FMCG,debt_to_equity,0.06261950286806883,60.71428571428572
BRITANNIA,Mar 2017,FMCG,debt_to_equity,0.046364985163204746,63.095238095238095
BRITANNIA,Mar 2018,FMCG,debt_to_equity,0.05901350557839107,61.904761904761905
BRITANNIA,Mar 2019,FMCG,debt_to_equity,0.03667999059487421,65.47619047619048
BRITANNIA,Mar 2020,FMCG,debt_to_equity,0.3493072904837611,17.85714285714286
BRITANNIA,Mar 2021,FMCG,debt_to_equity,0.5980834272829764,9.523809523809524
BRITANNIA,Mar 2022,FMCG,debt_to_equity,0.9698983580922595,0.0
BRITANNIA,Mar 2023,FMCG,debt_to_equity,0.8480475382003395,1.1904761904761862
BRITANNIA,Mar 2024,FMCG,debt_to_equity,0.5239786856127886,13.095238095238093
BRITANNIA,TTM,FMCG,debt_to_equity,,
DABUR,Mar 2013,FMCG,debt_to_equity,0.5494033412887828,11.904761904761907
DABUR,Mar 2014,FMCG,debt_to_equity,0.26656626506024095,20.238095238095234
DABUR,Mar 2015,FMCG,debt_to_equity,0.21884317233154443,25.0
DABUR,Mar 2016,FMCG,debt_to_equity,0.19299928074802206,30.952380952380953
DABUR,Mar 2017,FMCG,debt_to_equity,0.20115535382710956,28.57142857142857
DABUR,Mar 2018,FMCG,debt_to_equity,0.16438836312653346,33.333333333333336
DABUR,Mar 2019,FMCG,debt_to_equity,0.12411221590909091,42.85714285714286
DABUR,Mar 2020,FMCG,debt_to_equity,0.07901907356948229,57.14285714285714
DABUR,Mar 2021,FMCG,debt_to_equity,0.06641440501043841,59.523809523809526
DABUR,Mar 2022,FMCG,debt_to_equity,0.12288236697685516,44.047619047619044
DABUR,Mar 2023,FMCG,debt_to_equity,0.13083695531037556,40.476190476190474
DABUR,Mar 2024,FMCG,debt_to_equity,0.13835394283397526,38.095238095238095
DABUR,TTM,FMCG,debt_to_equity,,
GODREJCP,Mar 2013,FMCG,debt_to_equity,0.7413220645940235,3.57142857142857
GODREJCP,Mar 2014,FMCG,debt_to_equity,0.6286092715231788,8.333333333333337
GODREJCP,Mar 2015,FMCG,debt_to_equity,0.6302482022732545,7.14285714285714
GODREJCP,Mar 2016,FMCG,debt_to_equity,0.67752519334427,5.952380952380953
GODREJCP,Mar 2017,FMCG,debt_to_equity,0.7546208977744248,2.3809523809523836
GODREJCP,Mar 2018,FMCG,debt_to_equity,0.5605624800255673,10.71428571428571
GODREJCP,Mar 2019,FMCG,debt_to_equity,0.4653914958029448,15.476190476190476
GODREJCP,Mar 2020,FMCG,debt_to_equity,0.45264623955431754,16.666666666666664
GODREJCP,Mar 2021,FMCG,debt_to_equity,0.1974785464561924,29.761904761904766
GODREJCP,Mar 2022,FMCG,debt_to_equity,0.1474558670820353,36.904761904761905
GODREJCP,Mar 2023,FMCG,debt_to_equity,0.08191967522111063,55.952380952380956
GODREJCP,Mar 2024,FMCG,debt_to_equity,0.2557548817272583,21.42857142857143
GODREJCP,TTM,FMCG,debt_to_equity,,
HINDUNILVR,Mar 2013,FMCG,debt_to_equity,0.008726003490401396,79.76190476190477
HINDUNILVR,Mar 2014,FMCG,debt_to_equity,0.013005371783997738,71.42857142857143
HINDUNILVR,Mar 2015,FMCG,debt_to_equity,0.010677924012912838,73.80952380952381
HINDUNILVR,Mar 2016,FMCG,debt_to_equity,0.026928343222272933,67.85714285714286
HINDUNILVR,Mar 2017,FMCG,debt_to_equity,0.041073546856465006,64.28571428571428
HINDUNILVR,Mar 2018,FMCG,debt_to_equity,0.0,97.61904761904762
HINDUNILVR,Mar 2019,FMCG,debt_to_equity,0.01258421253336723,72.61904761904762
HINDUNILVR,Mar 2020,FMCG,debt_to_equity,0.0,97.61904761904762
HINDUNILVR,Mar 2021,FMCG,debt_to_equity,0.0,97.61904761904762
HINDUNILVR,Mar 2022,FMCG,debt_to_equity,0.02125924869040582,70.23809523809523
HINDUNILVR,Mar 2023,FMCG,debt_to_equity,0.024232665394402036,69.04761904761905
HINDUNILVR,Mar 2024,FMCG,debt_to_equity,0.028974188761763442,66.66666666666667
HINDUNILVR,TTM,FMCG,debt_to_equity,,
ITC,Mar 2013,FMCG,debt_to_equity,0.0044045254339753,86.90476190476191
ITC,Mar 2014,FMCG,debt_to_equity,0.00888497264750156,78.57142857142857
ITC,Mar 2015,FMCG,debt_to_equity,0.008476178472397277,80.95238095238095
ITC,Mar 2016,FMCG,debt_to_equity,0.0019681349578256793,91.66666666666666
ITC,Mar 2017,FMCG,debt_to_equity,0.0009911016310085537,92.85714285714286
ITC,Mar 2018,FMCG,debt_to_equity,0.0006855836983431727,94.04761904761905
ITC,Mar 2019,FMCG,debt_to_equity,0.00021981366564650582,95.23809523809523
ITC,Mar 2020,FMCG,debt_to_equity,0.004243714859130115,88.09523809523809
ITC,Mar 2021,FMCG,debt_to_equity,0.004490695477819941,84.52380952380952
ITC,Mar 2022,FMCG,debt_to_equity,0.003986870546793691,90.47619047619048
ITC,Mar 2023,FMCG,debt_to_equity,0.004424842744559323,85.71428571428572
ITC,Mar 2024,FMCG,debt_to_equity,0.004066731984914169,89.28571428571429
ITC,TTM,FMCG,debt_to_equity,,
NESTLEIND,Dec 2013,FMCG,debt_to_equity,0.5021114864864865,14.28571428571429
NESTLEIND,Dec 2014,FMCG,debt_to_equity,0.007049700387733521,82.14285714285714
NESTLEIND,Dec 2015,FMCG,debt_to_equity,0.006389776357827476,83.33333333333334
NESTLEIND,Dec 2016,FMCG,debt_to_equity,0.010054844606946984,76.19047619047619
NESTLEIND,Dec 2017,FMCG,debt_to_equity,0.01023391812865497,75.0
NESTLEIND,Dec 2018,FMCG,debt_to_equity,0.00952899537163082,77.38095238095238
NESTLEIND,Dec 2019,FMCG,debt_to_equity,0.09854014598540146,52.38095238095239
NESTLEIND,Dec 2020,FMCG,debt_to_equity,0.07280832095096583,58.33333333333333
NESTLEIND,Dec 2021,FMCG,debt_to_equity,0.1366906474820144,39.28571428571429
NESTLEIND,Dec 2022,FMCG,debt_to_equity,0.11020740138267589,49.404761904761905
NESTLEIND,Dec 2023,FMCG,debt_to_equity,0.11020740138267589,49.404761904761905
NESTLEIND,Mar 2024,FMCG,debt_to_equity,0.10329341317365269,51.19047619047619
NESTLEIND,TTM,FMCG,debt_to_equity,,
TATACONSUM,Mar 2013,FMCG,debt_to_equity,0.28877338877338876,19.047619047619047
TATACONSUM,Mar 2014,FMCG,debt_to_equity,0.24585399213540776,22.619047619047617
TATACONSUM,Mar 2015,FMCG,debt_to_equity,0.24103404332787184,23.809523809523814
TATACONSUM,Mar 2016,FMCG,debt_to_equity,0.21674403713782617,26.190476190476186
TATACONSUM,Mar 2017,FMCG,debt_to_equity,0.12561851556264964,41.666666666666664
TATACONSUM,Mar 2018,FMCG,debt_to_equity,0.1518987341772152,35.71428571428571
TATACONSUM,Mar 2019,FMCG,debt_to_equity,0.15561920349154393,34.523809523809526
TATACONSUM,Mar 2020,FMCG,debt_to_equity,0.11480275063336953,46.42857142857143
TATACONSUM,Mar 2021,FMCG,debt_to_equity,0.11242603550295859,47.61904761904761
TATACONSUM,Mar 2022,FMCG,debt_to_equity,0.09325056135252939,54.761904761904766
TATACONSUM,Mar 2023,FMCG,debt_to_equity,0.09829821220126558,53.57142857142857
TATACONSUM,Mar 2024,FMCG,debt_to_equity,0.21654107242947002,27.380952380952383
TATACONSUM,TTM,FMCG,debt_to_equity,,
BRITANNIA,Mar 2013,FMCG,interest_coverage,10.268292682926829,13.186813186813188
BRITANNIA,Mar 2014,FMCG,interest_coverage,78.375,72.52747252747253
BRITANNIA,Mar 2015,FMCG,interest_coverage,217.5,86.81318681318682
BRITANNIA,Mar 2016,FMCG,interest_coverage,244.8,89.01098901098901
BRITANNIA,Mar 2017,FMCG,interest_coverage,255.6,90.10989010989012
BRITANNIA,Mar 2018,FMCG,interest_coverage,187.625,83.51648351648352
BRITANNIA,Mar 2019,FMCG,interest_coverage,192.44444444444446,84.61538461538461
BRITANNIA,Mar 2020,FMCG,interest_coverage,23.935064935064936,48.35164835164835
BRITANNIA,Mar 2021,FMCG,interest_coverage,22.603603603603602,42.857142857142854
BRITANNIA,Mar 2022,FMCG,interest_coverage,15.284722222222221,21.978021978021978
BRITANNIA,Mar 2023,FMCG,interest_coverage,16.75147928994083,25.274725274725274
BRITANNIA,Mar 2024,FMCG,interest_coverage,19.3109756097561,31.868131868131865
BRITANNIA,TTM,FMCG,interest_coverage,25.917355371900825,49.45054945054945
DABUR,Mar 2013,FMCG,interest_coverage,16.8135593220339,26.373626373626376
DABUR,Mar 2014,FMCG,interest_coverage,21.51851851851852,41.75824175824176
DABUR,Mar 2015,FMCG,interest_coverage,33.0,59.34065934065934
DABUR,Mar 2016,FMCG,interest_coverage,31.625,57.14285714285714
DABUR,Mar 2017,FMCG,interest_coverage,28.0,52.74725274725275
DABUR,Mar 2018,FMCG,interest_coverage,30.50943396226415,54.94505494505495
DABUR,Mar 2019,FMCG,interest_coverage,29.0,53.84615384615385
DABUR,Mar 2020,FMCG,interest_coverage,35.84,60.43956043956044
DABUR,Mar 2021,FMCG,interest_coverage,64.58064516129032,70.32967032967034
DABUR,Mar 2022,FMCG,interest_coverage,57.743589743589745,68.13186813186813
DABUR,Mar 2023,FMCG,interest_coverage,27.71794871794872,51.64835164835166
DABUR,Mar 2024,FMCG,interest_coverage,19.35483870967742,32.967032967032964
DABUR,TTM,FMCG,interest_coverage,15.401315789473685,23.076923076923077
GODREJCP,Mar 2013,FMCG,interest_coverage,11.436781609195402,14.285714285714285
GODREJCP,Mar 2014,FMCG,interest_coverage,9.741666666666667,10.989010989010989
GODREJCP,Mar 2015,FMCG,interest_coverage,12.3125,16.483516483516482
GODREJCP,Mar 2016,FMCG,interest_coverage,12.9453125,18.681318681318682
GODREJCP,Mar 2017,FMCG,interest_coverage,12.383116883116884,17.582417582417584
GODREJCP,Mar 2018,FMCG,interest_coverage,12.046242774566474,15.384615384615385
GODREJCP,Mar 2019,FMCG,interest_coverage,8.957983193277311,4.395604395604396
GODREJCP,Mar 2020,FMCG,interest_coverage,9.447368421052632,7.6923076923076925
GODREJCP,Mar 2021,FMCG,interest_coverage,17.384057971014492,27.472527472527474
GODREJCP,Mar 2022,FMCG,interest_coverage,19.74590163934426,35.16483516483517
GODREJCP,Mar 2023,FMCG,interest_coverage,12.99468085106383,19.78021978021978
GODREJCP,Mar 2024,FMCG,interest_coverage,9.538709677419355,8.791208791208792
GODREJCP,TTM,FMCG,interest_coverage,8.837758112094395,3.296703296703297
HINDUNILVR,Mar 2013,FMCG,interest_coverage,20.288512911843277,37.362637362637365
HINDUNILVR,Mar 2014,FMCG,interest_coverage,30.90277777777778,56.043956043956044
HINDUNILVR,Mar 2015,FMCG,interest_coverage,21.299117882919006,40.65934065934066
HINDUNILVR,Mar 2016,FMCG,interest_coverage,54.065843621399175,67.03296703296702
HINDUNILVR,Mar 2017,FMCG,interest_coverage,44.28052805280528,64.83516483516483
HINDUNILVR,Mar 2018,FMCG,interest_coverage,79.45042492917847,73.62637362637363
HINDUNILVR,Mar 2019,FMCG,interest_coverage,94.5031055900621,74.72527472527473
HINDUNILVR,Mar 2020,FMCG,interest_coverage,70.57075471698113,71.42857142857143
HINDUNILVR,Mar 2021,FMCG,interest_coverage,208.24705882352941,85.71428571428571
HINDUNILVR,Mar 2022,FMCG,interest_coverage,180.7716894977169,81.31868131868131
HINDUNILVR,Mar 2023,FMCG,interest_coverage,103.64508928571429,75.82417582417582
HINDUNILVR,Mar 2024,FMCG,interest_coverage,57.817625458996325,69.23076923076923
HINDUNILVR,TTM,FMCG,interest_coverage,32.78713210130048,58.24175824175825
ITC,Mar 2013,FMCG,interest_coverage,103.89814814814815,76.92307692307693
ITC,Mar 2014,FMCG,interest_coverage,451.0344827586207,97.8021978021978
ITC,Mar 2015,FMCG,interest_coverage,156.6153846153846,80.21978021978022
ITC,Mar 2016,FMCG,interest_coverage,186.2948717948718,82.41758241758241
ITC,Mar 2017,FMCG,interest_coverage,315.7142857142857,93.4065934065934
ITC,Mar 2018,FMCG,interest_coverage,143.66086956521738,78.02197802197803
ITC,Mar 2019,FMCG,interest_coverage,261.0845070422535,91.20879120879121
ITC,Mar 2020,FMCG,interest_coverage,238.8148148148148,87.91208791208791
ITC,Mar 2021,FMCG,interest_coverage,294.2241379310345,92.3076923076923
ITC,Mar 2022,FMCG,interest_coverage,343.71666666666664,96.7032967032967
ITC,Mar 2023,FMCG,interest_coverage,329.53846153846155,95.6043956043956
ITC,Mar 2024,FMCG,interest_coverage,327.9125,94.5054945054945
ITC,TTM,FMCG,interest_coverage,493.3333333333333,98.9010989010989
NESTLEIND,Dec 2013,FMCG,interest_coverage,52.648648648648646,65.93406593406593
NESTLEIND,Dec 2014,FMCG,interest_coverage,145.64285714285714,79.12087912087912
NESTLEIND,Dec 2015,FMCG,interest_coverage,518.3333333333334,100.0
NESTLEIND,Dec 2016,FMCG,interest_coverage,20.32967032967033,38.46153846153847
NESTLEIND,Dec 2017,FMCG,interest_coverage,22.793478260869566,45.05494505494506
NESTLEIND,Dec 2018,FMCG,interest_coverage,23.375,46.15384615384615
NESTLEIND,Dec 2019,FMCG,interest_coverage,22.68217054263566,43.956043956043956
NESTLEIND,Dec 2020,FMCG,interest_coverage,19.524390243902438,34.065934065934066
NESTLEIND,Dec 2021,FMCG,interest_coverage,17.633663366336634,28.57142857142857
NESTLEIND,Dec 2022,FMCG,interest_coverage,23.90967741935484,47.25274725274725
NESTLEIND,Dec 2023,FMCG,interest_coverage,37.57142857142857,61.53846153846154
NESTLEIND,Mar 2024,FMCG,interest_coverage,40.08965517241379,62.637362637362635
NESTLEIND,TTM,FMCG,interest_coverage,41.823008849557525,63.73626373626373
TATACONSUM,Mar 2013,FMCG,interest_coverage,9.166666666666666,5.4945054945054945
TATACONSUM,Mar 2014,FMCG,interest_coverage,8.64367816091954,2.197802197802198
TATACONSUM,Mar 2015,FMCG,interest_coverage,9.658536585365853,9.89010989010989
TATACONSUM,Mar 2016,FMCG,interest_coverage,3.128205128205128,1.098901098901099
TATACONSUM,Mar 2017,FMCG,interest_coverage,18.3953488372093,29.67032967032967
TATACONSUM,Mar 2018,FMCG,interest_coverage,16.134615384615383,24.175824175824175
TATACONSUM,Mar 2019,FMCG,interest_coverage,10.076923076923077,12.087912087912088
TATACONSUM,Mar 2020,FMCG,interest_coverage,18.72463768115942,30.76923076923077
TATACONSUM,Mar 2021,FMCG,interest_coverage,21.15068493150685,39.56043956043956
TATACONSUM,Mar 2022,FMCG,interest_coverage,19.75862068965517,36.26373626373626
TATACONSUM,Mar 2023,FMCG,interest_coverage,14.276923076923078,20.87912087912088
TATACONSUM,Mar 2024,FMCG,interest_coverage,26.25287356321839,50.54945054945055
TATACONSUM,TTM,FMCG,interest_coverage,9.313432835820896,6.593406593406594
BRITANNIA,Mar 2013,FMCG,asset_turnover,3.2846521508231548,100.0
BRITANNIA,Mar 2014,FMCG,asset_turnover,3.280968201233982,98.80952380952381
BRITANNIA,Mar 2015,FMCG,asset_turnover,2.8134622269960614,97.61904761904762
BRITANNIA,Mar 2016,FMCG,asset_turnover,2.403262736119061,96.42857142857143
BRITANNIA,Mar 2017,FMCG,asset_turnover,2.2034558286687758,91.66666666666666
BRITANNIA,Mar 2018,FMCG,asset_turnover,1.9109483423284503,82.14285714285714
BRITANNIA,Mar 2019,FMCG,asset_turnover,1.7722026290477717,76.19047619047619
BRITANNIA,Mar 2020,FMCG,asset_turnover,1.4814814814814814,69.04761904761905
BRITANNIA,Mar 2021,FMCG,asset_turnover,1.642,70.23809523809523
BRITANNIA,Mar 2022,FMCG,asset_turnover,1.8780390593862097,79.76190476190477
BRITANNIA,Mar 2023,FMCG,asset_turnover,1.743236017538231,75.0
BRITANNIA,Mar 2024,FMCG,asset_turnover,1.8484347442680775,78.57142857142857
BRITANNIA,TTM,FMCG,asset_turnover,,
DABUR,Mar 2013,FMCG,asset_turnover,1.3038861754087916,60.71428571428571
DABUR,Mar 2014,FMCG,asset_turnover,1.3286897590361446,61.904761904761905
DABUR,Mar 2015,FMCG,asset_turnover,1.2766131673763512,59.523809523809526
DABUR,Mar 2016,FMCG,asset_turnover,1.122331217541835,58.333333333333336
DABUR,Mar 2017,FMCG,asset_turnover,0.9847387480600104,55.952380952380956
DABUR,Mar 2018,FMCG,asset_turnover,0.8873822109859802,50.0
DABUR,Mar 2019,FMCG,asset_turnover,1.0092449922958397,57.14285714285714
DABUR,Mar 2020,FMCG,asset_turnover,0.9301702902431188,54.761904761904766
DABUR,Mar 2021,FMCG,asset_turnover,0.8826733130250162,47.61904761904761
DABUR,Mar 2022,FMCG,asset_turnover,0.8864376424617388,48.80952380952381
DABUR,Mar 2023,FMCG,asset_turnover,0.8445648989159098,41.66666666666667
DABUR,Mar 2024,FMCG,asset_turnover,0.8205874569992061,35.714285714285715
DABUR,TTM,FMCG,asset_turnover,,
GODREJCP,Mar 2013,FMCG,asset_turnover,0.8332683560753736,39.285714285714285
GODREJCP,Mar 2014,FMCG,asset_turnover,0.9133413461538461,53.57142857142857
GODREJCP,Mar 2015,FMCG,asset_turnover,0.9066301369863013,52.38095238095239
GODREJCP,Mar 2016,FMCG,asset_turnover,0.8703378448186796,46.42857142857143
GODREJCP,Mar 2017,FMCG,asset_turnover,0.7162287480680062,20.238095238095237
GODREJCP,Mar 2018,FMCG,asset_turnover,0.7102567801500288,19.047619047619047
GODREJCP,Mar 2019,FMCG,asset_turnover,0.7318007662835249,21.428571428571427
GODREJCP,Mar 2020,FMCG,asset_turnover,0.6660618279569892,9.523809523809524
GODREJCP,Mar 2021,FMCG,asset_turnover,0.7742909295141814,30.952380952380953
GODREJCP,Mar 2022,FMCG,asset_turnover,0.7633378932968536,25.0
GODREJCP,Mar 2023,FMCG,asset_turnover,0.7636634742214831,26.190476190476193
GODREJCP,Mar 2024,FMCG,asset_turnover,0.7664201826881253,28.57142857142857
GODREJCP,TTM,FMCG,asset_turnover,,
HINDUNILVR,Mar 2013,FMCG,asset_turnover,2.2332120410188554,94.04761904761905
HINDUNILVR,Mar 2014,FMCG,asset_turnover,2.125490766322524,88.09523809523809
HINDUNILVR,Mar 2015,FMCG,asset_turnover,2.2156618156618157,92.85714285714286
HINDUNILVR,Mar 2016,FMCG,asset_turnover,2.175758804840127,90.47619047619048
HINDUNILVR,Mar 2017,FMCG,asset_turnover,2.111422386349166,86.90476190476191
HINDUNILVR,Mar 2018,FMCG,asset_turnover,1.989978725786586,84.52380952380952
HINDUNILVR,Mar 2019,FMCG,asset_turnover,2.1101508400880347,85.71428571428571
HINDUNILVR,Mar 2020,FMCG,asset_turnover,1.974048528755024,83.33333333333334
HINDUNILVR,Mar 2021,FMCG,asset_turnover,0.6841431480942682,16.666666666666664
HINDUNILVR,Mar 2022,FMCG,asset_turnover,0.7438515870989703,22.61904761904762
HINDUNILVR,Mar 2023,FMCG,asset_turnover,0.8289886010646305,38.095238095238095
HINDUNILVR,Mar 2024,FMCG,asset_turnover,0.7885945801322478,34.523809523809526
HINDUNILVR,TTM,FMCG,asset_turnover,,
ITC,Mar 2013,FMCG,asset_turnover,0.8949588157038127,51.19047619047619
ITC,Mar 2014,FMCG,asset_turnover,0.8643262828045437,45.23809523809524
ITC,Mar 2015,FMCG,asset_turnover,0.844729282729805,42.857142857142854
ITC,Mar 2016,FMCG,asset_turnover,0.7587849218795377,23.809523809523807
ITC,Mar 2017,FMCG,asset_turnover,0.7651078750581416,27.380952380952383
ITC,Mar 2018,FMCG,asset_turnover,0.6763437679986302,15.476190476190476
ITC,Mar 2019,FMCG,asset_turnover,0.6738315281785361,14.285714285714285
ITC,Mar 2020,FMCG,asset_turnover,0.6388224185432863,7.142857142857142
ITC,Mar 2021,FMCG,asset_turnover,0.6677919225607029,11.904761904761903
ITC,Mar 2022,FMCG,asset_turnover,0.7855976993626613,33.33333333333333
ITC,Mar 2023,FMCG,asset_turnover,0.8262632382239518,36.904761904761905
ITC,Mar 2024,FMCG,asset_turnover,0.7723477995509732,29.761904761904763
ITC,TTM,FMCG,asset_turnover,,
NESTLEIND,Dec 2013,FMCG,asset_turnover,1.441400063351283,67.85714285714286
NESTLEIND,Dec 2014,FMCG,asset_turnover,1.693298969072165,72.61904761904762
NESTLEIND,Dec 2015,FMCG,asset_turnover,1.343246795925074,64.28571428571429
NESTLEIND,Dec 2016,FMCG,asset_turnover,1.3422907488986784,63.095238095238095
NESTLEIND,Dec 2017,FMCG,asset_turnover,1.3595002037213093,65.47619047619048
NESTLEIND,Dec 2018,FMCG,asset_turnover,1.3961424332344214,66.66666666666666
NESTLEIND,Dec 2019,FMCG,asset_turnover,1.7243831033040569,73.80952380952381
NESTLEIND,Dec 2020,FMCG,asset_turnover,1.6898734177215189,71.42857142857143
NESTLEIND,Dec 2021,FMCG,asset_turnover,1.790259897983969,77.38095238095238
NESTLEIND,Dec 2022,FMCG,asset_turnover,1.8818353936964027,80.95238095238095
NESTLEIND,Dec 2023,FMCG,asset_turnover,2.130081300813008,89.28571428571429
NESTLEIND,Mar 2024,FMCG,asset_turnover,2.318160220469448,95.23809523809523
NESTLEIND,TTM,FMCG,asset_turnover,,
TATACONSUM,Mar 2013,FMCG,asset_turnover,0.835910848305663,40.476190476190474
TATACONSUM,Mar 2014,FMCG,asset_turnover,0.7807486631016043,32.142857142857146
TATACONSUM,Mar 2015,FMCG,asset_turnover,0.8451046732924509,44.047619047619044
TATACONSUM,Mar 2016,FMCG,asset_turnover,0.6707427993936331,13.095238095238097
TATACONSUM,Mar 2017,FMCG,asset_turnover,0.7098733116951105,17.857142857142858
TATACONSUM,Mar 2018,FMCG,asset_turnover,0.6514673549373865,8.333333333333332
TATACONSUM,Mar 2019,FMCG,asset_turnover,0.6664828600312471,10.714285714285714
TATACONSUM,Mar 2020,FMCG,asset_turnover,0.5216802901531965,1.1904761904761905
TATACONSUM,Mar 2021,FMCG,asset_turnover,0.5738450885349689,3.571428571428571
TATACONSUM,Mar 2022,FMCG,asset_turnover,0.5895610913404508,4.761904761904762
TATACONSUM,Mar 2023,FMCG,asset_turnover,0.6055267551181794,5.952380952380952
TATACONSUM,Mar 2024,FMCG,asset_turnover,0.5454284586965099,2.380952380952381
TATACONSUM,TTM,FMCG,asset_turnover,,
BRITANNIA,Mar 2013,FMCG,free_cash_flow,292.0,22.023809523809522
BRITANNIA,Mar 2014,FMCG,free_cash_flow,425.0,32.142857142857146
BRITANNIA,Mar 2015,FMCG,free_cash_flow,134.0,9.523809523809524
BRITANNIA,Mar 2016,FMCG,free_cash_flow,254.0,19.047619047619047
BRITANNIA,Mar 2017,FMCG,free_cash_flow,291.0,20.238095238095237
BRITANNIA,Mar 2018,FMCG,free_cash_flow,292.0,22.023809523809522
BRITANNIA,Mar 2019,FMCG,free_cash_flow,304.0,23.809523809523807
BRITANNIA,Mar 2020,FMCG,free_cash_flow,-41.0,5.952380952380952
BRITANNIA,Mar 2021,FMCG,free_cash_flow,1443.0,59.523809523809526
BRITANNIA,Mar 2022,FMCG,free_cash_flow,386.0,27.380952380952383
BRITANNIA,Mar 2023,FMCG,free_cash_flow,1019.0,46.42857142857143
BRITANNIA,Mar 2024,FMCG,free_cash_flow,2096.0,65.47619047619048
BRITANNIA,TTM,FMCG,free_cash_flow,,
DABUR,Mar 2013,FMCG,free_cash_flow,248.0,17.857142857142858
DABUR,Mar 2014,FMCG,free_cash_flow,994.0,45.23809523809524
DABUR,Mar 2015,FMCG,free_cash_flow,171.0,13.095238095238097
DABUR,Mar 2016,FMCG,free_cash_flow,457.0,33.33333333333333
DABUR,Mar 2017,FMCG,free_cash_flow,420.0,29.761904761904763
DABUR,Mar 2018,FMCG,free_cash_flow,551.0,36.904761904761905
DABUR,Mar 2019,FMCG,free_cash_flow,1161.0,52.38095238095239
DABUR,Mar 2020,FMCG,free_cash_flow,1097.0,51.19047619047619
DABUR,Mar 2021,FMCG,free_cash_flow,711.0,42.857142857142854
DABUR,Mar 2022,FMCG,free_cash_flow,529.0,35.714285714285715
DABUR,Mar 2023,FMCG,free_cash_flow,905.0,44.047619047619044
DABUR,Mar 2024,FMCG,free_cash_flow,1042.0,50.0
DABUR,TTM,FMCG,free_cash_flow,,
GODREJCP,Mar 2013,FMCG,free_cash_flow,-45.0,4.761904761904762
GODREJCP,Mar 2014,FMCG,free_cash_flow,622.0,40.476190476190474
GODREJCP,Mar 2015,FMCG,free_cash_flow,-209.0,3.571428571428571
GODREJCP,Mar 2016,FMCG,free_cash_flow,225.0,16.666666666666664
GODREJCP,Mar 2017,FMCG,free_cash_flow,-383.0,2.380952380952381
GODREJCP,Mar 2018,FMCG,free_cash_flow,1387.0,58.333333333333336
GODREJCP,Mar 2019,FMCG,free_cash_flow,1455.0,60.71428571428571
GODREJCP,Mar 2020,FMCG,free_cash_flow,1036.0,48.80952380952381
GODREJCP,Mar 2021,FMCG,free_cash_flow,1738.0,63.095238095238095
GODREJCP,Mar 2022,FMCG,free_cash_flow,607.0,39.285714285714285
GODREJCP,Mar 2023,FMCG,free_cash_flow,397.0,28.57142857142857
GODREJCP,Mar 2024,FMCG,free_cash_flow,-1365.0,1.1904761904761905
GODREJCP,TTM,FMCG,free_cash_flow,,
HINDUNILVR,Mar 2013,FMCG,free_cash_flow,3542.0,76.19047619047619
HINDUNILVR,Mar 2014,FMCG,free_cash_flow,3343.0,75.0
HINDUNILVR,Mar 2015,FMCG,free_cash_flow,3154.0,72.61904761904762
HINDUNILVR,Mar 2016,FMCG,free_cash_flow,3889.0,77.38095238095238
HINDUNILVR,Mar 2017,FMCG,free_cash_flow,4012.0,78.57142857142857
HINDUNILVR,Mar 2018,FMCG,free_cash_flow,4996.0,82.14285714285714
HINDUNILVR,Mar 2019,FMCG,free_cash_flow,5362.0,83.33333333333334
HINDUNILVR,Mar 2020,FMCG,free_cash_flow,5832.0,84.52380952380952
HINDUNILVR,Mar 2021,FMCG,free_cash_flow,7935.0,92.85714285714286
HINDUNILVR,Mar 2022,FMCG,free_cash_flow,7320.0,90.47619047619048
HINDUNILVR,Mar 2023,FMCG,free_cash_flow,8507.0,94.04761904761905
HINDUNILVR,Mar 2024,FMCG,free_cash_flow,10145.0,96.42857142857143
HINDUNILVR,TTM,FMCG,free_cash_flow,,
ITC,Mar 2013,FMCG,free_cash_flow,3221.0,73.80952380952381
ITC,Mar 2014,FMCG,free_cash_flow,4090.0,79.76190476190477
ITC,Mar 2015,FMCG,free_cash_flow,4568.0,80.95238095238095
ITC,Mar 2016,FMCG,free_cash_flow,5878.0,85.71428571428571
ITC,Mar 2017,FMCG,free_cash_flow,7376.0,91.66666666666666
ITC,Mar 2018,FMCG,free_cash_flow,6055.0,86.90476190476191
ITC,Mar 2019,FMCG,free_cash_flow,7037.0,89.28571428571429
ITC,Mar 2020,FMCG,free_cash_flow,8516.0,95.23809523809523
ITC,Mar 2021,FMCG,free_cash_flow,6787.0,88.09523809523809
ITC,Mar 2022,FMCG,free_cash_flow,13538.0,98.80952380952381
ITC,Mar 2023,FMCG,free_cash_flow,13146.0,97.61904761904762
ITC,Mar 2024,FMCG,free_cash_flow,15616.0,100.0
ITC,TTM,FMCG,free_cash_flow,,
NESTLEIND,Dec 2013,FMCG,free_cash_flow,1355.0,57.14285714285714
NESTLEIND,Dec 2014,FMCG,free_cash_flow,1212.0,53.57142857142857
NESTLEIND,Dec 2015,FMCG,free_cash_flow,1028.0,47.61904761904761
NESTLEIND,Dec 2016,FMCG,free_cash_flow,1340.0,55.952380952380956
NESTLEIND,Dec 2017,FMCG,free_cash_flow,1687.0,61.904761904761905
NESTLEIND,Dec 2018,FMCG,free_cash_flow,2000.0,64.28571428571429
NESTLEIND,Dec 2019,FMCG,free_cash_flow,2212.0,67.85714285714286
NESTLEIND,Dec 2020,FMCG,free_cash_flow,2133.0,66.66666666666666
NESTLEIND,Dec 2021,FMCG,free_cash_flow,316.0,25.0
NESTLEIND,Dec 2022,FMCG,free_cash_flow,2345.0,69.04761904761905
NESTLEIND,Dec 2023,FMCG,free_cash_flow,2465.0,70.23809523809523
NESTLEIND,Mar 2024,FMCG,free_cash_flow,2938.0,71.42857142857143
NESTLEIND,TTM,FMCG,free_cash_flow,,
TATACONSUM,Mar 2013,FMCG,free_cash_flow,149.0,10.714285714285714
TATACONSUM,Mar 2014,FMCG,free_cash_flow,421.0,30.952380952380953
TATACONSUM,Mar 2015,FMCG,free_cash_flow,211.0,15.476190476190476
TATACONSUM,Mar 2016,FMCG,free_cash_flow,-29.0,7.142857142857142
TATACONSUM,Mar 2017,FMCG,free_cash_flow,596.0,38.095238095238095
TATACONSUM,Mar 2018,FMCG,free_cash_flow,325.0,26.190476190476193
TATACONSUM,Mar 2019,FMCG,free_cash_flow,157.0,11.904761904761903
TATACONSUM,Mar 2020,FMCG,free_cash_flow,460.0,34.523809523809526
TATACONSUM,Mar 2021,FMCG,free_cash_flow,1310.0,54.761904761904766
TATACONSUM,Mar 2022,FMCG,free_cash_flow,199.0,14.285714285714285
TATACONSUM,Mar 2023,FMCG,free_cash_flow,627.0,41.66666666666667
TATACONSUM,Mar 2024,FMCG,free_cash_flow,26.0,8.333333333333332
TATACONSUM,TTM,FMCG,free_cash_flow,,
BRITANNIA,Mar 2013,FMCG,cfo_quality_score,1.2307692307692308,77.38095238095238
BRITANNIA,Mar 2014,FMCG,cfo_quality_score,1.6987341772151898,96.42857142857143
BRITANNIA,Mar 2015,FMCG,cfo_quality_score,0.8476052249637155,16.666666666666664
BRITANNIA,Mar 2016,FMCG,cfo_quality_score,1.1624242424242424,70.23809523809523
BRITANNIA,Mar 2017,FMCG,cfo_quality_score,0.49830508474576274,5.952380952380952
BRITANNIA,Mar 2018,FMCG,cfo_quality_score,1.2440239043824701,78.57142857142857
BRITANNIA,Mar 2019,FMCG,cfo_quality_score,1.000865800865801,35.714285714285715
BRITANNIA,Mar 2020,FMCG,cfo_quality_score,1.0652797704447632,54.761904761904766
BRITANNIA,Mar 2021,FMCG,cfo_quality_score,1.0135062128579146,39.285714285714285
BRITANNIA,Mar 2022,FMCG,cfo_quality_score,0.8575197889182058,17.857142857142858
BRITANNIA,Mar 2023,FMCG,cfo_quality_score,1.0906735751295338,55.952380952380956
BRITANNIA,Mar 2024,FMCG,cfo_quality_score,1.2057169634489222,76.19047619047619
BRITANNIA,TTM,FMCG,cfo_quality_score,,
DABUR,Mar 2013,FMCG,cfo_quality_score,1.1357702349869452,63.095238095238095
DABUR,Mar 2014,FMCG,cfo_quality_score,1.1986899563318778,75.0
DABUR,Mar 2015,FMCG,cfo_quality_score,0.9803370786516854,33.33333333333333
DABUR,Mar 2016,FMCG,cfo_quality_score,0.9465709728867624,25.0
DABUR,Mar 2017,FMCG,cfo_quality_score,0.95859375,27.380952380952383
DABUR,Mar 2018,FMCG,cfo_quality_score,0.8041237113402062,10.714285714285714
DABUR,Mar 2019,FMCG,cfo_quality_score,1.0366528354080222,47.61904761904761
DABUR,Mar 2020,FMCG,cfo_quality_score,1.1146408839779005,59.523809523809526
DABUR,Mar 2021,FMCG,cfo_quality_score,1.247787610619469,79.76190476190477
DABUR,Mar 2022,FMCG,cfo_quality_score,1.034443168771527,46.42857142857143
DABUR,Mar 2023,FMCG,cfo_quality_score,0.8747795414462081,19.047619047619047
DABUR,Mar 2024,FMCG,cfo_quality_score,1.1115405853119824,58.333333333333336
DABUR,TTM,FMCG,cfo_quality_score,,
GODREJCP,Mar 2013,FMCG,cfo_quality_score,0.9704142011834319,30.952380952380953
GODREJCP,Mar 2014,FMCG,cfo_quality_score,1.3626373626373627,83.33333333333334
GODREJCP,Mar 2015,FMCG,cfo_quality_score,1.0522540983606556,48.80952380952381
GODREJCP,Mar 2016,FMCG,cfo_quality_score,1.0192539109506618,44.047619047619044
GODREJCP,Mar 2017,FMCG,cfo_quality_score,1.4220183486238531,85.71428571428571
GODREJCP,Mar 2018,FMCG,cfo_quality_score,1.0544675642594858,50.0
GODREJCP,Mar 2019,FMCG,cfo_quality_score,0.7382578992314262,8.333333333333332
GODREJCP,Mar 2020,FMCG,cfo_quality_score,1.0607882431529727,52.38095238095239
GODREJCP,Mar 2021,FMCG,cfo_quality_score,1.179546775130738,73.80952380952381
GODREJCP,Mar 2022,FMCG,cfo_quality_score,0.8137969713965227,11.904761904761903
GODREJCP,Mar 2023,FMCG,cfo_quality_score,1.263807285546416,80.95238095238095
GODREJCP,Mar 2024,FMCG,cfo_quality_score,-3.6898395721925135,1.1904761904761905
GODREJCP,TTM,FMCG,cfo_quality_score,,
HINDUNILVR,Mar 2013,FMCG,cfo_quality_score,0.9390466267257098,22.61904761904762
HINDUNILVR,Mar 2014,FMCG,cfo_quality_score,0.9651162790697675,28.57142857142857
HINDUNILVR,Mar 2015,FMCG,cfo_quality_score,0.7522851919561243,9.523809523809524
HINDUNILVR,Mar 2016,FMCG,cfo_quality_score,1.0048181161165983,36.904761904761905
HINDUNILVR,Mar 2017,FMCG,cfo_quality_score,1.1547884187082404,67.85714285714286
HINDUNILVR,Mar 2018,FMCG,cfo_quality_score,1.1591735220968051,69.04761904761905
HINDUNILVR,Mar 2019,FMCG,cfo_quality_score,0.9570957095709571,26.190476190476193
HINDUNILVR,Mar 2020,FMCG,cfo_quality_score,1.1283303730017762,60.71428571428571
HINDUNILVR,Mar 2021,FMCG,cfo_quality_score,1.1455181897737217,65.47619047619048
HINDUNILVR,Mar 2022,FMCG,cfo_quality_score,1.0175438596491229,41.66666666666667
HINDUNILVR,Mar 2023,FMCG,cfo_quality_score,0.9850142955733018,34.523809523809526
HINDUNILVR,Mar 2024,FMCG,cfo_quality_score,1.504473837774752,90.47619047619048
HINDUNILVR,TTM,FMCG,cfo_quality_score,,
ITC,Mar 2013,FMCG,cfo_quality_score,0.921858774662513,20.238095238095237
ITC,Mar 2014,FMCG,cfo_quality_score,0.8159093434062882,13.095238095238097
ITC,Mar 2015,FMCG,cfo_quality_score,1.0065446364658963,38.095238095238095
ITC,Mar 2016,FMCG,cfo_quality_score,1.0313651194611093,45.23809523809524
ITC,Mar 2017,FMCG,cfo_quality_score,1.0143170754987114,40.476190476190474
ITC,Mar 2018,FMCG,cfo_quality_score,1.1458278952405812,66.66666666666666
ITC,Mar 2019,FMCG,cfo_quality_score,0.9802898099096292,32.142857142857146
ITC,Mar 2020,FMCG,cfo_quality_score,0.942089399089335,23.809523809523807
ITC,Mar 2021,FMCG,cfo_quality_score,0.9360382574908466,21.428571428571427
ITC,Mar 2022,FMCG,cfo_quality_score,1.017609494936464,42.857142857142854
ITC,Mar 2023,FMCG,cfo_quality_score,0.9692457770703907,29.761904761904763
ITC,Mar 2024,FMCG,cfo_quality_score,0.8278637174112091,15.476190476190476
ITC,TTM,FMCG,cfo_quality_score,,
NESTLEIND,Dec 2013,FMCG,cfo_quality_score,1.6078782452999105,94.04761904761905
NESTLEIND,Dec 2014,FMCG,cfo_quality_score,1.3873417721518988,84.52380952380952
NESTLEIND,Dec 2015,FMCG,cfo_quality_score,1.9502664298401422,98.80952380952381
NESTLEIND,Dec 2016,FMCG,cfo_quality_score,1.4645354645354645,86.90476190476191
NESTLEIND,Dec 2017,FMCG,cfo_quality_score,1.4840816326530613,88.09523809523809
NESTLEIND,Dec 2018,FMCG,cfo_quality_score,1.2769135034225265,82.14285714285714
NESTLEIND,Dec 2019,FMCG,cfo_quality_score,1.166158536585366,71.42857142857143
NESTLEIND,Dec 2020,FMCG,cfo_quality_score,1.1786743515850144,72.61904761904762
NESTLEIND,Dec 2021,FMCG,cfo_quality_score,1.0557129367327667,51.19047619047619
NESTLEIND,Dec 2022,FMCG,cfo_quality_score,1.1447093266415727,64.28571428571429
NESTLEIND,Dec 2023,FMCG,cfo_quality_score,1.1310436812270757,61.904761904761905
NESTLEIND,Mar 2024,FMCG,cfo_quality_score,1.0615306381896772,53.57142857142857
NESTLEIND,TTM,FMCG,cfo_quality_score,,
TATACONSUM,Mar 2013,FMCG,cfo_quality_score,0.3887640449438202,3.571428571428571
TATACONSUM,Mar 2014,FMCG,cfo_quality_score,0.8274509803921568,14.285714285714285
TATACONSUM,Mar 2015,FMCG,cfo_quality_score,1.531135531135531,91.66666666666666
TATACONSUM,Mar 2016,FMCG,cfo_quality_score,-3.135135135135135,2.380952380952381
TATACONSUM,Mar 2017,FMCG,cfo_quality_score,1.6285714285714286,95.23809523809523
TATACONSUM,Mar 2018,FMCG,cfo_quality_score,0.6402877697841727,7.142857142857142
TATACONSUM,Mar 2019,FMCG,cfo_quality_score,0.45951859956236324,4.761904761904762
TATACONSUM,Mar 2020,FMCG,cfo_quality_score,2.3521739130434782,100.0
TATACONSUM,Mar 2021,FMCG,cfo_quality_score,1.7806451612903227,97.61904761904762
TATACONSUM,Mar 2022,FMCG,cfo_quality_score,1.4935960591133004,89.28571428571429
TATACONSUM,Mar 2023,FMCG,cfo_quality_score,1.106818181818182,57.14285714285714
TATACONSUM,Mar 2024,FMCG,cfo_quality_score,1.594238683127572,92.85714285714286
TATACONSUM,TTM,FMCG,cfo_quality_score,,
HCLTECH,Jun 2013,IT Services,return_on_equity_pct,30.689759951382555,76.84210526315789
HCLTECH,Jun 2014,IT Services,return_on_equity_pct,33.39130434782609,85.26315789473684
HCLTECH,Jun 2015,IT Services,return_on_equity_pct,30.30878467635403,73.68421052631578
HCLTECH,Mar 2016 9m,IT Services,return_on_equity_pct,,
HCLTECH,Mar 2017,IT Services,return_on_equity_pct,26.119153843819237,65.26315789473685
HCLTECH,Mar 2018,IT Services,return_on_equity_pct,23.97075798383994,53.68421052631579
HCLTECH,Mar 2019,IT Services,return_on_equity_pct,24.46453609244307,60.0
HCLTECH,Mar 2020,IT Services,return_on_equity_pct,21.56748005539626,41.05263157894737
HCLTECH,Mar 2021,IT Services,return_on_equity_pct,18.64203094487006,22.105263157894736
HCLTECH,Mar 2022,IT Services,return_on_equity_pct,21.841586717059148,46.31578947368421
HCLTECH,Mar 2023,IT Services,return_on_equity_pct,22.697041510587876,48.421052631578945
HCLTECH,Mar 2024,IT Services,return_on_equity_pct,23.01393141233172,50.526315789473685
HCLTECH,TTM,IT Services,return_on_equity_pct,,
INFY,Mar 2013,IT Services,return_on_equity_pct,24.81707638048113,62.10526315789474
INFY,Mar 2014,IT Services,return_on_equity_pct,23.92993487536492,52.63157894736842
INFY,Mar 2015,IT Services,return_on_equity_pct,24.385052034058656,58.94736842105262
INFY,Mar 2016,IT Services,return_on_equity_pct,21.84665716506867,47.368421052631575
INFY,Mar 2017,IT Services,return_on_equity_pct,20.80687715635963,31.57894736842105
INFY,Mar 2018,IT Services,return_on_equity_pct,24.689247262141308,61.05263157894737
INFY,Mar 2019,IT Services,return_on_equity_pct,23.726673646609594,51.578947368421055
INFY,Mar 2020,IT Services,return_on_equity_pct,25.422459893048128,63.1578947368421
INFY,Mar 2021,IT Services,return_on_equity_pct,25.43909051616875,64.21052631578948
INFY,Mar 2022,IT Services,return_on_equity_pct,29.39084273390843,71.57894736842105
INFY,Mar 2023,IT Services,return_on_equity_pct,31.970506716883047,80.0
INFY,Mar 2024,IT Services,return_on_equity_pct,29.788006718416632,72.63157894736842
INFY,TTM,IT Services,return_on_equity_pct,,
LTIM,Mar 2013,IT Services,return_on_equity_pct,41.97162061239731,95.78947368421052
LTIM,Mar 2014,IT Services,return_on_equity_pct,61.86335403726708,100.0
LTIM,Mar 2015,IT Services,return_on_equity_pct,37.95656465942744,90.52631578947368
LTIM,Mar 2016,IT Services,return_on_equity_pct,39.34117647058824,93.6842105263158
LTIM,Mar 2017,IT Services,return_on_equity_pct,30.884223918575067,77.89473684210526
LTIM,Mar 2018,IT Services,return_on_equity_pct,28.808290155440414,70.52631578947368
LTIM,Mar 2019,IT Services,return_on_equity_pct,30.983036991620683,78.94736842105263
LTIM,Mar 2020,IT Services,return_on_equity_pct,28.127313101406365,69.47368421052632
LTIM,Mar 2021,IT Services,return_on_equity_pct,26.533406352683457,66.3157894736842
LTIM,Mar 2022,IT Services,return_on_equity_pct,27.645576707726764,68.42105263157895
LTIM,Mar 2023,IT Services,return_on_equity_pct,26.57907425265188,67.36842105263158
LTIM,Mar 2024,IT Services,return_on_equity_pct,22.904386052552702,49.473684210526315
LTIM,TTM,IT Services,return_on_equity_pct,,
TCS,Mar 2013,IT Services,return_on_equity_pct,36.51740777253152,88.42105263157895
TCS,Mar 2014,IT Services,return_on_equity_pct,39.29667649151337,92.63157894736842
TCS,Mar 2015,IT Services,return_on_equity_pct,39.616865804285574,94.73684210526315
TCS,Mar 2016,IT Services,return_on_equity_pct,34.2441467807294,86.31578947368422
TCS,Mar 2017,IT Services,return_on_equity_pct,30.571600900085834,75.78947368421053
TCS,Mar 2018,IT Services,return_on_equity_pct,30.401278075368854,74.73684210526315
TCS,Mar 2019,IT Services,return_on_equity_pct,35.28609440332715,87.36842105263159
TCS,Mar 2020,IT Services,return_on_equity_pct,38.56952666238737,91.57894736842105
TCS,Mar 2021,IT Services,return_on_equity_pct,37.67311096456215,89.47368421052632
TCS,Mar 2022,IT Services,return_on_equity_pct,43.13375739014349,96.84210526315789
TCS,Mar 2023,IT Services,return_on_equity_pct,46.7829337344068,97.89473684210527
TCS,Mar 2024,IT Services,return_on_equity_pct,50.944313673485176,98.94736842105263
TCS,TTM,IT Services,return_on_equity_pct,,
TECHM,Mar 2013,IT Services,return_on_equity_pct,24.087725764835973,56.315789473684205
TECHM,Mar 2013,IT Services,return_on_equity_pct,24.087725764835973,56.315789473684205
TECHM,Mar 2013,IT Services,return_on_equity_pct,24.087725764835973,56.315789473684205
TECHM,Mar 2013,IT Services,return_on_equity_pct,24.087725764835973,56.315789473684205
TECHM,Mar 2014,IT Services,return_on_equity_pct,33.34785449793073,82.63157894736842
TECHM,Mar 2014,IT Services,return_on_equity_pct,33.34785449793073,82.63157894736842
TECHM,Mar 2014,IT Services,return_on_equity_pct,33.34785449793073,82.63157894736842
TECHM,Mar 2014,IT Services,return_on_equity_pct,33.34785449793073,82.63157894736842
TECHM,Mar 2015,IT Services,return_on_equity_pct,21.70966688438929,43.684210526315795
TECHM,Mar 2015,IT Services,return_on_equity_pct,21.70966688438929,43.684210526315795
TECHM,Mar 2015,IT Services,return_on_equity_pct,21.70966688438929,43.684210526315795
TECHM,Mar 2015,IT Services,return_on_equity_pct,21.70966688438929,43.684210526315795
TECHM,Mar 2016,IT Services,return_on_equity_pct,20.745665136042764,28.947368421052634
TECHM,Mar 2016,IT Services,return_on_equity_pct,20.745665136042764,28.947368421052634
TECHM,Mar 2016,IT Services,return_on_equity_pct,20.745665136042764,28.947368421052634
TECHM,Mar 2016,IT Services,return_on_equity_pct,20.745665136042764,28.947368421052634
TECHM,Mar 2017,IT Services,return_on_equity_pct,17.34501429701284,6.842105263157896
TECHM,Mar 2017,IT Services,return_on_equity_pct,17.34501429701284,6.842105263157896
TECHM,Mar 2017,IT Services,return_on_equity_pct,17.34501429701284,6.842105263157896
TECHM,Mar 2017,IT Services,return_on_equity_pct,17.34501429701284,6.842105263157896
TECHM,Mar 2018,IT Services,return_on_equity_pct,20.092341983760548,24.736842105263158
TECHM,Mar 2018,IT Services,return_on_equity_pct,20.092341983760548,24.736842105263158
TECHM,Mar 2018,IT Services,return_on_equity_pct,20.092341983760548,24.736842105263158
TECHM,Mar 2018,IT Services,return_on_equity_pct,20.092341983760548,24.736842105263158
TECHM,Mar 2019,IT Services,return_on_equity_pct,21.143702243036728,38.421052631578945
TECHM,Mar 2019,IT Services,return_on_equity_pct,21.143702243036728,38.421052631578945
TECHM,Mar 2019,IT Services,return_on_equity_pct,21.143702243036728,38.421052631578945
TECHM,Mar 2019,IT Services,return_on_equity_pct,21.143702243036728,38.421052631578945
TECHM,Mar 2020,IT Services,return_on_equity_pct,17.865493054600467,19.473684210526315
TECHM,Mar 2020,IT Services,return_on_equity_pct,17.865493054600467,19.473684210526315
TECHM,Mar 2020,IT Services,return_on_equity_pct,17.865493054600467,19.473684210526315
TECHM,Mar 2020,IT Services,return_on_equity_pct,17.865493054600467,19.473684210526315
TECHM,Mar 2021,IT Services,return_on_equity_pct,17.506535290569072,15.263157894736842
TECHM,Mar 2021,IT Services,return_on_equity_pct,17.506535290569072,15.263157894736842
TECHM,Mar 2021,IT Services,return_on_equity_pct,17.506535290569072,15.263157894736842
TECHM,Mar 2021,IT Services,return_on_equity_pct,17.506535290569072,15.263157894736842
TECHM,Mar 2022,IT Services,return_on_equity_pct,20.940266309603512,34.21052631578947
TECHM,Mar 2022,IT Services,return_on_equity_pct,20.940266309603512,34.21052631578947
TECHM,Mar 2022,IT Services,return_on_equity_pct,20.940266309603512,34.21052631578947
TECHM,Mar 2022,IT Services,return_on_equity_pct,20.940266309603512,34.21052631578947
TECHM,Mar 2023,IT Services,return_on_equity_pct,17.3936398796734,11.052631578947368
TECHM,Mar 2023,IT Services,return_on_equity_pct,17.3936398796734,11.052631578947368
TECHM,Mar 2023,IT Services,return_on_equity_pct,17.3936398796734,11.052631578947368
TECHM,Mar 2023,IT Services,return_on_equity_pct,17.3936398796734,11.052631578947368
TECHM,Mar 2024,IT Services,return_on_equity_pct,8.987963553189097,2.631578947368421
TECHM,Mar 2024,IT Services,return_on_equity_pct,8.987963553189097,2.631578947368421
TECHM,Mar 2024,IT Services,return_on_equity_pct,8.987963553189097,2.631578947368421
TECHM,Mar 2024,IT Services,return_on_equity_pct,8.987963553189097,2.631578947368421
TECHM,TTM,IT Services,return_on_equity_pct,,
HCLTECH,Jun 2013,IT Services,roce_calculated,39.97747747747748,80.0
HCLTECH,Jun 2014,IT Services,roce_calculated,39.06553870089459,77.89473684210526
HCLTECH,Jun 2015,IT Services,roce_calculated,34.11868768092634,69.47368421052632
HCLTECH,Mar 2016 9m,IT Services,roce_calculated,,
HCLTECH,Mar 2017,IT Services,roce_calculated,30.98625152843637,56.84210526315789
HCLTECH,Mar 2018,IT Services,roce_calculated,30.44149094551065,53.68421052631579
HCLTECH,Mar 2019,IT Services,roce_calculated,30.565615328899714,54.736842105263165
HCLTECH,Mar 2020,IT Services,roce_calculated,29.22383676775859,47.368421052631575
HCLTECH,Mar 2021,IT Services,roce_calculated,30.022313071866062,49.473684210526315
HCLTECH,Mar 2022,IT Services,roce_calculated,30.076036157463705,51.578947368421055
HCLTECH,Mar 2023,IT Services,roce_calculated,32.23407740851009,61.05263157894737
HCLTECH,Mar 2024,IT Services,roce_calculated,32.690722902959976,66.3157894736842
HCLTECH,TTM,IT Services,roce_calculated,,
INFY,Mar 2013,IT Services,roce_calculated,30.3679528346581,52.63157894736842
INFY,Mar 2014,IT Services,roce_calculated,30.06961598922075,50.526315789473685
INFY,Mar 2015,IT Services,roce_calculated,29.334200567644274,48.421052631578945
INFY,Mar 2016,IT Services,roce_calculated,27.66098730240995,40.0
INFY,Mar 2017,IT Services,roce_calculated,26.969354324316484,30.526315789473685
INFY,Mar 2018,IT Services,roce_calculated,28.991266577330066,46.31578947368421
INFY,Mar 2019,IT Services,roce_calculated,31.055613721746628,57.89473684210527
INFY,Mar 2020,IT Services,roce_calculated,31.772327097869667,58.94736842105262
INFY,Mar 2021,IT Services,roce_calculated,34.14589353053529,70.52631578947368
INFY,Mar 2022,IT Services,roce_calculated,38.962436899930715,76.84210526315789
INFY,Mar 2023,IT Services,roce_calculated,41.968317683320194,81.05263157894737
INFY,Mar 2024,IT Services,roce_calculated,37.75589530966572,73.68421052631578
INFY,TTM,IT Services,roce_calculated,,
LTIM,Mar 2013,IT Services,roce_calculated,55.30832803560076,96.84210526315789
LTIM,Mar 2014,IT Services,roce_calculated,66.68604651162791,100.0
LTIM,Mar 2015,IT Services,roce_calculated,44.786096256684495,88.42105263157895
LTIM,Mar 2016,IT Services,roce_calculated,47.1559633027523,91.57894736842105
LTIM,Mar 2017,IT Services,roce_calculated,39.12213740458015,78.94736842105263
LTIM,Mar 2018,IT Services,roce_calculated,30.751295336787564,55.78947368421052
LTIM,Mar 2019,IT Services,roce_calculated,38.483547925608015,75.78947368421053
LTIM,Mar 2020,IT Services,roce_calculated,32.1247625079164,60.0
LTIM,Mar 2021,IT Services,roce_calculated,33.63367069859294,67.36842105263158
LTIM,Mar 2022,IT Services,roce_calculated,36.08552179293277,71.57894736842105
LTIM,Mar 2023,IT Services,roce_calculated,33.68444272872663,68.42105263157895
LTIM,Mar 2024,IT Services,roce_calculated,28.914844492733938,45.26315789473684
LTIM,TTM,IT Services,roce_calculated,,
TCS,Mar 2013,IT Services,roce_calculated,46.40156386645404,90.52631578947368
TCS,Mar 2014,IT Services,roce_calculated,50.82235512810151,94.73684210526315
TCS,Mar 2015,IT Services,roce_calculated,48.0105112466417,92.63157894736842
TCS,Mar 2016,IT Services,roce_calculated,43.01498941346383,82.10526315789474
TCS,Mar 2017,IT Services,roce_calculated,37.35246176433187,72.63157894736842
TCS,Mar 2018,IT Services,roce_calculated,38.08609077598828,74.73684210526315
TCS,Mar 2019,IT Services,roce_calculated,44.136836930777136,87.36842105263159
TCS,Mar 2020,IT Services,roce_calculated,45.62188515709643,89.47368421052632
TCS,Mar 2021,IT Services,roce_calculated,49.39720677505625,93.6842105263158
TCS,Mar 2022,IT Services,roce_calculated,54.72219643759605,95.78947368421052
TCS,Mar 2023,IT Services,roce_calculated,60.39933953033268,97.89473684210527
TCS,Mar 2024,IT Services,roce_calculated,65.26850065983149,98.94736842105263
TCS,TTM,IT Services,roce_calculated,,
TECHM,Mar 2013,IT Services,roce_calculated,20.893329415221864,6.842105263157896
TECHM,Mar 2013,IT Services,roce_calculated,20.893329415221864,6.842105263157896
TECHM,Mar 2013,IT Services,roce_calculated,20.893329415221864,6.842105263157896
TECHM,Mar 2013,IT Services,roce_calculated,20.893329415221864,6.842105263157896
TECHM,Mar 2014,IT Services,roce_calculated,43.708748035620744,84.73684210526315
TECHM,Mar 2014,IT Services,roce_calculated,43.708748035620744,84.73684210526315
TECHM,Mar 2014,IT Services,roce_calculated,43.708748035620744,84.73684210526315
TECHM,Mar 2014,IT Services,roce_calculated,43.708748035620744,84.73684210526315
TECHM,Mar 2015,IT Services,roce_calculated,32.3833796725363,63.68421052631579
TECHM,Mar 2015,IT Services,roce_calculated,32.3833796725363,63.68421052631579
TECHM,Mar 2015,IT Services,roce_calculated,32.3833796725363,63.68421052631579
TECHM,Mar 2015,IT Services,roce_calculated,32.3833796725363,63.68421052631579
TECHM,Mar 2016,IT Services,roce_calculated,27.164902435913785,33.1578947368421
TECHM,Mar 2016,IT Services,roce_calculated,27.164902435913785,33.1578947368421
TECHM,Mar 2016,IT Services,roce_calculated,27.164902435913785,33.1578947368421
TECHM,Mar 2016,IT Services,roce_calculated,27.164902435913785,33.1578947368421
TECHM,Mar 2017,IT Services,roce_calculated,23.50165702409706,19.473684210526315
TECHM,Mar 2017,IT Services,roce_calculated,23.50165702409706,19.473684210526315
TECHM,Mar 2017,IT Services,roce_calculated,23.50165702409706,19.473684210526315
TECHM,Mar 2017,IT Services,roce_calculated,23.50165702409706,19.473684210526315
TECHM,Mar 2018,IT Services,roce_calculated,22.175141242937855,15.263157894736842
TECHM,Mar 2018,IT Services,roce_calculated,22.175141242937855,15.263157894736842
TECHM,Mar 2018,IT Services,roce_calculated,22.175141242937855,15.263157894736842
TECHM,Mar 2018,IT Services,roce_calculated,22.175141242937855,15.263157894736842
TECHM,Mar 2019,IT Services,roce_calculated,28.14505632601768,42.63157894736842
TECHM,Mar 2019,IT Services,roce_calculated,28.14505632601768,42.63157894736842
TECHM,Mar 2019,IT Services,roce_calculated,28.14505632601768,42.63157894736842
TECHM,Mar 2019,IT Services,roce_calculated,28.14505632601768,42.63157894736842
TECHM,Mar 2020,IT Services,roce_calculated,21.594788682651178,11.052631578947368
TECHM,Mar 2020,IT Services,roce_calculated,21.594788682651178,11.052631578947368
TECHM,Mar 2020,IT Services,roce_calculated,21.594788682651178,11.052631578947368
TECHM,Mar 2020,IT Services,roce_calculated,21.594788682651178,11.052631578947368
TECHM,Mar 2021,IT Services,roce_calculated,24.47597781459339,23.684210526315788
TECHM,Mar 2021,IT Services,roce_calculated,24.47597781459339,23.684210526315788
TECHM,Mar 2021,IT Services,roce_calculated,24.47597781459339,23.684210526315788
TECHM,Mar 2021,IT Services,roce_calculated,24.47597781459339,23.684210526315788
TECHM,Mar 2022,IT Services,roce_calculated,27.182754880694144,37.368421052631575
TECHM,Mar 2022,IT Services,roce_calculated,27.182754880694144,37.368421052631575
TECHM,Mar 2022,IT Services,roce_calculated,27.182754880694144,37.368421052631575
TECHM,Mar 2022,IT Services,roce_calculated,27.182754880694144,37.368421052631575
TECHM,Mar 2023,IT Services,roce_calculated,25.316331854943908,27.89473684210526
TECHM,Mar 2023,IT Services,roce_calculated,25.316331854943908,27.89473684210526
TECHM,Mar 2023,IT Services,roce_calculated,25.316331854943908,27.89473684210526
TECHM,Mar 2023,IT Services,roce_calculated,25.316331854943908,27.89473684210526
TECHM,Mar 2024,IT Services,roce_calculated,15.428336643155516,2.631578947368421
TECHM,Mar 2024,IT Services,roce_calculated,15.428336643155516,2.631578947368421
TECHM,Mar 2024,IT Services,roce_calculated,15.428336643155516,2.631578947368421
TECHM,Mar 2024,IT Services,roce_calculated,15.428336643155516,2.631578947368421
TECHM,TTM,IT Services,roce_calculated,,
HCLTECH,Jun 2013,IT Services,operating_profit_margin_pct,22.203979516047063,64.35643564356435
HCLTECH,Jun 2014,IT Services,operating_profit_margin_pct,24.99688899950224,78.21782178217822
HCLTECH,Jun 2015,IT Services,operating_profit_margin_pct,23.121985776954308,69.3069306930693
HCLTECH,Mar 2016 9m,IT Services,operating_profit_margin_pct,21.3707605344296,55.44554455445545
HCLTECH,Mar 2017,IT Services,operating_profit_margin_pct,21.84241506895392,57.42574257425742
HCLTECH,Mar 2018,IT Services,operating_profit_margin_pct,22.238921078130872,65.34653465346535
HCLTECH,Mar 2019,IT Services,operating_profit_margin_pct,23.04598937561024,68.31683168316832
HCLTECH,Mar 2020,IT Services,operating_profit_margin_pct,24.50053766483672,76.23762376237624
HCLTECH,Mar 2021,IT Services,operating_profit_margin_pct,26.596266864776663,83.16831683168317
HCLTECH,Mar 2022,IT Services,operating_profit_margin_pct,23.96819651842944,74.25742574257426
HCLTECH,Mar 2023,IT Services,operating_profit_margin_pct,22.303264469326606,66.33663366336634
HCLTECH,Mar 2024,IT Services,operating_profit_margin_pct,22.015594151738192,58.415841584158414
HCLTECH,TTM,IT Services,operating_profit_margin_pct,21.801609602109135,56.43564356435643
INFY,Mar 2013,IT Services,operating_profit_margin_pct,28.59337827121332,98.01980198019803
INFY,Mar 2014,IT Services,operating_profit_margin_pct,26.70895418187621,86.13861386138613
INFY,Mar 2015,IT Services,operating_profit_margin_pct,27.913126652787934,95.04950495049505
INFY,Mar 2016,IT Services,operating_profit_margin_pct,27.352220496148366,91.0891089108911
INFY,Mar 2017,IT Services,operating_profit_margin_pct,27.165469306699375,90.0990099009901
INFY,Mar 2018,IT Services,operating_profit_margin_pct,26.68954368849437,84.15841584158416
INFY,Mar 2019,IT Services,operating_profit_margin_pct,24.396734200181434,75.24752475247524
INFY,Mar 2020,IT Services,operating_profit_margin_pct,24.525558700752278,77.22772277227723
INFY,Mar 2021,IT Services,operating_profit_margin_pct,27.757982323433396,94.05940594059405
INFY,Mar 2022,IT Services,operating_profit_margin_pct,25.88847510296693,80.19801980198021
INFY,Mar 2023,IT Services,operating_profit_margin_pct,23.93589839677857,73.26732673267327
INFY,Mar 2024,IT Services,operating_profit_margin_pct,23.703390381987376,71.28712871287128
INFY,TTM,IT Services,operating_profit_margin_pct,23.842413180988576,72.27722772277228
LTIM,Mar 2013,IT Services,operating_profit_margin_pct,22.591534666320438,67.32673267326733
LTIM,Mar 2014,IT Services,operating_profit_margin_pct,23.3130081300813,70.29702970297029
LTIM,Mar 2015,IT Services,operating_profit_margin_pct,20.188830855765367,50.495049504950494
LTIM,Mar 2016,IT Services,operating_profit_margin_pct,17.584673280875812,27.722772277227726
LTIM,Mar 2017,IT Services,operating_profit_margin_pct,18.920166128287956,47.524752475247524
LTIM,Mar 2018,IT Services,operating_profit_margin_pct,16.24692033944703,25.742574257425744
LTIM,Mar 2019,IT Services,operating_profit_margin_pct,19.934363751852636,48.51485148514851
LTIM,Mar 2020,IT Services,operating_profit_margin_pct,18.650611269418146,46.53465346534654
LTIM,Mar 2021,IT Services,operating_profit_margin_pct,22.029102667744542,59.4059405940594
LTIM,Mar 2022,IT Services,operating_profit_margin_pct,20.10417863571948,49.504950495049506
LTIM,Mar 2023,IT Services,operating_profit_margin_pct,18.40701564053883,41.584158415841586
LTIM,Mar 2024,IT Services,operating_profit_margin_pct,17.982937748120616,36.633663366336634
LTIM,TTM,IT Services,operating_profit_margin_pct,17.32877265749145,26.732673267326735
TCS,Mar 2013,IT Services,operating_profit_margin_pct,28.639921256092332,99.00990099009901
TCS,Mar 2014,IT Services,operating_profit_margin_pct,30.746005940666677,100.0
TCS,Mar 2015,IT Services,operating_profit_margin_pct,25.866368016228552,79.20792079207921
TCS,Mar 2016,IT Services,operating_profit_margin_pct,28.2357380851573,96.03960396039604
TCS,Mar 2017,IT Services,operating_profit_margin_pct,27.390095451231712,92.07920792079209
TCS,Mar 2018,IT Services,operating_profit_margin_pct,26.41343904341045,82.17821782178217
TCS,Mar 2019,IT Services,operating_profit_margin_pct,26.973365286795982,89.10891089108911
TCS,Mar 2020,IT Services,operating_profit_margin_pct,26.829734499741953,88.11881188118812
TCS,Mar 2021,IT Services,operating_profit_margin_pct,28.351108864213625,97.02970297029702
TCS,Mar 2022,IT Services,operating_profit_margin_pct,27.669305464292794,93.06930693069307
TCS,Mar 2023,IT Services,operating_profit_margin_pct,26.283831134845514,81.1881188118812
TCS,Mar 2024,IT Services,operating_profit_margin_pct,26.690688396923118,85.14851485148515
TCS,TTM,IT Services,operating_profit_margin_pct,26.813100499043962,87.12871287128714
TECHM,Mar 2013,IT Services,operating_profit_margin_pct,20.689655172413794,52.97029702970298
TECHM,Mar 2013,IT Services,operating_profit_margin_pct,20.689655172413794,52.97029702970298
TECHM,Mar 2013,IT Services,operating_profit_margin_pct,20.689655172413794,52.97029702970298
TECHM,Mar 2013,IT Services,operating_profit_margin_pct,20.689655172413794,52.97029702970298
TECHM,Mar 2014,IT Services,operating_profit_margin_pct,22.189128816083397,61.88118811881188
TECHM,Mar 2014,IT Services,operating_profit_margin_pct,22.189128816083397,61.88118811881188
TECHM,Mar 2014,IT Services,operating_profit_margin_pct,22.189128816083397,61.88118811881188
TECHM,Mar 2014,IT Services,operating_profit_margin_pct,22.189128816083397,61.88118811881188
TECHM,Mar 2015,IT Services,operating_profit_margin_pct,18.535873745634586,44.05940594059406
TECHM,Mar 2015,IT Services,operating_profit_margin_pct,18.535873745634586,44.05940594059406
TECHM,Mar 2015,IT Services,operating_profit_margin_pct,18.535873745634586,44.05940594059406
TECHM,Mar 2015,IT Services,operating_profit_margin_pct,18.535873745634586,44.05940594059406
TECHM,Mar 2016,IT Services,operating_profit_margin_pct,16.0791122518306,23.26732673267327
TECHM,Mar 2016,IT Services,operating_profit_margin_pct,16.0791122518306,23.26732673267327
TECHM,Mar 2016,IT Services,operating_profit_margin_pct,16.0791122518306,23.26732673267327
TECHM,Mar 2016,IT Services,operating_profit_margin_pct,16.0791122518306,23.26732673267327
TECHM,Mar 2017,IT Services,operating_profit_margin_pct,14.357777701520194,7.425742574257425
TECHM,Mar 2017,IT Services,operating_profit_margin_pct,14.357777701520194,7.425742574257425
TECHM,Mar 2017,IT Services,operating_profit_margin_pct,14.357777701520194,7.425742574257425
TECHM,Mar 2017,IT Services,operating_profit_margin_pct,14.357777701520194,7.425742574257425
TECHM,Mar 2018,IT Services,operating_profit_margin_pct,15.305625060930037,19.306930693069308
TECHM,Mar 2018,IT Services,operating_profit_margin_pct,15.305625060930037,19.306930693069308
TECHM,Mar 2018,IT Services,operating_profit_margin_pct,15.305625060930037,19.306930693069308
TECHM,Mar 2018,IT Services,operating_profit_margin_pct,15.305625060930037,19.306930693069308
TECHM,Mar 2019,IT Services,operating_profit_margin_pct,18.050198606873526,39.10891089108911
TECHM,Mar 2019,IT Services,operating_profit_margin_pct,18.050198606873526,39.10891089108911
TECHM,Mar 2019,IT Services,operating_profit_margin_pct,18.050198606873526,39.10891089108911
TECHM,Mar 2019,IT Services,operating_profit_margin_pct,18.050198606873526,39.10891089108911
TECHM,Mar 2020,IT Services,operating_profit_margin_pct,14.926223283063903,15.346534653465346
TECHM,Mar 2020,IT Services,operating_profit_margin_pct,14.926223283063903,15.346534653465346
TECHM,Mar 2020,IT Services,operating_profit_margin_pct,14.926223283063903,15.346534653465346
TECHM,Mar 2020,IT Services,operating_profit_margin_pct,14.926223283063903,15.346534653465346
TECHM,Mar 2021,IT Services,operating_profit_margin_pct,17.952714304583278,30.198019801980198
TECHM,Mar 2021,IT Services,operating_profit_margin_pct,17.952714304583278,30.198019801980198
TECHM,Mar 2021,IT Services,operating_profit_margin_pct,17.952714304583278,30.198019801980198
TECHM,Mar 2021,IT Services,operating_profit_margin_pct,17.952714304583278,30.198019801980198
TECHM,Mar 2022,IT Services,operating_profit_margin_pct,17.963535367110158,34.15841584158416
TECHM,Mar 2022,IT Services,operating_profit_margin_pct,17.963535367110158,34.15841584158416
TECHM,Mar 2022,IT Services,operating_profit_margin_pct,17.963535367110158,34.15841584158416
TECHM,Mar 2022,IT Services,operating_profit_margin_pct,17.963535367110158,34.15841584158416
TECHM,Mar 2023,IT Services,operating_profit_margin_pct,14.567461062112965,11.386138613861387
TECHM,Mar 2023,IT Services,operating_profit_margin_pct,14.567461062112965,11.386138613861387
TECHM,Mar 2023,IT Services,operating_profit_margin_pct,14.567461062112965,11.386138613861387
TECHM,Mar 2023,IT Services,operating_profit_margin_pct,14.567461062112965,11.386138613861387
TECHM,Mar 2024,IT Services,operating_profit_margin_pct,8.666051234710363,2.4752475247524752
TECHM,Mar 2024,IT Services,operating_profit_margin_pct,8.666051234710363,2.4752475247524752
TECHM,Mar 2024,IT Services,operating_profit_margin_pct,8.666051234710363,2.4752475247524752
TECHM,Mar 2024,IT Services,operating_profit_margin_pct,8.666051234710363,2.4752475247524752
TECHM,TTM,IT Services,operating_profit_margin_pct,11.858754478237671,4.9504950495049505
HCLTECH,Jun 2013,IT Services,net_profit_margin_pct,15.792971345920801,58.415841584158414
HCLTECH,Jun 2014,IT Services,net_profit_margin_pct,20.3086112493778,86.13861386138613
HCLTECH,Jun 2015,IT Services,net_profit_margin_pct,20.004904498515028,83.16831683168317
HCLTECH,Mar 2016 9m,IT Services,net_profit_margin_pct,17.992034943473794,69.3069306930693
HCLTECH,Mar 2017,IT Services,net_profit_margin_pct,18.091994618230743,70.29702970297029
HCLTECH,Mar 2018,IT Services,net_profit_margin_pct,17.24772093575115,67.32673267326733
HCLTECH,Mar 2019,IT Services,net_profit_margin_pct,16.747480430933194,65.34653465346535
HCLTECH,Mar 2020,IT Services,net_profit_margin_pct,15.644631841077594,55.44554455445545
HCLTECH,Mar 2021,IT Services,net_profit_margin_pct,14.817124132716009,50.495049504950494
HCLTECH,Mar 2022,IT Services,net_profit_margin_pct,15.78849050215409,57.42574257425742
HCLTECH,Mar 2023,IT Services,net_profit_margin_pct,14.631958681595963,48.51485148514851
HCLTECH,Mar 2024,IT Services,net_profit_margin_pct,14.293122742532729,45.54455445544555
HCLTECH,TTM,IT Services,net_profit_margin_pct,14.816838380684775,49.504950495049506
INFY,Mar 2013,IT Services,net_profit_margin_pct,23.366871530531323,99.00990099009901
INFY,Mar 2014,IT Services,net_profit_margin_pct,21.255460475136136,91.0891089108911
INFY,Mar 2015,IT Services,net_profit_margin_pct,23.20373600405109,98.01980198019803
INFY,Mar 2016,IT Services,net_profit_margin_pct,21.602793036626576,93.06930693069307
INFY,Mar 2017,IT Services,net_profit_margin_pct,20.958180012849716,88.11881188118812
INFY,Mar 2018,IT Services,net_profit_margin_pct,22.729077451008195,97.02970297029702
INFY,Mar 2019,IT Services,net_profit_margin_pct,18.639250075597218,73.26732673267327
INFY,Mar 2020,IT Services,net_profit_margin_pct,18.32670639160269,72.27722772277228
INFY,Mar 2021,IT Services,net_profit_margin_pct,19.331754120550997,80.19801980198021
INFY,Mar 2022,IT Services,net_profit_margin_pct,18.20603250548746,71.28712871287128
INFY,Mar 2023,IT Services,net_profit_margin_pct,16.426035825492104,64.35643564356435
INFY,Mar 2024,IT Services,net_profit_margin_pct,17.08075746730006,66.33663366336634
INFY,TTM,IT Services,net_profit_margin_pct,17.30567292546941,68.31683168316832
LTIM,Mar 2013,IT Services,net_profit_margin_pct,14.593612048818489,47.524752475247524
LTIM,Mar 2014,IT Services,net_profit_margin_pct,20.243902439024392,85.14851485148515
LTIM,Mar 2015,IT Services,net_profit_margin_pct,15.447971072719968,54.45544554455446
LTIM,Mar 2016,IT Services,net_profit_margin_pct,14.300376325692781,46.53465346534654
LTIM,Mar 2017,IT Services,net_profit_margin_pct,14.936163667128133,51.48514851485149
LTIM,Mar 2018,IT Services,net_profit_margin_pct,15.22036682179031,53.46534653465347
LTIM,Mar 2019,IT Services,net_profit_margin_pct,16.049121321194157,59.4059405940594
LTIM,Mar 2020,IT Services,net_profit_margin_pct,13.971872414744002,44.554455445544555
LTIM,Mar 2021,IT Services,net_profit_margin_pct,15.666936135812449,56.43564356435643
LTIM,Mar 2022,IT Services,net_profit_margin_pct,15.128882760733847,52.475247524752476
LTIM,Mar 2023,IT Services,net_profit_margin_pct,13.289937618660158,43.56435643564357
LTIM,Mar 2024,IT Services,net_profit_margin_pct,12.90931103415266,42.57425742574257
LTIM,TTM,IT Services,net_profit_margin_pct,12.319211398098522,33.663366336633665
TCS,Mar 2013,IT Services,net_profit_margin_pct,22.346758957913288,95.04950495049505
TCS,Mar 2014,IT Services,net_profit_margin_pct,23.630651884267014,100.0
TCS,Mar 2015,IT Services,net_profit_margin_pct,21.194320006761895,90.0990099009901
TCS,Mar 2016,IT Services,net_profit_margin_pct,22.401192864900686,96.03960396039604
TCS,Mar 2017,IT Services,net_profit_margin_pct,22.342878456504415,94.05940594059405
TCS,Mar 2018,IT Services,net_profit_margin_pct,21.02287496750715,89.10891089108911
TCS,Mar 2019,IT Services,net_profit_margin_pct,21.549469831971216,92.07920792079209
TCS,Mar 2020,IT Services,net_profit_margin_pct,20.673594607165384,87.12871287128714
TCS,Mar 2021,IT Services,net_profit_margin_pct,19.833472410873632,82.17821782178217
TCS,Mar 2022,IT Services,net_profit_margin_pct,20.051211448001087,84.15841584158416
TCS,Mar 2023,IT Services,net_profit_margin_pct,18.763139919630266,74.25742574257426
TCS,Mar 2024,IT Services,net_profit_margin_pct,19.136712150207767,79.20792079207921
TCS,TTM,IT Services,net_profit_margin_pct,19.440499519997463,81.1881188118812
TECHM,Mar 2013,IT Services,net_profit_margin_pct,19.01644114651535,76.73267326732673
TECHM,Mar 2013,IT Services,net_profit_margin_pct,19.01644114651535,76.73267326732673
TECHM,Mar 2013,IT Services,net_profit_margin_pct,19.01644114651535,76.73267326732673
TECHM,Mar 2013,IT Services,net_profit_margin_pct,19.01644114651535,76.73267326732673
TECHM,Mar 2014,IT Services,net_profit_margin_pct,16.28550154238911,61.88118811881188
TECHM,Mar 2014,IT Services,net_profit_margin_pct,16.28550154238911,61.88118811881188
TECHM,Mar 2014,IT Services,net_profit_margin_pct,16.28550154238911,61.88118811881188
TECHM,Mar 2014,IT Services,net_profit_margin_pct,16.28550154238911,61.88118811881188
TECHM,Mar 2015,IT Services,net_profit_margin_pct,11.754564342867248,27.22772277227723
TECHM,Mar 2015,IT Services,net_profit_margin_pct,11.754564342867248,27.22772277227723
TECHM,Mar 2015,IT Services,net_profit_margin_pct,11.754564342867248,27.22772277227723
TECHM,Mar 2015,IT Services,net_profit_margin_pct,11.754564342867248,27.22772277227723
TECHM,Mar 2016,IT Services,net_profit_margin_pct,11.425228353589493,19.306930693069308
TECHM,Mar 2016,IT Services,net_profit_margin_pct,11.425228353589493,19.306930693069308
TECHM,Mar 2016,IT Services,net_profit_margin_pct,11.425228353589493,19.306930693069308
TECHM,Mar 2016,IT Services,net_profit_margin_pct,11.425228353589493,19.306930693069308
TECHM,Mar 2017,IT Services,net_profit_margin_pct,9.783466593459387,11.386138613861387
TECHM,Mar 2017,IT Services,net_profit_margin_pct,9.783466593459387,11.386138613861387
TECHM,Mar 2017,IT Services,net_profit_margin_pct,9.783466593459387,11.386138613861387
TECHM,Mar 2017,IT Services,net_profit_margin_pct,9.783466593459387,11.386138613861387
TECHM,Mar 2018,IT Services,net_profit_margin_pct,12.302992883371786,31.18811881188119
TECHM,Mar 2018,IT Services,net_profit_margin_pct,12.302992883371786,31.18811881188119
TECHM,Mar 2018,IT Services,net_profit_margin_pct,12.302992883371786,31.18811881188119
TECHM,Mar 2018,IT Services,net_profit_margin_pct,12.302992883371786,31.18811881188119
TECHM,Mar 2019,IT Services,net_profit_margin_pct,12.345288123884636,36.13861386138614
TECHM,Mar 2019,IT Services,net_profit_margin_pct,12.345288123884636,36.13861386138614
TECHM,Mar 2019,IT Services,net_profit_margin_pct,12.345288123884636,36.13861386138614
TECHM,Mar 2019,IT Services,net_profit_margin_pct,12.345288123884636,36.13861386138614
TECHM,Mar 2020,IT Services,net_profit_margin_pct,10.570142128675274,15.346534653465346
TECHM,Mar 2020,IT Services,net_profit_margin_pct,10.570142128675274,15.346534653465346
TECHM,Mar 2020,IT Services,net_profit_margin_pct,10.570142128675274,15.346534653465346
TECHM,Mar 2020,IT Services,net_profit_margin_pct,10.570142128675274,15.346534653465346
TECHM,Mar 2021,IT Services,net_profit_margin_pct,11.499141460837405,23.26732673267327
TECHM,Mar 2021,IT Services,net_profit_margin_pct,11.499141460837405,23.26732673267327
TECHM,Mar 2021,IT Services,net_profit_margin_pct,11.499141460837405,23.26732673267327
TECHM,Mar 2021,IT Services,net_profit_margin_pct,11.499141460837405,23.26732673267327
TECHM,Mar 2022,IT Services,net_profit_margin_pct,12.610312234018725,40.099009900990104
TECHM,Mar 2022,IT Services,net_profit_margin_pct,12.610312234018725,40.099009900990104
TECHM,Mar 2022,IT Services,net_profit_margin_pct,12.610312234018725,40.099009900990104
TECHM,Mar 2022,IT Services,net_profit_margin_pct,12.610312234018725,40.099009900990104
TECHM,Mar 2023,IT Services,net_profit_margin_pct,9.11428035278664,7.425742574257425
TECHM,Mar 2023,IT Services,net_profit_margin_pct,9.11428035278664,7.425742574257425
TECHM,Mar 2023,IT Services,net_profit_margin_pct,9.11428035278664,7.425742574257425
TECHM,Mar 2023,IT Services,net_profit_margin_pct,9.11428035278664,7.425742574257425
TECHM,Mar 2024,IT Services,net_profit_margin_pct,4.60996999769213,2.4752475247524752
TECHM,Mar 2024,IT Services,net_profit_margin_pct,4.60996999769213,2.4752475247524752
TECHM,Mar 2024,IT Services,net_profit_margin_pct,4.60996999769213,2.4752475247524752
TECHM,Mar 2024,IT Services,net_profit_margin_pct,4.60996999769213,2.4752475247524752
TECHM,TTM,IT Services,net_profit_margin_pct,7.193764768656148,4.9504950495049505
HCLTECH,Jun 2013,IT Services,debt_to_equity,0.07930720145852324,56.84210526315789
HCLTECH,Jun 2014,IT Services,debt_to_equity,0.05207161125319693,71.57894736842105
HCLTECH,Jun 2015,IT Services,debt_to_equity,0.026750330250990752,76.84210526315789
HCLTECH,Mar 2016 9m,IT Services,debt_to_equity,,
HCLTECH,Mar 2017,IT Services,debt_to_equity,0.01766366202312665,80.0
HCLTECH,Mar 2018,IT Services,debt_to_equity,0.015308085527400648,81.05263157894737
HCLTECH,Mar 2019,IT Services,debt_to_equity,0.10141178745829908,26.315789473684216
HCLTECH,Mar 2020,IT Services,debt_to_equity,0.15577271929311254,10.526315789473683
HCLTECH,Mar 2021,IT Services,debt_to_equity,0.11456612087526914,19.999999999999996
HCLTECH,Mar 2022,IT Services,debt_to_equity,0.10244855767677746,25.263157894736842
HCLTECH,Mar 2023,IT Services,debt_to_equity,0.07329714853604465,62.10526315789473
HCLTECH,Mar 2024,IT Services,debt_to_equity,0.08435023365512796,51.578947368421055
HCLTECH,TTM,IT Services,debt_to_equity,,
INFY,Mar 2013,IT Services,debt_to_equity,0.0,94.21052631578948
INFY,Mar 2014,IT Services,debt_to_equity,0.0,94.21052631578948
INFY,Mar 2015,IT Services,debt_to_equity,0.0,94.21052631578948
INFY,Mar 2016,IT Services,debt_to_equity,0.0,94.21052631578948
INFY,Mar 2017,IT Services,debt_to_equity,0.0,94.21052631578948
INFY,Mar 2018,IT Services,debt_to_equity,0.0,94.21052631578948
INFY,Mar 2019,IT Services,debt_to_equity,0.0,94.21052631578948
INFY,Mar 2020,IT Services,debt_to_equity,0.0707868601986249,64.21052631578948
INFY,Mar 2021,IT Services,debt_to_equity,0.06974368377624393,65.26315789473685
INFY,Mar 2022,IT Services,debt_to_equity,0.07264764432647644,63.1578947368421
INFY,Mar 2023,IT Services,debt_to_equity,0.11005609558794277,21.052631578947366
INFY,Mar 2024,IT Services,debt_to_equity,0.09486358890553362,45.263157894736835
INFY,TTM,IT Services,debt_to_equity,,
LTIM,Mar 2013,IT Services,debt_to_equity,0.17475728155339806,4.210526315789476
LTIM,Mar 2014,IT Services,debt_to_equity,0.06832298136645963,66.31578947368422
LTIM,Mar 2015,IT Services,debt_to_equity,0.10760118460019744,23.15789473684211
LTIM,Mar 2016,IT Services,debt_to_equity,0.02588235294117647,77.89473684210526
LTIM,Mar 2017,IT Services,debt_to_equity,0.0,94.21052631578948
LTIM,Mar 2018,IT Services,debt_to_equity,0.0,94.21052631578948
LTIM,Mar 2019,IT Services,debt_to_equity,0.0,94.21052631578948
LTIM,Mar 2020,IT Services,debt_to_equity,0.1687638786084382,5.263157894736848
LTIM,Mar 2021,IT Services,debt_to_equity,0.1092552026286966,22.10526315789474
LTIM,Mar 2022,IT Services,debt_to_equity,0.018057110862262037,78.94736842105263
LTIM,Mar 2023,IT Services,debt_to_equity,0.09287608486017358,46.31578947368421
LTIM,Mar 2024,IT Services,debt_to_equity,0.10345688880007993,24.210526315789473
LTIM,TTM,IT Services,debt_to_equity,,
TCS,Mar 2013,IT Services,debt_to_equity,0.008613085663882115,82.10526315789474
TCS,Mar 2014,IT Services,debt_to_equity,0.006037198902327472,84.21052631578947
TCS,Mar 2015,IT Services,debt_to_equity,0.007070208353905401,83.15789473684211
TCS,Mar 2016,IT Services,debt_to_equity,0.0034472084646555608,85.26315789473684
TCS,Mar 2017,IT Services,debt_to_equity,0.003352123785000116,86.31578947368422
TCS,Mar 2018,IT Services,debt_to_equity,0.002901513015694014,87.36842105263159
TCS,Mar 2019,IT Services,debt_to_equity,0.000693155646982537,88.42105263157895
TCS,Mar 2020,IT Services,debt_to_equity,0.09716377814231035,40.0
TCS,Mar 2021,IT Services,debt_to_equity,0.09018546157139055,47.36842105263158
TCS,Mar 2022,IT Services,debt_to_equity,0.08770571803587655,49.473684210526315
TCS,Mar 2023,IT Services,debt_to_equity,0.08502167566132886,50.526315789473685
TCS,Mar 2024,IT Services,debt_to_equity,0.0886406082507266,48.421052631578945
TCS,TTM,IT Services,debt_to_equity,,
TECHM,Mar 2013,IT Services,debt_to_equity,0.25433099889421307,1.5789473684210575
TECHM,Mar 2013,IT Services,debt_to_equity,0.25433099889421307,1.5789473684210575
TECHM,Mar 2013,IT Services,debt_to_equity,0.25433099889421307,1.5789473684210575
TECHM,Mar 2013,IT Services,debt_to_equity,0.25433099889421307,1.5789473684210575
TECHM,Mar 2014,IT Services,debt_to_equity,0.03953387061642344,74.21052631578947
TECHM,Mar 2014,IT Services,debt_to_equity,0.03953387061642344,74.21052631578947
TECHM,Mar 2014,IT Services,debt_to_equity,0.03953387061642344,74.21052631578947
TECHM,Mar 2014,IT Services,debt_to_equity,0.03953387061642344,74.21052631578947
TECHM,Mar 2015,IT Services,debt_to_equity,0.057152188112344876,68.94736842105263
TECHM,Mar 2015,IT Services,debt_to_equity,0.057152188112344876,68.94736842105263
TECHM,Mar 2015,IT Services,debt_to_equity,0.057152188112344876,68.94736842105263
TECHM,Mar 2015,IT Services,debt_to_equity,0.057152188112344876,68.94736842105263
TECHM,Mar 2016,IT Services,debt_to_equity,0.07477211979987664,59.47368421052632
TECHM,Mar 2016,IT Services,debt_to_equity,0.07477211979987664,59.47368421052632
TECHM,Mar 2016,IT Services,debt_to_equity,0.07477211979987664,59.47368421052632
TECHM,Mar 2016,IT Services,debt_to_equity,0.07477211979987664,59.47368421052632
TECHM,Mar 2017,IT Services,debt_to_equity,0.08310518951146803,54.21052631578947
TECHM,Mar 2017,IT Services,debt_to_equity,0.08310518951146803,54.21052631578947
TECHM,Mar 2017,IT Services,debt_to_equity,0.08310518951146803,54.21052631578947
TECHM,Mar 2017,IT Services,debt_to_equity,0.08310518951146803,54.21052631578947
TECHM,Mar 2018,IT Services,debt_to_equity,0.12720904314599585,13.157894736842103
TECHM,Mar 2018,IT Services,debt_to_equity,0.12720904314599585,13.157894736842103
TECHM,Mar 2018,IT Services,debt_to_equity,0.12720904314599585,13.157894736842103
TECHM,Mar 2018,IT Services,debt_to_equity,0.12720904314599585,13.157894736842103
TECHM,Mar 2019,IT Services,debt_to_equity,0.09839783090953907,28.947368421052634
TECHM,Mar 2019,IT Services,debt_to_equity,0.09839783090953907,28.947368421052634
TECHM,Mar 2019,IT Services,debt_to_equity,0.09839783090953907,28.947368421052634
TECHM,Mar 2019,IT Services,debt_to_equity,0.09839783090953907,28.947368421052634
TECHM,Mar 2020,IT Services,debt_to_equity,0.16824829230275523,7.8947368421052655
TECHM,Mar 2020,IT Services,debt_to_equity,0.16824829230275523,7.8947368421052655
TECHM,Mar 2020,IT Services,debt_to_equity,0.16824829230275523,7.8947368421052655
TECHM,Mar 2020,IT Services,debt_to_equity,0.16824829230275523,7.8947368421052655
TECHM,Mar 2021,IT Services,debt_to_equity,0.11667001809772773,17.36842105263158
TECHM,Mar 2021,IT Services,debt_to_equity,0.11667001809772773,17.36842105263158
TECHM,Mar 2021,IT Services,debt_to_equity,0.11667001809772773,17.36842105263158
TECHM,Mar 2021,IT Services,debt_to_equity,0.11667001809772773,17.36842105263158
TECHM,Mar 2022,IT Services,debt_to_equity,0.09737409804359146,37.36842105263158
TECHM,Mar 2022,IT Services,debt_to_equity,0.09737409804359146,37.36842105263158
TECHM,Mar 2022,IT Services,debt_to_equity,0.09737409804359146,37.36842105263158
TECHM,Mar 2022,IT Services,debt_to_equity,0.09737409804359146,37.36842105263158
TECHM,Mar 2023,IT Services,debt_to_equity,0.09812347801174617,33.15789473684211
TECHM,Mar 2023,IT Services,debt_to_equity,0.09812347801174617,33.15789473684211
TECHM,Mar 2023,IT Services,debt_to_equity,0.09812347801174617,33.15789473684211
TECHM,Mar 2023,IT Services,debt_to_equity,0.09812347801174617,33.15789473684211
TECHM,Mar 2024,IT Services,debt_to_equity,0.09512917619708275,42.63157894736842
TECHM,Mar 2024,IT Services,debt_to_equity,0.09512917619708275,42.63157894736842
TECHM,Mar 2024,IT Services,debt_to_equity,0.09512917619708275,42.63157894736842
TECHM,Mar 2024,IT Services,debt_to_equity,0.09512917619708275,42.63157894736842
TECHM,TTM,IT Services,debt_to_equity,,
HCLTECH,Jun 2013,IT Services,interest_coverage,53.58490566037736,60.824742268041234
HCLTECH,Jun 2014,IT Services,interest_coverage,70.48245614035088,69.0721649484536
HCLTECH,Jun 2015,IT Services,interest_coverage,93.25274725274726,79.38144329896907
HCLTECH,Mar 2016 9m,IT Services,interest_coverage,89.91891891891892,77.31958762886599
HCLTECH,Mar 2017,IT Services,interest_coverage,116.74157303370787,81.44329896907216
HCLTECH,Mar 2018,IT Services,interest_coverage,162.9855072463768,86.5979381443299
HCLTECH,Mar 2019,IT Services,interest_coverage,80.03448275862068,74.22680412371135
HCLTECH,Mar 2020,IT Services,interest_coverage,34.28910891089109,29.896907216494846
HCLTECH,Mar 2021,IT Services,interest_coverage,39.23287671232877,38.144329896907216
HCLTECH,Mar 2022,IT Services,interest_coverage,64.35423197492163,67.0103092783505
HCLTECH,Mar 2023,IT Services,interest_coverage,64.10198300283287,65.97938144329896
HCLTECH,Mar 2024,IT Services,interest_coverage,43.75768535262206,42.2680412371134
HCLTECH,TTM,IT Services,interest_coverage,38.147192716236724,32.98969072164948
INFY,Mar 2013,IT Services,interest_coverage,2307.6,100.0
INFY,Mar 2014,IT Services,interest_coverage,1487.7777777777778,98.96907216494846
INFY,Mar 2015,IT Services,interest_coverage,1240.25,97.9381443298969
INFY,Mar 2016,IT Services,interest_coverage,,
INFY,Mar 2017,IT Services,interest_coverage,,
INFY,Mar 2018,IT Services,interest_coverage,,
INFY,Mar 2019,IT Services,interest_coverage,,
INFY,Mar 2020,IT Services,interest_coverage,130.98235294117646,83.50515463917526
INFY,Mar 2021,IT Services,interest_coverage,143.02051282051283,84.5360824742268
INFY,Mar 2022,IT Services,interest_coverage,157.455,85.56701030927834
INFY,Mar 2023,IT Services,interest_coverage,123.69718309859155,82.4742268041237
INFY,Mar 2024,IT Services,interest_coverage,77.5,73.19587628865979
INFY,TTM,IT Services,interest_coverage,89.96462264150944,78.35051546391753
LTIM,Mar 2013,IT Services,interest_coverage,41.42857142857143,40.20618556701031
LTIM,Mar 2014,IT Services,interest_coverage,37.0,31.958762886597935
LTIM,Mar 2015,IT Services,interest_coverage,100.5,80.41237113402062
LTIM,Mar 2016,IT Services,interest_coverage,171.33333333333334,88.65979381443299
LTIM,Mar 2017,IT Services,interest_coverage,410.0,92.78350515463917
LTIM,Mar 2018,IT Services,interest_coverage,74.1875,71.1340206185567
LTIM,Mar 2019,IT Services,interest_coverage,171.1818181818182,87.62886597938144
LTIM,Mar 2020,IT Services,interest_coverage,24.44578313253012,15.463917525773196
LTIM,Mar 2021,IT Services,interest_coverage,34.49367088607595,30.927835051546392
LTIM,Mar 2022,IT Services,interest_coverage,42.67479674796748,41.23711340206185
LTIM,Mar 2023,IT Services,interest_coverage,40.72,39.175257731958766
LTIM,Mar 2024,IT Services,interest_coverage,28.77027027027027,20.618556701030926
LTIM,TTM,IT Services,interest_coverage,22.978571428571428,10.309278350515463
TCS,Mar 2013,IT Services,interest_coverage,375.8333333333333,91.75257731958763
TCS,Mar 2014,IT Services,interest_coverage,644.9487179487179,94.84536082474226
TCS,Mar 2015,IT Services,interest_coverage,235.40384615384616,90.72164948453609
TCS,Mar 2016,IT Services,interest_coverage,929.6060606060606,95.87628865979381
TCS,Mar 2017,IT Services,interest_coverage,1009.71875,96.90721649484536
TCS,Mar 2018,IT Services,interest_coverage,625.3076923076923,93.81443298969072
TCS,Mar 2019,IT Services,interest_coverage,199.5252525252525,89.69072164948454
TCS,Mar 2020,IT Services,interest_coverage,45.57251082251082,47.42268041237113
TCS,Mar 2021,IT Services,interest_coverage,73.07064364207221,70.10309278350515
TCS,Mar 2022,IT Services,interest_coverage,67.67474489795919,68.04123711340206
TCS,Mar 2023,IT Services,interest_coverage,76.07060333761233,72.16494845360825
TCS,Mar 2024,IT Services,interest_coverage,82.6426735218509,75.25773195876289
TCS,TTM,IT Services,interest_coverage,85.02012578616352,76.28865979381443
TECHM,Mar 2013,IT Services,interest_coverage,13.805825242718447,6.701030927835052
TECHM,Mar 2013,IT Services,interest_coverage,13.805825242718447,6.701030927835052
TECHM,Mar 2013,IT Services,interest_coverage,13.805825242718447,6.701030927835052
TECHM,Mar 2013,IT Services,interest_coverage,13.805825242718447,6.701030927835052
TECHM,Mar 2014,IT Services,interest_coverage,52.15,58.24742268041238
TECHM,Mar 2014,IT Services,interest_coverage,52.15,58.24742268041238
TECHM,Mar 2014,IT Services,interest_coverage,52.15,58.24742268041238
TECHM,Mar 2014,IT Services,interest_coverage,52.15,58.24742268041238
TECHM,Mar 2015,IT Services,interest_coverage,60.768115942028984,63.4020618556701
TECHM,Mar 2015,IT Services,interest_coverage,60.768115942028984,63.4020618556701
TECHM,Mar 2015,IT Services,interest_coverage,60.768115942028984,63.4020618556701
TECHM,Mar 2015,IT Services,interest_coverage,60.768115942028984,63.4020618556701
TECHM,Mar 2016,IT Services,interest_coverage,43.91752577319588,44.84536082474227
TECHM,Mar 2016,IT Services,interest_coverage,43.91752577319588,44.84536082474227
TECHM,Mar 2016,IT Services,interest_coverage,43.91752577319588,44.84536082474227
TECHM,Mar 2016,IT Services,interest_coverage,43.91752577319588,44.84536082474227
TECHM,Mar 2017,IT Services,interest_coverage,32.434108527131784,27.31958762886598
TECHM,Mar 2017,IT Services,interest_coverage,32.434108527131784,27.31958762886598
TECHM,Mar 2017,IT Services,interest_coverage,32.434108527131784,27.31958762886598
TECHM,Mar 2017,IT Services,interest_coverage,32.434108527131784,27.31958762886598
TECHM,Mar 2018,IT Services,interest_coverage,29.074074074074073,23.195876288659793
TECHM,Mar 2018,IT Services,interest_coverage,29.074074074074073,23.195876288659793
TECHM,Mar 2018,IT Services,interest_coverage,29.074074074074073,23.195876288659793
TECHM,Mar 2018,IT Services,interest_coverage,29.074074074074073,23.195876288659793
TECHM,Mar 2019,IT Services,interest_coverage,47.150375939849624,50.0
TECHM,Mar 2019,IT Services,interest_coverage,47.150375939849624,50.0
TECHM,Mar 2019,IT Services,interest_coverage,47.150375939849624,50.0
TECHM,Mar 2019,IT Services,interest_coverage,47.150375939849624,50.0
TECHM,Mar 2020,IT Services,interest_coverage,28.661458333333332,18.04123711340206
TECHM,Mar 2020,IT Services,interest_coverage,28.661458333333332,18.04123711340206
TECHM,Mar 2020,IT Services,interest_coverage,28.661458333333332,18.04123711340206
TECHM,Mar 2020,IT Services,interest_coverage,28.661458333333332,18.04123711340206
TECHM,Mar 2021,IT Services,interest_coverage,39.05747126436781,35.56701030927835
TECHM,Mar 2021,IT Services,interest_coverage,39.05747126436781,35.56701030927835
TECHM,Mar 2021,IT Services,interest_coverage,39.05747126436781,35.56701030927835
TECHM,Mar 2021,IT Services,interest_coverage,39.05747126436781,35.56701030927835
TECHM,Mar 2022,IT Services,interest_coverage,49.20245398773006,54.123711340206185
TECHM,Mar 2022,IT Services,interest_coverage,49.20245398773006,54.123711340206185
TECHM,Mar 2022,IT Services,interest_coverage,49.20245398773006,54.123711340206185
TECHM,Mar 2022,IT Services,interest_coverage,49.20245398773006,54.123711340206185
TECHM,Mar 2023,IT Services,interest_coverage,23.812883435582823,12.886597938144329
TECHM,Mar 2023,IT Services,interest_coverage,23.812883435582823,12.886597938144329
TECHM,Mar 2023,IT Services,interest_coverage,23.812883435582823,12.886597938144329
TECHM,Mar 2023,IT Services,interest_coverage,23.812883435582823,12.886597938144329
TECHM,Mar 2024,IT Services,interest_coverage,11.494897959183673,2.5773195876288657
TECHM,Mar 2024,IT Services,interest_coverage,11.494897959183673,2.5773195876288657
TECHM,Mar 2024,IT Services,interest_coverage,11.494897959183673,2.5773195876288657
TECHM,Mar 2024,IT Services,interest_coverage,11.494897959183673,2.5773195876288657
TECHM,TTM,IT Services,interest_coverage,21.09491525423729,9.278350515463918
HCLTECH,Jun 2013,IT Services,asset_turnover,1.1420599133889906,56.84210526315789
HCLTECH,Jun 2014,IT Services,asset_turnover,1.0721814543028685,44.21052631578947
HCLTECH,Jun 2015,IT Services,asset_turnover,1.0413108242303872,41.05263157894737
HCLTECH,Mar 2016 9m,IT Services,asset_turnover,,
HCLTECH,Mar 2017,IT Services,asset_turnover,1.039465058345352,40.0
HCLTECH,Mar 2018,IT Services,asset_turnover,1.0537623205317885,43.15789473684211
HCLTECH,Mar 2019,IT Services,asset_turnover,1.035613292430033,34.73684210526316
HCLTECH,Mar 2020,IT Services,asset_turnover,0.8533790555307357,8.421052631578947
HCLTECH,Mar 2021,IT Services,asset_turnover,0.8760212442037492,10.526315789473683
HCLTECH,Mar 2022,IT Services,asset_turnover,0.9632257846852824,18.947368421052634
HCLTECH,Mar 2023,IT Services,asset_turnover,1.088,45.26315789473684
HCLTECH,Mar 2024,IT Services,asset_turnover,1.1101650405025958,46.31578947368421
HCLTECH,TTM,IT Services,asset_turnover,,
INFY,Mar 2013,IT Services,asset_turnover,0.8720043219881145,9.473684210526317
INFY,Mar 2014,IT Services,asset_turnover,0.8800512586455078,11.578947368421053
INFY,Mar 2015,IT Services,asset_turnover,0.804341595136448,5.263157894736842
INFY,Mar 2016,IT Services,asset_turnover,0.8314602253056007,7.368421052631578
INFY,Mar 2017,IT Services,asset_turnover,0.8236397748592871,6.315789473684211
INFY,Mar 2018,IT Services,asset_turnover,0.888757262221326,12.631578947368421
INFY,Mar 2019,IT Services,asset_turnover,0.9834534770299527,20.0
INFY,Mar 2020,IT Services,asset_turnover,0.98900871459695,25.263157894736842
INFY,Mar 2021,IT Services,asset_turnover,0.9345276297309113,13.684210526315791
INFY,Mar 2022,IT Services,asset_turnover,1.0420803742000702,42.10526315789473
INFY,Mar 2023,IT Services,asset_turnover,1.1779431121384314,69.47368421052632
INFY,Mar 2024,IT Services,asset_turnover,1.129760329363329,51.578947368421055
INFY,TTM,IT Services,asset_turnover,,
LTIM,Mar 2013,IT Services,asset_turnover,1.654209621993127,95.78947368421052
LTIM,Mar 2014,IT Services,asset_turnover,1.8454613653413354,98.94736842105263
LTIM,Mar 2015,IT Services,asset_turnover,1.671591672263264,97.89473684210527
LTIM,Mar 2016,IT Services,asset_turnover,1.8635639145680587,100.0
LTIM,Mar 2017,IT Services,asset_turnover,1.4718134480416571,93.6842105263158
LTIM,Mar 2018,IT Services,asset_turnover,1.3689338579726438,90.52631578947368
LTIM,Mar 2019,IT Services,asset_turnover,1.4174669867947178,92.63157894736842
LTIM,Mar 2020,IT Services,asset_turnover,1.2341463414634146,82.10526315789474
LTIM,Mar 2021,IT Services,asset_turnover,1.1554268634410612,58.94736842105262
LTIM,Mar 2022,IT Services,asset_turnover,1.2691522457709508,84.21052631578947
LTIM,Mar 2023,IT Services,asset_turnover,1.4131851284016865,91.57894736842105
LTIM,Mar 2024,IT Services,asset_turnover,1.2894641301190821,86.31578947368422
LTIM,TTM,IT Services,asset_turnover,,
TCS,Mar 2013,IT Services,asset_turnover,1.2129130401294,78.94736842105263
TCS,Mar 2014,IT Services,asset_turnover,1.224154184560595,80.0
TCS,Mar 2015,IT Services,asset_turnover,1.2909244660247143,87.36842105263159
TCS,Mar 2016,IT Services,asset_turnover,1.23054444960415,81.05263157894737
TCS,Mar 2017,IT Services,asset_turnover,1.152765969921726,57.89473684210527
TCS,Mar 2018,IT Services,asset_turnover,1.1710138310218214,64.21052631578948
TCS,Mar 2019,IT Services,asset_turnover,1.2858798430215714,85.26315789473684
TCS,Mar 2020,IT Services,asset_turnover,1.3065255937466183,88.42105263157895
TCS,Mar 2021,IT Services,asset_turnover,1.2629777217059512,83.15789473684211
TCS,Mar 2022,IT Services,asset_turnover,1.3606908688371038,89.47368421052632
TCS,Mar 2023,IT Services,asset_turnover,1.5781854835887132,94.73684210526315
TCS,Mar 2024,IT Services,asset_turnover,1.6559406621205455,96.84210526315789
TCS,TTM,IT Services,asset_turnover,,
TECHM,Mar 2013,IT Services,asset_turnover,0.765026714158504,2.631578947368421
TECHM,Mar 2013,IT Services,asset_turnover,0.765026714158504,2.631578947368421
TECHM,Mar 2013,IT Services,asset_turnover,0.765026714158504,2.631578947368421
TECHM,Mar 2013,IT Services,asset_turnover,0.765026714158504,2.631578947368421
TECHM,Mar 2014,IT Services,asset_turnover,1.1795483061480552,72.10526315789474
TECHM,Mar 2014,IT Services,asset_turnover,1.1795483061480552,72.10526315789474
TECHM,Mar 2014,IT Services,asset_turnover,1.1795483061480552,72.10526315789474
TECHM,Mar 2014,IT Services,asset_turnover,1.1795483061480552,72.10526315789474
TECHM,Mar 2015,IT Services,asset_turnover,1.1397118097541314,54.21052631578947
TECHM,Mar 2015,IT Services,asset_turnover,1.1397118097541314,54.21052631578947
TECHM,Mar 2015,IT Services,asset_turnover,1.1397118097541314,54.21052631578947
TECHM,Mar 2015,IT Services,asset_turnover,1.1397118097541314,54.21052631578947
TECHM,Mar 2016,IT Services,asset_turnover,1.176204217536071,66.84210526315789
TECHM,Mar 2016,IT Services,asset_turnover,1.176204217536071,66.84210526315789
TECHM,Mar 2016,IT Services,asset_turnover,1.176204217536071,66.84210526315789
TECHM,Mar 2016,IT Services,asset_turnover,1.176204217536071,66.84210526315789
TECHM,Mar 2017,IT Services,asset_turnover,1.1183559120389914,48.94736842105264
TECHM,Mar 2017,IT Services,asset_turnover,1.1183559120389914,48.94736842105264
TECHM,Mar 2017,IT Services,asset_turnover,1.1183559120389914,48.94736842105264
TECHM,Mar 2017,IT Services,asset_turnover,1.1183559120389914,48.94736842105264
TECHM,Mar 2018,IT Services,asset_turnover,1.0112385396470704,32.10526315789474
TECHM,Mar 2018,IT Services,asset_turnover,1.0112385396470704,32.10526315789474
TECHM,Mar 2018,IT Services,asset_turnover,1.0112385396470704,32.10526315789474
TECHM,Mar 2018,IT Services,asset_turnover,1.0112385396470704,32.10526315789474
TECHM,Mar 2019,IT Services,asset_turnover,1.0387490282843987,37.368421052631575
TECHM,Mar 2019,IT Services,asset_turnover,1.0387490282843987,37.368421052631575
TECHM,Mar 2019,IT Services,asset_turnover,1.0387490282843987,37.368421052631575
TECHM,Mar 2019,IT Services,asset_turnover,1.0387490282843987,37.368421052631575
TECHM,Mar 2020,IT Services,asset_turnover,0.9879414759633421,22.63157894736842
TECHM,Mar 2020,IT Services,asset_turnover,0.9879414759633421,22.63157894736842
TECHM,Mar 2020,IT Services,asset_turnover,0.9879414759633421,22.63157894736842
TECHM,Mar 2020,IT Services,asset_turnover,0.9879414759633421,22.63157894736842
TECHM,Mar 2021,IT Services,asset_turnover,0.9558860663602848,16.315789473684212
TECHM,Mar 2021,IT Services,asset_turnover,0.9558860663602848,16.315789473684212
TECHM,Mar 2021,IT Services,asset_turnover,0.9558860663602848,16.315789473684212
TECHM,Mar 2021,IT Services,asset_turnover,0.9558860663602848,16.315789473684212
TECHM,Mar 2022,IT Services,asset_turnover,1.0051783141210375,27.89473684210526
TECHM,Mar 2022,IT Services,asset_turnover,1.0051783141210375,27.89473684210526
TECHM,Mar 2022,IT Services,asset_turnover,1.0051783141210375,27.89473684210526
TECHM,Mar 2022,IT Services,asset_turnover,1.0051783141210375,27.89473684210526
TECHM,Mar 2023,IT Services,asset_turnover,1.162851594038449,61.578947368421055
TECHM,Mar 2023,IT Services,asset_turnover,1.162851594038449,61.578947368421055
TECHM,Mar 2023,IT Services,asset_turnover,1.162851594038449,61.578947368421055
TECHM,Mar 2023,IT Services,asset_turnover,1.162851594038449,61.578947368421055
TECHM,Mar 2024,IT Services,asset_turnover,1.2050337203643189,76.31578947368422
TECHM,Mar 2024,IT Services,asset_turnover,1.2050337203643189,76.31578947368422
TECHM,Mar 2024,IT Services,asset_turnover,1.2050337203643189,76.31578947368422
TECHM,Mar 2024,IT Services,asset_turnover,1.2050337203643189,76.31578947368422
TECHM,TTM,IT Services,asset_turnover,,
HCLTECH,Jun 2013,IT Services,free_cash_flow,2131.0,41.05263157894737
HCLTECH,Jun 2014,IT Services,free_cash_flow,1615.0,34.73684210526316
HCLTECH,Jun 2015,IT Services,free_cash_flow,3451.0,55.78947368421052
HCLTECH,Mar 2016 9m,IT Services,free_cash_flow,,
HCLTECH,Mar 2017,IT Services,free_cash_flow,5105.0,66.3157894736842
HCLTECH,Mar 2018,IT Services,free_cash_flow,6092.0,74.73684210526315
HCLTECH,Mar 2019,IT Services,free_cash_flow,5715.0,73.68421052631578
HCLTECH,Mar 2020,IT Services,free_cash_flow,1027.0,24.210526315789473
HCLTECH,Mar 2021,IT Services,free_cash_flow,13953.0,81.05263157894737
HCLTECH,Mar 2022,IT Services,free_cash_flow,15303.0,85.26315789473684
HCLTECH,Mar 2023,IT Services,free_cash_flow,14436.0,84.21052631578947
HCLTECH,Mar 2024,IT Services,free_cash_flow,15840.0,86.31578947368422
HCLTECH,TTM,IT Services,free_cash_flow,,
INFY,Mar 2013,IT Services,free_cash_flow,4451.0,56.84210526315789
INFY,Mar 2014,IT Services,free_cash_flow,7262.0,75.78947368421053
INFY,Mar 2015,IT Services,free_cash_flow,7354.0,76.84210526315789
INFY,Mar 2016,IT Services,free_cash_flow,9143.0,80.0
INFY,Mar 2017,IT Services,free_cash_flow,-3133.0,1.0526315789473684
INFY,Mar 2018,IT Services,free_cash_flow,8685.0,78.94736842105263
INFY,Mar 2019,IT Services,free_cash_flow,14209.0,83.15789473684211
INFY,Mar 2020,IT Services,free_cash_flow,16672.0,88.42105263157895
INFY,Mar 2021,IT Services,free_cash_flow,15851.0,87.36842105263159
INFY,Mar 2022,IT Services,free_cash_flow,17400.0,89.47368421052632
INFY,Mar 2023,IT Services,free_cash_flow,21396.0,92.63157894736842
INFY,Mar 2024,IT Services,free_cash_flow,20117.0,91.57894736842105
INFY,TTM,IT Services,free_cash_flow,,
LTIM,Mar 2013,IT Services,free_cash_flow,384.0,11.578947368421053
LTIM,Mar 2014,IT Services,free_cash_flow,448.0,13.684210526315791
LTIM,Mar 2015,IT Services,free_cash_flow,539.0,14.736842105263156
LTIM,Mar 2016,IT Services,free_cash_flow,818.0,22.105263157894736
LTIM,Mar 2017,IT Services,free_cash_flow,209.0,2.1052631578947367
LTIM,Mar 2018,IT Services,free_cash_flow,392.0,12.631578947368421
LTIM,Mar 2019,IT Services,free_cash_flow,646.0,20.0
LTIM,Mar 2020,IT Services,free_cash_flow,1001.0,23.157894736842106
LTIM,Mar 2021,IT Services,free_cash_flow,743.0,21.052631578947366
LTIM,Mar 2022,IT Services,free_cash_flow,1608.0,33.68421052631579
LTIM,Mar 2023,IT Services,free_cash_flow,2824.0,50.526315789473685
LTIM,Mar 2024,IT Services,free_cash_flow,1752.0,40.0
LTIM,TTM,IT Services,free_cash_flow,,
TCS,Mar 2013,IT Services,free_cash_flow,5577.0,72.63157894736842
TCS,Mar 2014,IT Services,free_cash_flow,5299.0,67.36842105263158
TCS,Mar 2015,IT Services,free_cash_flow,17562.0,90.52631578947368
TCS,Mar 2016,IT Services,free_cash_flow,14099.0,82.10526315789474
TCS,Mar 2017,IT Services,free_cash_flow,8328.0,77.89473684210526
TCS,Mar 2018,IT Services,free_cash_flow,21963.0,93.6842105263158
TCS,Mar 2019,IT Services,free_cash_flow,26948.0,95.78947368421052
TCS,Mar 2020,IT Services,free_cash_flow,23401.0,94.73684210526315
TCS,Mar 2021,IT Services,free_cash_flow,30846.0,96.84210526315789
TCS,Mar 2022,IT Services,free_cash_flow,39211.0,98.94736842105263
TCS,Mar 2023,IT Services,free_cash_flow,41417.0,100.0
TCS,Mar 2024,IT Services,free_cash_flow,38247.0,97.89473684210527
TCS,TTM,IT Services,free_cash_flow,,
TECHM,Mar 2013,IT Services,free_cash_flow,233.0,4.736842105263158
TECHM,Mar 2013,IT Services,free_cash_flow,233.0,4.736842105263158
TECHM,Mar 2013,IT Services,free_cash_flow,233.0,4.736842105263158
TECHM,Mar 2013,IT Services,free_cash_flow,233.0,4.736842105263158
TECHM,Mar 2014,IT Services,free_cash_flow,1305.0,31.05263157894737
TECHM,Mar 2014,IT Services,free_cash_flow,1305.0,31.05263157894737
TECHM,Mar 2014,IT Services,free_cash_flow,1305.0,31.05263157894737
TECHM,Mar 2014,IT Services,free_cash_flow,1305.0,31.05263157894737
TECHM,Mar 2015,IT Services,free_cash_flow,583.0,17.36842105263158
TECHM,Mar 2015,IT Services,free_cash_flow,583.0,17.36842105263158
TECHM,Mar 2015,IT Services,free_cash_flow,583.0,17.36842105263158
TECHM,Mar 2015,IT Services,free_cash_flow,583.0,17.36842105263158
TECHM,Mar 2016,IT Services,free_cash_flow,1684.0,37.368421052631575
TECHM,Mar 2016,IT Services,free_cash_flow,1684.0,37.368421052631575
TECHM,Mar 2016,IT Services,free_cash_flow,1684.0,37.368421052631575
TECHM,Mar 2016,IT Services,free_cash_flow,1684.0,37.368421052631575
TECHM,Mar 2017,IT Services,free_cash_flow,1178.0,26.842105263157894
TECHM,Mar 2017,IT Services,free_cash_flow,1178.0,26.842105263157894
TECHM,Mar 2017,IT Services,free_cash_flow,1178.0,26.842105263157894
TECHM,Mar 2017,IT Services,free_cash_flow,1178.0,26.842105263157894
TECHM,Mar 2018,IT Services,free_cash_flow,235.0,8.947368421052632
TECHM,Mar 2018,IT Services,free_cash_flow,235.0,8.947368421052632
TECHM,Mar 2018,IT Services,free_cash_flow,235.0,8.947368421052632
TECHM,Mar 2018,IT Services,free_cash_flow,235.0,8.947368421052632
TECHM,Mar 2019,IT Services,free_cash_flow,2328.0,43.684210526315795
TECHM,Mar 2019,IT Services,free_cash_flow,2328.0,43.684210526315795
TECHM,Mar 2019,IT Services,free_cash_flow,2328.0,43.684210526315795
TECHM,Mar 2019,IT Services,free_cash_flow,2328.0,43.684210526315795
TECHM,Mar 2020,IT Services,free_cash_flow,3277.0,53.1578947368421
TECHM,Mar 2020,IT Services,free_cash_flow,3277.0,53.1578947368421
TECHM,Mar 2020,IT Services,free_cash_flow,3277.0,53.1578947368421
TECHM,Mar 2020,IT Services,free_cash_flow,3277.0,53.1578947368421
TECHM,Mar 2021,IT Services,free_cash_flow,2661.0,47.89473684210526
TECHM,Mar 2021,IT Services,free_cash_flow,2661.0,47.89473684210526
TECHM,Mar 2021,IT Services,free_cash_flow,2661.0,47.89473684210526
TECHM,Mar 2021,IT Services,free_cash_flow,2661.0,47.89473684210526
TECHM,Mar 2022,IT Services,free_cash_flow,4805.0,59.473684210526315
TECHM,Mar 2022,IT Services,free_cash_flow,4805.0,59.473684210526315
TECHM,Mar 2022,IT Services,free_cash_flow,4805.0,59.473684210526315
TECHM,Mar 2022,IT Services,free_cash_flow,4805.0,59.473684210526315
TECHM,Mar 2023,IT Services,free_cash_flow,5346.0,70.0
TECHM,Mar 2023,IT Services,free_cash_flow,5346.0,70.0
TECHM,Mar 2023,IT Services,free_cash_flow,5346.0,70.0
TECHM,Mar 2023,IT Services,free_cash_flow,5346.0,70.0
TECHM,Mar 2024,IT Services,free_cash_flow,5058.0,63.68421052631579
TECHM,Mar 2024,IT Services,free_cash_flow,5058.0,63.68421052631579
TECHM,Mar 2024,IT Services,free_cash_flow,5058.0,63.68421052631579
TECHM,Mar 2024,IT Services,free_cash_flow,5058.0,63.68421052631579
TECHM,TTM,IT Services,free_cash_flow,,
HCLTECH,Jun 2013,IT Services,cfo_quality_score,1.111881188118812,68.42105263157895
HCLTECH,Jun 2014,IT Services,cfo_quality_score,0.9891237745098039,49.473684210526315
HCLTECH,Jun 2015,IT Services,cfo_quality_score,0.7544265867611005,13.684210526315791
HCLTECH,Mar 2016 9m,IT Services,cfo_quality_score,,
HCLTECH,Mar 2017,IT Services,cfo_quality_score,1.0452010225424122,64.21052631578948
HCLTECH,Mar 2018,IT Services,cfo_quality_score,0.9548268745700528,42.10526315789473
HCLTECH,Mar 2019,IT Services,cfo_quality_score,0.8864624505928854,24.210526315789473
HCLTECH,Mar 2020,IT Services,cfo_quality_score,1.2081939043140093,81.05263157894737
HCLTECH,Mar 2021,IT Services,cfo_quality_score,1.756468797564688,91.57894736842105
HCLTECH,Mar 2022,IT Services,cfo_quality_score,1.2497226946683428,85.26315789473684
HCLTECH,Mar 2023,IT Services,cfo_quality_score,1.2131357359380264,82.10526315789474
HCLTECH,Mar 2024,IT Services,cfo_quality_score,1.428898790579249,90.52631578947368
HCLTECH,TTM,IT Services,cfo_quality_score,,
INFY,Mar 2013,IT Services,cfo_quality_score,0.781949305334606,16.842105263157894
INFY,Mar 2014,IT Services,cfo_quality_score,0.9220157657657657,31.57894736842105
INFY,Mar 2015,IT Services,cfo_quality_score,0.6751535725832525,10.526315789473683
INFY,Mar 2016,IT Services,cfo_quality_score,0.7434205649047372,12.631578947368421
INFY,Mar 2017,IT Services,cfo_quality_score,0.8033860516965095,18.947368421052634
INFY,Mar 2018,IT Services,cfo_quality_score,0.8246303574770728,21.052631578947366
INFY,Mar 2019,IT Services,cfo_quality_score,0.9630759247242051,46.31578947368421
INFY,Mar 2020,IT Services,cfo_quality_score,1.0218763146823728,52.63157894736842
INFY,Mar 2021,IT Services,cfo_quality_score,1.195695824537919,78.94736842105263
INFY,Mar 2022,IT Services,cfo_quality_score,1.0785243384809897,65.26315789473685
INFY,Mar 2023,IT Services,cfo_quality_score,0.9319313091090095,32.631578947368425
INFY,Mar 2024,IT Services,cfo_quality_score,0.9604541298384639,44.21052631578947
INFY,TTM,IT Services,cfo_quality_score,,
LTIM,Mar 2013,IT Services,cfo_quality_score,1.0818505338078293,67.36842105263158
LTIM,Mar 2014,IT Services,cfo_quality_score,0.6305220883534136,5.263157894736842
LTIM,Mar 2015,IT Services,cfo_quality_score,0.834850455136541,23.157894736842106
LTIM,Mar 2016,IT Services,cfo_quality_score,1.0263157894736843,53.68421052631579
LTIM,Mar 2017,IT Services,cfo_quality_score,1.2049433573635426,80.0
LTIM,Mar 2018,IT Services,cfo_quality_score,0.7589928057553957,14.736842105263156
LTIM,Mar 2019,IT Services,cfo_quality_score,0.9201846965699209,26.31578947368421
LTIM,Mar 2020,IT Services,cfo_quality_score,1.081578947368421,66.3157894736842
LTIM,Mar 2021,IT Services,cfo_quality_score,1.238390092879257,84.21052631578947
LTIM,Mar 2022,IT Services,cfo_quality_score,0.8230379746835443,20.0
LTIM,Mar 2023,IT Services,cfo_quality_score,0.7018140589569161,11.578947368421053
LTIM,Mar 2024,IT Services,cfo_quality_score,1.2366412213740459,83.15789473684211
LTIM,TTM,IT Services,cfo_quality_score,,
TCS,Mar 2013,IT Services,cfo_quality_score,0.8251633986928104,22.105263157894736
TCS,Mar 2014,IT Services,cfo_quality_score,0.7630353817504656,15.789473684210526
TCS,Mar 2015,IT Services,cfo_quality_score,0.9655533399800598,47.368421052631575
TCS,Mar 2016,IT Services,cfo_quality_score,0.785150792998603,17.894736842105264
TCS,Mar 2017,IT Services,cfo_quality_score,0.9569753765603065,43.15789473684211
TCS,Mar 2018,IT Services,cfo_quality_score,0.9685857805255024,48.421052631578945
TCS,Mar 2019,IT Services,cfo_quality_score,0.9059311830682466,25.263157894736842
TCS,Mar 2020,IT Services,cfo_quality_score,0.9975960797608407,51.578947368421055
TCS,Mar 2021,IT Services,cfo_quality_score,1.191634420490142,77.89473684210526
TCS,Mar 2022,IT Services,cfo_quality_score,1.0390127181461157,63.1578947368421
TCS,Mar 2023,IT Services,cfo_quality_score,0.9920100229298159,50.526315789473685
TCS,Mar 2024,IT Services,cfo_quality_score,0.9617996051975097,45.26315789473684
TCS,TTM,IT Services,cfo_quality_score,,
TECHM,Mar 2013,IT Services,cfo_quality_score,0.6541698546289212,7.894736842105263
TECHM,Mar 2013,IT Services,cfo_quality_score,0.6541698546289212,7.894736842105263
TECHM,Mar 2013,IT Services,cfo_quality_score,0.6541698546289212,7.894736842105263
TECHM,Mar 2013,IT Services,cfo_quality_score,0.6541698546289212,7.894736842105263
TECHM,Mar 2014,IT Services,cfo_quality_score,0.5212279555845852,2.631578947368421
TECHM,Mar 2014,IT Services,cfo_quality_score,0.5212279555845852,2.631578947368421
TECHM,Mar 2014,IT Services,cfo_quality_score,0.5212279555845852,2.631578947368421
TECHM,Mar 2014,IT Services,cfo_quality_score,0.5212279555845852,2.631578947368421
TECHM,Mar 2015,IT Services,cfo_quality_score,0.9206468597216999,28.947368421052634
TECHM,Mar 2015,IT Services,cfo_quality_score,0.9206468597216999,28.947368421052634
TECHM,Mar 2015,IT Services,cfo_quality_score,0.9206468597216999,28.947368421052634
TECHM,Mar 2015,IT Services,cfo_quality_score,0.9206468597216999,28.947368421052634
TECHM,Mar 2016,IT Services,cfo_quality_score,1.0363396101750908,60.526315789473685
TECHM,Mar 2016,IT Services,cfo_quality_score,1.0363396101750908,60.526315789473685
TECHM,Mar 2016,IT Services,cfo_quality_score,1.0363396101750908,60.526315789473685
TECHM,Mar 2016,IT Services,cfo_quality_score,1.0363396101750908,60.526315789473685
TECHM,Mar 2017,IT Services,cfo_quality_score,1.4279200280603297,87.89473684210526
TECHM,Mar 2017,IT Services,cfo_quality_score,1.4279200280603297,87.89473684210526
TECHM,Mar 2017,IT Services,cfo_quality_score,1.4279200280603297,87.89473684210526
TECHM,Mar 2017,IT Services,cfo_quality_score,1.4279200280603297,87.89473684210526
TECHM,Mar 2018,IT Services,cfo_quality_score,0.9387216059165346,39.473684210526315
TECHM,Mar 2018,IT Services,cfo_quality_score,0.9387216059165346,39.473684210526315
TECHM,Mar 2018,IT Services,cfo_quality_score,0.9387216059165346,39.473684210526315
TECHM,Mar 2018,IT Services,cfo_quality_score,0.9387216059165346,39.473684210526315
TECHM,Mar 2019,IT Services,cfo_quality_score,1.0333411051527162,56.315789473684205
TECHM,Mar 2019,IT Services,cfo_quality_score,1.0333411051527162,56.315789473684205
TECHM,Mar 2019,IT Services,cfo_quality_score,1.0333411051527162,56.315789473684205
TECHM,Mar 2019,IT Services,cfo_quality_score,1.0333411051527162,56.315789473684205
TECHM,Mar 2020,IT Services,cfo_quality_score,1.1182961252245316,71.05263157894737
TECHM,Mar 2020,IT Services,cfo_quality_score,1.1182961252245316,71.05263157894737
TECHM,Mar 2020,IT Services,cfo_quality_score,1.1182961252245316,71.05263157894737
TECHM,Mar 2020,IT Services,cfo_quality_score,1.1182961252245316,71.05263157894737
TECHM,Mar 2021,IT Services,cfo_quality_score,1.859407305306685,94.21052631578948
TECHM,Mar 2021,IT Services,cfo_quality_score,1.859407305306685,94.21052631578948
TECHM,Mar 2021,IT Services,cfo_quality_score,1.859407305306685,94.21052631578948
TECHM,Mar 2021,IT Services,cfo_quality_score,1.859407305306685,94.21052631578948
TECHM,Mar 2022,IT Services,cfo_quality_score,0.9387211367673179,35.26315789473684
TECHM,Mar 2022,IT Services,cfo_quality_score,0.9387211367673179,35.26315789473684
TECHM,Mar 2022,IT Services,cfo_quality_score,0.9387211367673179,35.26315789473684
TECHM,Mar 2022,IT Services,cfo_quality_score,0.9387211367673179,35.26315789473684
TECHM,Mar 2023,IT Services,cfo_quality_score,1.1472102120650607,75.26315789473685
TECHM,Mar 2023,IT Services,cfo_quality_score,1.1472102120650607,75.26315789473685
TECHM,Mar 2023,IT Services,cfo_quality_score,1.1472102120650607,75.26315789473685
TECHM,Mar 2023,IT Services,cfo_quality_score,1.1472102120650607,75.26315789473685
TECHM,Mar 2024,IT Services,cfo_quality_score,2.6599916562369628,98.42105263157895
TECHM,Mar 2024,IT Services,cfo_quality_score,2.6599916562369628,98.42105263157895
TECHM,Mar 2024,IT Services,cfo_quality_score,2.6599916562369628,98.42105263157895
TECHM,Mar 2024,IT Services,cfo_quality_score,2.6599916562369628,98.42105263157895
TECHM,TTM,IT Services,cfo_quality_score,,
HDFCLIFE,Mar 2013,Life Insurance,return_on_equity_pct,33.43305908750935,78.57142857142857
HDFCLIFE,Mar 2014,Life Insurance,return_on_equity_pct,37.60373443983403,85.71428571428571
HDFCLIFE,Mar 2015,Life Insurance,return_on_equity_pct,30.932703659976386,71.42857142857143
HDFCLIFE,Mar 2016,Life Insurance,return_on_equity_pct,26.32935868514341,69.04761904761905
HDFCLIFE,Mar 2017,Life Insurance,return_on_equity_pct,23.183481442760062,59.523809523809526
HDFCLIFE,Mar 2018,Life Insurance,return_on_equity_pct,23.52816153028693,61.904761904761905
HDFCLIFE,Mar 2019,Life Insurance,return_on_equity_pct,22.651542006380716,54.761904761904766
HDFCLIFE,Mar 2020,Life Insurance,return_on_equity_pct,19.05391508741002,47.61904761904761
HDFCLIFE,Mar 2021,Life Insurance,return_on_equity_pct,15.752314814814813,30.952380952380953
HDFCLIFE,Mar 2022,Life Insurance,return_on_equity_pct,8.498783143332906,9.523809523809524
HDFCLIFE,Mar 2023,Life Insurance,return_on_equity_pct,10.528746247979681,14.285714285714285
HDFCLIFE,Mar 2024,Life Insurance,return_on_equity_pct,10.732306013909723,16.666666666666664
HDFCLIFE,TTM,Life Insurance,return_on_equity_pct,,
ICICIPRULI,Mar 2013,Life Insurance,return_on_equity_pct,38.24791719262812,88.09523809523809
ICICIPRULI,Mar 2014,Life Insurance,return_on_equity_pct,35.614875655943415,80.95238095238095
ICICIPRULI,Mar 2015,Life Insurance,return_on_equity_pct,31.14909781576448,76.19047619047619
ICICIPRULI,Mar 2016,Life Insurance,return_on_equity_pct,30.99755776817584,73.80952380952381
ICICIPRULI,Mar 2017,Life Insurance,return_on_equity_pct,26.256634405245084,66.66666666666666
ICICIPRULI,Mar 2018,Life Insurance,return_on_equity_pct,24.627319744447824,64.28571428571429
ICICIPRULI,Mar 2019,Life Insurance,return_on_equity_pct,16.57691747926066,35.714285714285715
ICICIPRULI,Mar 2020,Life Insurance,return_on_equity_pct,14.792735338971303,28.57142857142857
ICICIPRULI,Mar 2021,Life Insurance,return_on_equity_pct,10.495114721703809,11.904761904761903
ICICIPRULI,Mar 2022,Life Insurance,return_on_equity_pct,8.287835772002621,7.142857142857142
ICICIPRULI,Mar 2023,Life Insurance,return_on_equity_pct,8.057482656095145,4.761904761904762
ICICIPRULI,Mar 2024,Life Insurance,return_on_equity_pct,7.732848705134029,2.380952380952381
ICICIPRULI,TTM,Life Insurance,return_on_equity_pct,,
LICI,Mar 2019,Life Insurance,return_on_equity_pct,324.32098765432096,100.0
LICI,Mar 2020,Life Insurance,return_on_equity_pct,270.45908183632736,97.61904761904762
LICI,Mar 2021,Life Insurance,return_on_equity_pct,43.201626961069145,90.47619047619048
LICI,Mar 2022,Life Insurance,return_on_equity_pct,36.38207796789557,83.33333333333334
LICI,Mar 2023,Life Insurance,return_on_equity_pct,77.85997015119071,95.23809523809523
LICI,Mar 2024,Life Insurance,return_on_equity_pct,49.44710986501021,92.85714285714286
LICI,TTM,Life Insurance,return_on_equity_pct,,
SBILIFE,Mar 2013,Life Insurance,return_on_equity_pct,23.026315789473685,57.14285714285714
SBILIFE,Mar 2014,Life Insurance,return_on_equity_pct,21.69249106078665,52.38095238095239
SBILIFE,Mar 2015,Life Insurance,return_on_equity_pct,20.09368836291913,50.0
SBILIFE,Mar 2016,Life Insurance,return_on_equity_pct,17.832241707162478,45.23809523809524
SBILIFE,Mar 2017,Life Insurance,return_on_equity_pct,17.201008645533143,38.095238095238095
SBILIFE,Mar 2018,Life Insurance,return_on_equity_pct,17.61642156862745,42.857142857142854
SBILIFE,Mar 2019,Life Insurance,return_on_equity_pct,17.51583949313622,40.476190476190474
SBILIFE,Mar 2020,Life Insurance,return_on_equity_pct,16.264440123527393,33.33333333333333
SBILIFE,Mar 2021,Life Insurance,return_on_equity_pct,14.000000000000002,26.190476190476193
SBILIFE,Mar 2022,Life Insurance,return_on_equity_pct,12.958182756840475,21.428571428571427
SBILIFE,Mar 2023,Life Insurance,return_on_equity_pct,13.220156706099248,23.809523809523807
SBILIFE,Mar 2024,Life Insurance,return_on_equity_pct,12.704588140595655,19.047619047619047
SBILIFE,TTM,Life Insurance,return_on_equity_pct,,
HDFCLIFE,Mar 2013,Life Insurance,roce_calculated,1012.341062079282,97.61904761904762
HDFCLIFE,Mar 2014,Life Insurance,roce_calculated,858.9730290456432,95.23809523809523
HDFCLIFE,Mar 2015,Life Insurance,roce_calculated,1036.6391184573001,100.0
HDFCLIFE,Mar 2016,Life Insurance,roce_calculated,553.8833387044796,64.28571428571429
HDFCLIFE,Mar 2017,Life Insurance,roce_calculated,775.5880815473079,90.47619047619048
HDFCLIFE,Mar 2018,Life Insurance,roce_calculated,662.826780021254,80.95238095238095
HDFCLIFE,Mar 2019,Life Insurance,roce_calculated,667.1393123006026,83.33333333333334
HDFCLIFE,Mar 2020,Life Insurance,roce_calculated,414.85235786690174,52.38095238095239
HDFCLIFE,Mar 2021,Life Insurance,roce_calculated,760.7575757575758,88.09523809523809
HDFCLIFE,Mar 2022,Life Insurance,roce_calculated,409.20192426298263,50.0
HDFCLIFE,Mar 2023,Life Insurance,roce_calculated,502.9548877572975,61.904761904761905
HDFCLIFE,Mar 2024,Life Insurance,roce_calculated,646.4587602459017,78.57142857142857
HDFCLIFE,TTM,Life Insurance,roce_calculated,,
ICICIPRULI,Mar 2013,Life Insurance,roce_calculated,486.74577126988135,59.523809523809526
ICICIPRULI,Mar 2014,Life Insurance,roce_calculated,465.06958704083956,57.14285714285714
ICICIPRULI,Mar 2015,Life Insurance,roce_calculated,622.9439696106363,73.80952380952381
ICICIPRULI,Mar 2016,Life Insurance,roce_calculated,299.24433249370276,47.61904761904761
ICICIPRULI,Mar 2017,Life Insurance,roce_calculated,562.1292538245395,66.66666666666666
ICICIPRULI,Mar 2018,Life Insurance,roce_calculated,563.7663522969273,69.04761904761905
ICICIPRULI,Mar 2019,Life Insurance,roce_calculated,595.5756076262553,71.42857142857143
ICICIPRULI,Mar 2020,Life Insurance,roce_calculated,295.910162207126,45.23809523809524
ICICIPRULI,Mar 2021,Life Insurance,roce_calculated,810.6702880977787,92.85714285714286
ICICIPRULI,Mar 2022,Life Insurance,roce_calculated,634.5626568835683,76.19047619047619
ICICIPRULI,Mar 2023,Life Insurance,roce_calculated,462.66607617360495,54.761904761904766
ICICIPRULI,Mar 2024,Life Insurance,roce_calculated,754.9037279803359,85.71428571428571
ICICIPRULI,TTM,Life Insurance,roce_calculated,,
LICI,Mar 2019,Life Insurance,roce_calculated,2.1908804600848963,11.904761904761903
LICI,Mar 2020,Life Insurance,roce_calculated,-2.7305672599207598,4.761904761904762
LICI,Mar 2021,Life Insurance,roce_calculated,-3.6585365853658534,2.380952380952381
LICI,Mar 2022,Life Insurance,roce_calculated,29.332392627215803,38.095238095238095
LICI,Mar 2023,Life Insurance,roce_calculated,73.98827677200268,42.857142857142854
LICI,Mar 2024,Life Insurance,roce_calculated,39.613520731869436,40.476190476190474
LICI,TTM,Life Insurance,roce_calculated,,
SBILIFE,Mar 2013,Life Insurance,roce_calculated,15.60672514619883,23.809523809523807
SBILIFE,Mar 2014,Life Insurance,roce_calculated,15.226460071513706,19.047619047619047
SBILIFE,Mar 2015,Life Insurance,roce_calculated,19.57593688362919,33.33333333333333
SBILIFE,Mar 2016,Life Insurance,roce_calculated,19.437988590745828,28.57142857142857
SBILIFE,Mar 2017,Life Insurance,roce_calculated,19.236311239193082,26.190476190476193
SBILIFE,Mar 2018,Life Insurance,roce_calculated,20.40441176470588,35.714285714285715
SBILIFE,Mar 2019,Life Insurance,roce_calculated,19.456177402323124,30.952380952380953
SBILIFE,Mar 2020,Life Insurance,roce_calculated,15.452361889511609,21.428571428571427
SBILIFE,Mar 2021,Life Insurance,roce_calculated,8.384615384615385,16.666666666666664
SBILIFE,Mar 2022,Life Insurance,roce_calculated,6.281190844949235,14.285714285714285
SBILIFE,Mar 2023,Life Insurance,roce_calculated,0.937163926870487,7.142857142857142
SBILIFE,Mar 2024,Life Insurance,roce_calculated,1.650120740541991,9.523809523809524
SBILIFE,TTM,Life Insurance,roce_calculated,,
HDFCLIFE,Mar 2013,Life Insurance,operating_profit_margin_pct,525.0,60.86956521739131
HDFCLIFE,Mar 2014,Life Insurance,operating_profit_margin_pct,605.0,67.3913043478261
HDFCLIFE,Mar 2015,Life Insurance,operating_profit_margin_pct,874.0,76.08695652173914
HDFCLIFE,Mar 2016,Life Insurance,operating_profit_margin_pct,953.0,78.26086956521739
HDFCLIFE,Mar 2017,Life Insurance,operating_profit_margin_pct,972.0,80.43478260869566
HDFCLIFE,Mar 2018,Life Insurance,operating_profit_margin_pct,1074.0,82.6086956521739
HDFCLIFE,Mar 2019,Life Insurance,operating_profit_margin_pct,1215.0,86.95652173913044
HDFCLIFE,Mar 2020,Life Insurance,operating_profit_margin_pct,1141.0,84.78260869565217
HDFCLIFE,Mar 2021,Life Insurance,operating_profit_margin_pct,1235.0,89.13043478260869
HDFCLIFE,Mar 2022,Life Insurance,operating_profit_margin_pct,778.0,73.91304347826086
HDFCLIFE,Mar 2023,Life Insurance,operating_profit_margin_pct,80.0,56.52173913043478
HDFCLIFE,Mar 2024,Life Insurance,operating_profit_margin_pct,531.0,63.04347826086957
HDFCLIFE,TTM,Life Insurance,operating_profit_margin_pct,725.0,69.56521739130434
ICICIPRULI,Mar 2013,Life Insurance,operating_profit_margin_pct,745.0,71.73913043478261
ICICIPRULI,Mar 2014,Life Insurance,operating_profit_margin_pct,1504.0,91.30434782608695
ICICIPRULI,Mar 2015,Life Insurance,operating_profit_margin_pct,1655.0,93.47826086956522
ICICIPRULI,Mar 2016,Life Insurance,operating_profit_margin_pct,1842.0,100.0
ICICIPRULI,Mar 2017,Life Insurance,operating_profit_margin_pct,1806.0,97.82608695652173
ICICIPRULI,Mar 2018,Life Insurance,operating_profit_margin_pct,1771.0,95.65217391304348
ICICIPRULI,Mar 2019,Life Insurance,operating_profit_margin_pct,541.0,65.21739130434783
ICICIPRULI,Mar 2020,Life Insurance,operating_profit_margin_pct,-319.0,10.869565217391305
ICICIPRULI,Mar 2021,Life Insurance,operating_profit_margin_pct,-390.0,8.695652173913043
ICICIPRULI,Mar 2022,Life Insurance,operating_profit_margin_pct,-2163.0,2.1739130434782608
ICICIPRULI,Mar 2023,Life Insurance,operating_profit_margin_pct,-1757.0,6.521739130434782
ICICIPRULI,Mar 2024,Life Insurance,operating_profit_margin_pct,-1829.0,4.3478260869565215
ICICIPRULI,TTM,Life Insurance,operating_profit_margin_pct,321.0,58.69565217391305
LICI,Mar 2019,Life Insurance,operating_profit_margin_pct,1.0358560160137742,28.26086956521739
LICI,Mar 2020,Life Insurance,operating_profit_margin_pct,-1.1061344525772918,13.043478260869565
LICI,Mar 2021,Life Insurance,operating_profit_margin_pct,-0.03647342505724301,15.217391304347828
LICI,Mar 2022,Life Insurance,operating_profit_margin_pct,0.4596424020806903,21.73913043478261
LICI,Mar 2023,Life Insurance,operating_profit_margin_pct,4.359645590012082,52.17391304347826
LICI,Mar 2024,Life Insurance,operating_profit_margin_pct,3.87474201090824,47.82608695652174
LICI,TTM,Life Insurance,operating_profit_margin_pct,2.8848149660866014,34.78260869565217
SBILIFE,Mar 2013,Life Insurance,operating_profit_margin_pct,2.8715534633490245,32.608695652173914
SBILIFE,Mar 2014,Life Insurance,operating_profit_margin_pct,2.9609456483949472,36.95652173913043
SBILIFE,Mar 2015,Life Insurance,operating_profit_margin_pct,3.3933074062994146,43.47826086956522
SBILIFE,Mar 2016,Life Insurance,operating_profit_margin_pct,4.760919064375906,54.347826086956516
SBILIFE,Mar 2017,Life Insurance,operating_profit_margin_pct,3.496137226659683,45.65217391304348
SBILIFE,Mar 2018,Life Insurance,operating_profit_margin_pct,3.9098274040154988,50.0
SBILIFE,Mar 2019,Life Insurance,operating_profit_margin_pct,3.304636355483813,41.30434782608695
SBILIFE,Mar 2020,Life Insurance,operating_profit_margin_pct,3.0846157358783506,39.130434782608695
SBILIFE,Mar 2021,Life Insurance,operating_profit_margin_pct,1.0645440894607694,30.434782608695656
SBILIFE,Mar 2022,Life Insurance,operating_profit_margin_pct,0.8796982514490921,26.08695652173913
SBILIFE,Mar 2023,Life Insurance,operating_profit_margin_pct,0.15129718736048417,17.391304347826086
SBILIFE,Mar 2024,Life Insurance,operating_profit_margin_pct,0.18638058005273206,19.565217391304348
SBILIFE,TTM,Life Insurance,operating_profit_margin_pct,0.7741806524028815,23.91304347826087
HDFCLIFE,Mar 2013,Life Insurance,net_profit_margin_pct,3.1792318634423897,54.347826086956516
HDFCLIFE,Mar 2014,Life Insurance,net_profit_margin_pct,4.223464988931609,71.73913043478261
HDFCLIFE,Mar 2015,Life Insurance,net_profit_margin_pct,2.8881131728826013,45.65217391304348
HDFCLIFE,Mar 2016,Life Insurance,net_profit_margin_pct,4.503610605810043,82.6086956521739
HDFCLIFE,Mar 2017,Life Insurance,net_profit_margin_pct,2.8942473977877117,47.82608695652174
HDFCLIFE,Mar 2018,Life Insurance,net_profit_margin_pct,3.4314941103533787,63.04347826086957
HDFCLIFE,Mar 2019,Life Insurance,net_profit_margin_pct,3.289151975292755,58.69565217391305
HDFCLIFE,Mar 2020,Life Insurance,net_profit_margin_pct,4.414567733151804,78.26086956521739
HDFCLIFE,Mar 2021,Life Insurance,net_profit_margin_pct,1.9027513700928307,34.78260869565217
HDFCLIFE,Mar 2022,Life Insurance,net_profit_margin_pct,1.976879301611894,39.130434782608695
HDFCLIFE,Mar 2023,Life Insurance,net_profit_margin_pct,1.9485236514877435,36.95652173913043
HDFCLIFE,Mar 2024,Life Insurance,net_profit_margin_pct,1.5510139729213062,21.73913043478261
HDFCLIFE,TTM,Life Insurance,net_profit_margin_pct,1.7336164807684673,26.08695652173913
ICICIPRULI,Mar 2013,Life Insurance,net_profit_margin_pct,7.5655430711610485,97.82608695652173
ICICIPRULI,Mar 2014,Life Insurance,net_profit_margin_pct,7.131761695906433,95.65217391304348
ICICIPRULI,Mar 2015,Life Insurance,net_profit_margin_pct,4.760107973180855,89.13043478260869
ICICIPRULI,Mar 2016,Life Insurance,net_profit_margin_pct,7.91404863542616,100.0
ICICIPRULI,Mar 2017,Life Insurance,net_profit_margin_pct,4.447852760736196,80.43478260869566
ICICIPRULI,Mar 2018,Life Insurance,net_profit_margin_pct,4.169241862381541,67.3913043478261
ICICIPRULI,Mar 2019,Life Insurance,net_profit_margin_pct,2.747027470274703,43.47826086956522
ICICIPRULI,Mar 2020,Life Insurance,net_profit_margin_pct,5.074910820451843,93.47826086956522
ICICIPRULI,Mar 2021,Life Insurance,net_profit_margin_pct,1.1492871053833762,13.043478260869565
ICICIPRULI,Mar 2022,Life Insurance,net_profit_margin_pct,1.194072116292241,15.217391304347828
ICICIPRULI,Mar 2023,Life Insurance,net_profit_margin_pct,1.6106026387733272,23.91304347826087
ICICIPRULI,Mar 2024,Life Insurance,net_profit_margin_pct,0.942341125272681,10.869565217391305
ICICIPRULI,TTM,Life Insurance,net_profit_margin_pct,1.2556076934976539,17.391304347826086
LICI,Mar 2019,Life Insurance,net_profit_margin_pct,0.4596611071061123,6.521739130434782
LICI,Mar 2020,Life Insurance,net_profit_margin_pct,0.43149911709867,4.3478260869565215
LICI,Mar 2021,Life Insurance,net_profit_margin_pct,0.43044431000095523,2.1739130434782608
LICI,Mar 2022,Life Insurance,net_profit_margin_pct,0.5700616081127022,8.695652173913043
LICI,Mar 2023,Life Insurance,net_profit_margin_pct,4.5877791768838225,84.78260869565217
LICI,Mar 2024,Life Insurance,net_profit_margin_pct,4.836600998148862,91.30434782608695
LICI,TTM,Life Insurance,net_profit_margin_pct,4.627577541049831,86.95652173913044
SBILIFE,Mar 2013,Life Insurance,net_profit_margin_pct,4.236718224613315,73.91304347826086
SBILIFE,Mar 2014,Life Insurance,net_profit_margin_pct,4.218333526480473,69.56521739130434
SBILIFE,Mar 2015,Life Insurance,net_profit_margin_pct,3.4830548314030514,65.21739130434783
SBILIFE,Mar 2016,Life Insurance,net_profit_margin_pct,4.367625750362244,76.08695652173914
SBILIFE,Mar 2017,Life Insurance,net_profit_margin_pct,3.1262275762734055,52.17391304347826
SBILIFE,Mar 2018,Life Insurance,net_profit_margin_pct,3.3756017377010687,60.86956521739131
SBILIFE,Mar 2019,Life Insurance,net_profit_margin_pct,2.9750695004932295,50.0
SBILIFE,Mar 2020,Life Insurance,net_profit_margin_pct,3.246723594684689,56.52173913043478
SBILIFE,Mar 2021,Life Insurance,net_profit_margin_pct,1.7774956356133946,28.26086956521739
SBILIFE,Mar 2022,Life Insurance,net_profit_margin_pct,1.8148295434004555,30.434782608695656
SBILIFE,Mar 2023,Life Insurance,net_profit_margin_pct,2.1342824544868297,41.30434782608695
SBILIFE,Mar 2024,Life Insurance,net_profit_margin_pct,1.4349789374791648,19.565217391304348
SBILIFE,TTM,Life Insurance,net_profit_margin_pct,1.8535745312247738,32.608695652173914
HDFCLIFE,Mar 2013,Life Insurance,debt_to_equity,,
HDFCLIFE,Mar 2014,Life Insurance,debt_to_equity,,
HDFCLIFE,Mar 2015,Life Insurance,debt_to_equity,,
HDFCLIFE,Mar 2016,Life Insurance,debt_to_equity,,
HDFCLIFE,Mar 2017,Life Insurance,debt_to_equity,,
HDFCLIFE,Mar 2018,Life Insurance,debt_to_equity,,
HDFCLIFE,Mar 2019,Life Insurance,debt_to_equity,,
HDFCLIFE,Mar 2020,Life Insurance,debt_to_equity,,
HDFCLIFE,Mar 2021,Life Insurance,debt_to_equity,,
HDFCLIFE,Mar 2022,Life Insurance,debt_to_equity,,
HDFCLIFE,Mar 2023,Life Insurance,debt_to_equity,,
HDFCLIFE,Mar 2024,Life Insurance,debt_to_equity,,
HDFCLIFE,TTM,Life Insurance,debt_to_equity,,
ICICIPRULI,Mar 2013,Life Insurance,debt_to_equity,,
ICICIPRULI,Mar 2014,Life Insurance,debt_to_equity,,
ICICIPRULI,Mar 2015,Life Insurance,debt_to_equity,,
ICICIPRULI,Mar 2016,Life Insurance,debt_to_equity,,
ICICIPRULI,Mar 2017,Life Insurance,debt_to_equity,,
ICICIPRULI,Mar 2018,Life Insurance,debt_to_equity,,
ICICIPRULI,Mar 2019,Life Insurance,debt_to_equity,,
ICICIPRULI,Mar 2020,Life Insurance,debt_to_equity,,
ICICIPRULI,Mar 2021,Life Insurance,debt_to_equity,,
ICICIPRULI,Mar 2022,Life Insurance,debt_to_equity,,
ICICIPRULI,Mar 2023,Life Insurance,debt_to_equity,,
ICICIPRULI,Mar 2024,Life Insurance,debt_to_equity,,
ICICIPRULI,TTM,Life Insurance,debt_to_equity,,
LICI,Mar 2019,Life Insurance,debt_to_equity,,
LICI,Mar 2020,Life Insurance,debt_to_equity,,
LICI,Mar 2021,Life Insurance,debt_to_equity,,
LICI,Mar 2022,Life Insurance,debt_to_equity,,
LICI,Mar 2023,Life Insurance,debt_to_equity,,
LICI,Mar 2024,Life Insurance,debt_to_equity,,
LICI,TTM,Life Insurance,debt_to_equity,,
SBILIFE,Mar 2013,Life Insurance,debt_to_equity,,
SBILIFE,Mar 2014,Life Insurance,debt_to_equity,,
SBILIFE,Mar 2015,Life Insurance,debt_to_equity,,
SBILIFE,Mar 2016,Life Insurance,debt_to_equity,,
SBILIFE,Mar 2017,Life Insurance,debt_to_equity,,
SBILIFE,Mar 2018,Life Insurance,debt_to_equity,,
SBILIFE,Mar 2019,Life Insurance,debt_to_equity,,
SBILIFE,Mar 2020,Life Insurance,debt_to_equity,,
SBILIFE,Mar 2021,Life Insurance,debt_to_equity,,
SBILIFE,Mar 2022,Life Insurance,debt_to_equity,,
SBILIFE,Mar 2023,Life Insurance,debt_to_equity,,
SBILIFE,Mar 2024,Life Insurance,debt_to_equity,,
SBILIFE,TTM,Life Insurance,debt_to_equity,,
HDFCLIFE,Mar 2013,Life Insurance,interest_coverage,483.39285714285717,97.22222222222221
HDFCLIFE,Mar 2014,Life Insurance,interest_coverage,68.71784232365145,30.555555555555557
HDFCLIFE,Mar 2015,Life Insurance,interest_coverage,333.43037974683546,91.66666666666666
HDFCLIFE,Mar 2016,Life Insurance,interest_coverage,159.13888888888889,55.55555555555556
HDFCLIFE,Mar 2017,Life Insurance,interest_coverage,213.4820143884892,72.22222222222221
HDFCLIFE,Mar 2018,Life Insurance,interest_coverage,110.58865248226951,47.22222222222222
HDFCLIFE,Mar 2019,Life Insurance,interest_coverage,276.7647058823529,83.33333333333334
HDFCLIFE,Mar 2020,Life Insurance,interest_coverage,76.52845528455285,33.33333333333333
HDFCLIFE,Mar 2021,Life Insurance,interest_coverage,157.96404494382023,50.0
HDFCLIFE,Mar 2022,Life Insurance,interest_coverage,86.61618798955614,38.88888888888889
HDFCLIFE,Mar 2023,Life Insurance,interest_coverage,48.80097425191371,22.22222222222222
HDFCLIFE,Mar 2024,Life Insurance,interest_coverage,192.28761904761905,63.888888888888886
HDFCLIFE,TTM,Life Insurance,interest_coverage,194.64591439688715,66.66666666666666
ICICIPRULI,Mar 2013,Life Insurance,interest_coverage,21.42222222222222,13.88888888888889
ICICIPRULI,Mar 2014,Life Insurance,interest_coverage,158.015503875969,52.77777777777778
ICICIPRULI,Mar 2015,Life Insurance,interest_coverage,762.7441860465116,100.0
ICICIPRULI,Mar 2016,Life Insurance,interest_coverage,,
ICICIPRULI,Mar 2017,Life Insurance,interest_coverage,277.0,86.11111111111111
ICICIPRULI,Mar 2018,Life Insurance,interest_coverage,280.77272727272725,88.88888888888889
ICICIPRULI,Mar 2019,Life Insurance,interest_coverage,50.334563345633455,27.77777777777778
ICICIPRULI,Mar 2020,Life Insurance,interest_coverage,13.52598225602028,5.555555555555555
ICICIPRULI,Mar 2021,Life Insurance,interest_coverage,50.07309766327142,25.0
ICICIPRULI,Mar 2022,Life Insurance,interest_coverage,20.59793168285804,11.11111111111111
ICICIPRULI,Mar 2023,Life Insurance,interest_coverage,17.85811965811966,8.333333333333332
ICICIPRULI,Mar 2024,Life Insurance,interest_coverage,31.022222222222222,19.444444444444446
ICICIPRULI,TTM,Life Insurance,interest_coverage,82.79849946409432,36.11111111111111
LICI,Mar 2019,Life Insurance,interest_coverage,,
LICI,Mar 2020,Life Insurance,interest_coverage,,
LICI,Mar 2021,Life Insurance,interest_coverage,,
LICI,Mar 2022,Life Insurance,interest_coverage,,
LICI,Mar 2023,Life Insurance,interest_coverage,444.24675324675326,94.44444444444444
LICI,Mar 2024,Life Insurance,interest_coverage,256.0859375,80.55555555555556
LICI,TTM,Life Insurance,interest_coverage,,
SBILIFE,Mar 2013,Life Insurance,interest_coverage,106.75,44.44444444444444
SBILIFE,Mar 2014,Life Insurance,interest_coverage,102.2,41.66666666666667
SBILIFE,Mar 2015,Life Insurance,interest_coverage,198.5,69.44444444444444
SBILIFE,Mar 2016,Life Insurance,interest_coverage,184.0,58.333333333333336
SBILIFE,Mar 2017,Life Insurance,interest_coverage,213.6,75.0
SBILIFE,Mar 2018,Life Insurance,interest_coverage,222.0,77.77777777777779
SBILIFE,Mar 2019,Life Insurance,interest_coverage,184.25,61.111111111111114
SBILIFE,Mar 2020,Life Insurance,interest_coverage,,
SBILIFE,Mar 2021,Life Insurance,interest_coverage,,
SBILIFE,Mar 2022,Life Insurance,interest_coverage,,
SBILIFE,Mar 2023,Life Insurance,interest_coverage,12.2,2.7777777777777777
SBILIFE,Mar 2024,Life Insurance,interest_coverage,27.333333333333332,16.666666666666664
SBILIFE,TTM,Life Insurance,interest_coverage,,
HDFCLIFE,Mar 2013,Life Insurance,asset_turnover,0.33541676606708337,88.09523809523809
HDFCLIFE,Mar 2014,Life Insurance,asset_turnover,0.3283787661406026,80.95238095238095
HDFCLIFE,Mar 2015,Life Insurance,asset_turnover,0.3926618476676911,97.61904761904762
HDFCLIFE,Mar 2016,Life Insurance,asset_turnover,0.23700094063545152,28.57142857142857
HDFCLIFE,Mar 2017,Life Insurance,asset_turnover,0.32227094440413473,78.57142857142857
HDFCLIFE,Mar 2018,Life Insurance,asset_turnover,0.2919906229917725,59.523809523809526
HDFCLIFE,Mar 2019,Life Insurance,asset_turnover,0.2988386402091986,64.28571428571429
HDFCLIFE,Mar 2020,Life Insurance,asset_turnover,0.2221986931268151,23.809523809523807
HDFCLIFE,Mar 2021,Life Insurance,asset_turnover,0.3981408811332832,100.0
HDFCLIFE,Mar 2022,Life Insurance,asset_turnover,0.2909237476921477,57.14285714285714
HDFCLIFE,Mar 2023,Life Insurance,asset_turnover,0.28301400013705863,52.38095238095239
HDFCLIFE,Mar 2024,Life Insurance,asset_turnover,0.33527042786773137,85.71428571428571
HDFCLIFE,TTM,Life Insurance,asset_turnover,,
ICICIPRULI,Mar 2013,Life Insurance,asset_turnover,0.2662190906673757,40.476190476190474
ICICIPRULI,Mar 2014,Life Insurance,asset_turnover,0.2686501215111569,42.857142857142854
ICICIPRULI,Mar 2015,Life Insurance,asset_turnover,0.34039421034431655,90.47619047619048
ICICIPRULI,Mar 2016,Life Insurance,asset_turnover,0.1990073020569847,21.428571428571427
ICICIPRULI,Mar 2017,Life Insurance,asset_turnover,0.3031561395210877,69.04761904761905
ICICIPRULI,Mar 2018,Life Insurance,asset_turnover,0.27381380492035623,45.23809523809524
ICICIPRULI,Mar 2019,Life Insurance,asset_turnover,0.25424009418343696,30.952380952380953
ICICIPRULI,Mar 2020,Life Insurance,asset_turnover,0.13474886400779332,2.380952380952381
ICICIPRULI,Mar 2021,Life Insurance,asset_turnover,0.382938955897247,95.23809523809523
ICICIPRULI,Mar 2022,Life Insurance,asset_turnover,0.26004246492961375,35.714285714285715
ICICIPRULI,Mar 2023,Life Insurance,asset_turnover,0.1972945190755557,19.047619047619047
ICICIPRULI,Mar 2024,Life Insurance,asset_turnover,0.3020290902037117,66.66666666666666
ICICIPRULI,TTM,Life Insurance,asset_turnover,,
LICI,Mar 2019,Life Insurance,asset_turnover,0.16675415179930025,7.142857142857142
LICI,Mar 2020,Life Insurance,asset_turnover,0.1794493681700332,14.285714285714285
LICI,Mar 2021,Life Insurance,asset_turnover,0.18041772293371186,16.666666666666664
LICI,Mar 2022,Life Insurance,asset_turnover,0.17009778190664493,9.523809523809524
LICI,Mar 2023,Life Insurance,asset_turnover,0.17137262036771503,11.904761904761903
LICI,Mar 2024,Life Insurance,asset_turnover,0.15913440945875762,4.761904761904762
LICI,TTM,Life Insurance,asset_turnover,,
SBILIFE,Mar 2013,Life Insurance,asset_turnover,0.276836578917973,47.61904761904761
SBILIFE,Mar 2014,Life Insurance,asset_turnover,0.2845976253298153,54.761904761904766
SBILIFE,Mar 2015,Life Insurance,asset_turnover,0.31568651259427155,76.19047619047619
SBILIFE,Mar 2016,Life Insurance,asset_turnover,0.23162209783168922,26.190476190476193
SBILIFE,Mar 2017,Life Insurance,asset_turnover,0.2987871674491393,61.904761904761905
SBILIFE,Mar 2018,Life Insurance,asset_turnover,0.2798882681564246,50.0
SBILIFE,Mar 2019,Life Insurance,asset_turnover,0.30397862799351205,73.80952380952381
SBILIFE,Mar 2020,Life Insurance,asset_turnover,0.26451262229737893,38.095238095238095
SBILIFE,Mar 2021,Life Insurance,asset_turnover,0.36112066305162455,92.85714285714286
SBILIFE,Mar 2022,Life Insurance,asset_turnover,0.3035922688841979,71.42857142857143
SBILIFE,Mar 2023,Life Insurance,asset_turnover,0.2563135928594814,33.33333333333333
SBILIFE,Mar 2024,Life Insurance,asset_turnover,0.33137919000549837,83.33333333333334
SBILIFE,TTM,Life Insurance,asset_turnover,,
HDFCLIFE,Mar 2013,Life Insurance,free_cash_flow,,
HDFCLIFE,Mar 2014,Life Insurance,free_cash_flow,,
HDFCLIFE,Mar 2015,Life Insurance,free_cash_flow,945.0,60.0
HDFCLIFE,Mar 2016,Life Insurance,free_cash_flow,1725.0,72.5
HDFCLIFE,Mar 2017,Life Insurance,free_cash_flow,1053.0,65.0
HDFCLIFE,Mar 2018,Life Insurance,free_cash_flow,2318.0,80.0
HDFCLIFE,Mar 2019,Life Insurance,free_cash_flow,-314.0,42.5
HDFCLIFE,Mar 2020,Life Insurance,free_cash_flow,-401.0,40.0
HDFCLIFE,Mar 2021,Life Insurance,free_cash_flow,751.0,52.5
HDFCLIFE,Mar 2022,Life Insurance,free_cash_flow,5142.0,97.5
HDFCLIFE,Mar 2023,Life Insurance,free_cash_flow,-3188.0,15.0
HDFCLIFE,Mar 2024,Life Insurance,free_cash_flow,-2893.0,17.5
HDFCLIFE,TTM,Life Insurance,free_cash_flow,,
ICICIPRULI,Mar 2013,Life Insurance,free_cash_flow,-4205.0,12.5
ICICIPRULI,Mar 2014,Life Insurance,free_cash_flow,-8394.0,10.0
ICICIPRULI,Mar 2015,Life Insurance,free_cash_flow,-1299.0,30.0
ICICIPRULI,Mar 2016,Life Insurance,free_cash_flow,3607.0,87.5
ICICIPRULI,Mar 2017,Life Insurance,free_cash_flow,3434.0,85.0
ICICIPRULI,Mar 2018,Life Insurance,free_cash_flow,301.0,50.0
ICICIPRULI,Mar 2019,Life Insurance,free_cash_flow,3818.0,92.5
ICICIPRULI,Mar 2020,Life Insurance,free_cash_flow,-2201.0,20.0
ICICIPRULI,Mar 2021,Life Insurance,free_cash_flow,2230.0,75.0
ICICIPRULI,Mar 2022,Life Insurance,free_cash_flow,1015.0,62.5
ICICIPRULI,Mar 2023,Life Insurance,free_cash_flow,-1056.0,32.5
ICICIPRULI,Mar 2024,Life Insurance,free_cash_flow,-14735.0,7.5
ICICIPRULI,TTM,Life Insurance,free_cash_flow,,
LICI,Mar 2019,Life Insurance,free_cash_flow,3638.0,90.0
LICI,Mar 2020,Life Insurance,free_cash_flow,13952.0,100.0
LICI,Mar 2021,Life Insurance,free_cash_flow,-67845.0,2.5
LICI,Mar 2022,Life Insurance,free_cash_flow,-16314.0,5.0
LICI,Mar 2023,Life Insurance,free_cash_flow,1671.0,70.0
LICI,Mar 2024,Life Insurance,free_cash_flow,853.0,55.00000000000001
LICI,TTM,Life Insurance,free_cash_flow,,
SBILIFE,Mar 2013,Life Insurance,free_cash_flow,903.0,57.49999999999999
SBILIFE,Mar 2014,Life Insurance,free_cash_flow,-542.0,35.0
SBILIFE,Mar 2015,Life Insurance,free_cash_flow,2533.0,82.5
SBILIFE,Mar 2016,Life Insurance,free_cash_flow,-1426.0,27.500000000000004
SBILIFE,Mar 2017,Life Insurance,free_cash_flow,-507.0,37.5
SBILIFE,Mar 2018,Life Insurance,free_cash_flow,1485.0,67.5
SBILIFE,Mar 2019,Life Insurance,free_cash_flow,-79.0,45.0
SBILIFE,Mar 2020,Life Insurance,free_cash_flow,2313.0,77.5
SBILIFE,Mar 2021,Life Insurance,free_cash_flow,4675.0,95.0
SBILIFE,Mar 2022,Life Insurance,free_cash_flow,241.0,47.5
SBILIFE,Mar 2023,Life Insurance,free_cash_flow,-1547.0,25.0
SBILIFE,Mar 2024,Life Insurance,free_cash_flow,-2099.0,22.5
SBILIFE,TTM,Life Insurance,free_cash_flow,,
HDFCLIFE,Mar 2013,Life Insurance,cfo_quality_score,,
HDFCLIFE,Mar 2014,Life Insurance,cfo_quality_score,,
HDFCLIFE,Mar 2015,Life Insurance,cfo_quality_score,5.673027989821883,47.5
HDFCLIFE,Mar 2016,Life Insurance,cfo_quality_score,6.960832313341493,60.0
HDFCLIFE,Mar 2017,Life Insurance,cfo_quality_score,7.023675310033822,62.5
HDFCLIFE,Mar 2018,Life Insurance,cfo_quality_score,6.087624209575429,52.5
HDFCLIFE,Mar 2019,Life Insurance,cfo_quality_score,7.721439749608764,70.0
HDFCLIFE,Mar 2020,Life Insurance,cfo_quality_score,5.696222050886662,50.0
HDFCLIFE,Mar 2021,Life Insurance,cfo_quality_score,7.129316678912565,65.0
HDFCLIFE,Mar 2022,Life Insurance,cfo_quality_score,4.47852298417483,40.0
HDFCLIFE,Mar 2023,Life Insurance,cfo_quality_score,5.031432748538012,42.5
HDFCLIFE,Mar 2024,Life Insurance,cfo_quality_score,6.81130876747141,55.00000000000001
HDFCLIFE,TTM,Life Insurance,cfo_quality_score,,
ICICIPRULI,Mar 2013,Life Insurance,cfo_quality_score,-1.7432343234323433,5.0
ICICIPRULI,Mar 2014,Life Insurance,cfo_quality_score,-1.5259449071108264,7.5
ICICIPRULI,Mar 2015,Life Insurance,cfo_quality_score,0.31890243902439025,17.5
ICICIPRULI,Mar 2016,Life Insurance,cfo_quality_score,2.2024242424242426,27.500000000000004
ICICIPRULI,Mar 2017,Life Insurance,cfo_quality_score,2.455410225921522,32.5
ICICIPRULI,Mar 2018,Life Insurance,cfo_quality_score,3.5145151327980235,37.5
ICICIPRULI,Mar 2019,Life Insurance,cfo_quality_score,9.988586479367866,80.0
ICICIPRULI,Mar 2020,Life Insurance,cfo_quality_score,8.056232427366448,72.5
ICICIPRULI,Mar 2021,Life Insurance,cfo_quality_score,7.650627615062762,67.5
ICICIPRULI,Mar 2022,Life Insurance,cfo_quality_score,2.412384716732543,30.0
ICICIPRULI,Mar 2023,Life Insurance,cfo_quality_score,0.10947109471094711,12.5
ICICIPRULI,Mar 2024,Life Insurance,cfo_quality_score,-8.595769682726205,2.5
ICICIPRULI,TTM,Life Insurance,cfo_quality_score,,
LICI,Mar 2019,Life Insurance,cfo_quality_score,5.052912066996574,45.0
LICI,Mar 2020,Life Insurance,cfo_quality_score,20.06162361623616,97.5
LICI,Mar 2021,Life Insurance,cfo_quality_score,27.10221923335575,100.0
LICI,Mar 2022,Life Insurance,cfo_quality_score,-0.9170909090909091,10.0
LICI,Mar 2023,Life Insurance,cfo_quality_score,1.5145428785732145,22.5
LICI,Mar 2024,Life Insurance,cfo_quality_score,0.6384299540522045,20.0
LICI,TTM,Life Insurance,cfo_quality_score,,
SBILIFE,Mar 2013,Life Insurance,cfo_quality_score,1.7936507936507937,25.0
SBILIFE,Mar 2014,Life Insurance,cfo_quality_score,0.22802197802197802,15.0
SBILIFE,Mar 2015,Life Insurance,cfo_quality_score,3.3263803680981594,35.0
SBILIFE,Mar 2016,Life Insurance,cfo_quality_score,6.845971563981043,57.49999999999999
SBILIFE,Mar 2017,Life Insurance,cfo_quality_score,8.926701570680628,75.0
SBILIFE,Mar 2018,Life Insurance,cfo_quality_score,9.039130434782608,77.5
SBILIFE,Mar 2019,Life Insurance,cfo_quality_score,10.152976639035419,82.5
SBILIFE,Mar 2020,Life Insurance,cfo_quality_score,13.571729957805907,85.0
SBILIFE,Mar 2021,Life Insurance,cfo_quality_score,16.399725274725274,92.5
SBILIFE,Mar 2022,Life Insurance,cfo_quality_score,14.50996015936255,87.5
SBILIFE,Mar 2023,Life Insurance,cfo_quality_score,16.650784427658337,95.0
SBILIFE,Mar 2024,Life Insurance,cfo_quality_score,15.375923970432947,90.0
SBILIFE,TTM,Life Insurance,cfo_quality_score,,
BPCL,Mar 2013,Oil & Gas,return_on_equity_pct,11.540983606557377,45.0
BPCL,Mar 2014,Oil & Gas,return_on_equity_pct,20.848765432098766,85.0
BPCL,Mar 2015,Oil & Gas,return_on_equity_pct,22.524598883077743,90.0
BPCL,Mar 2016,Oil & Gas,return_on_equity_pct,29.103403612290425,95.0
BPCL,Mar 2017,Oil & Gas,return_on_equity_pct,30.847853596807163,96.66666666666667
BPCL,Mar 2018,Oil & Gas,return_on_equity_pct,26.740216827330077,93.33333333333333
BPCL,Mar 2019,Oil & Gas,return_on_equity_pct,21.999226106023475,86.66666666666667
BPCL,Mar 2020,Oil & Gas,return_on_equity_pct,10.035037775101282,30.0
BPCL,Mar 2021,Oil & Gas,return_on_equity_pct,32.340584445896745,98.33333333333333
BPCL,Mar 2022,Oil & Gas,return_on_equity_pct,22.50650226375108,88.33333333333333
BPCL,Mar 2023,Oil & Gas,return_on_equity_pct,3.9815403011845594,3.3333333333333335
BPCL,Mar 2024,Oil & Gas,return_on_equity_pct,35.511337343822305,100.0
BPCL,TTM,Oil & Gas,return_on_equity_pct,,
GAIL,Mar 2013,Oil & Gas,return_on_equity_pct,15.166354101548935,63.33333333333333
GAIL,Mar 2014,Oil & Gas,return_on_equity_pct,14.746117821050037,60.0
GAIL,Mar 2015,Oil & Gas,return_on_equity_pct,9.288107695020868,23.333333333333332
GAIL,Mar 2016,Oil & Gas,return_on_equity_pct,5.147927368623465,5.0
GAIL,Mar 2017,Oil & Gas,return_on_equity_pct,8.584149599287622,16.666666666666664
GAIL,Mar 2018,Oil & Gas,return_on_equity_pct,11.528587538088725,43.333333333333336
GAIL,Mar 2019,Oil & Gas,return_on_equity_pct,14.244413529258326,58.333333333333336
GAIL,Mar 2020,Oil & Gas,return_on_equity_pct,19.31273849151579,78.33333333333333
GAIL,Mar 2021,Oil & Gas,return_on_equity_pct,11.550900680681433,46.666666666666664
GAIL,Mar 2022,Oil & Gas,return_on_equity_pct,19.19081635836167,75.0
GAIL,Mar 2023,Oil & Gas,return_on_equity_pct,8.61891046868021,18.333333333333332
GAIL,Mar 2024,Oil & Gas,return_on_equity_pct,12.861540060002339,53.333333333333336
GAIL,TTM,Oil & Gas,return_on_equity_pct,,
IOC,Mar 2013,Oil & Gas,return_on_equity_pct,5.753763662610847,8.333333333333332
IOC,Mar 2014,Oil & Gas,return_on_equity_pct,10.258713353849778,31.666666666666664
IOC,Mar 2015,Oil & Gas,return_on_equity_pct,7.078103207810321,11.666666666666666
IOC,Mar 2016,Oil & Gas,return_on_equity_pct,13.79528784174261,56.666666666666664
IOC,Mar 2017,Oil & Gas,return_on_equity_pct,19.966502115655853,83.33333333333334
IOC,Mar 2018,Oil & Gas,return_on_equity_pct,19.869329258654304,81.66666666666667
IOC,Mar 2019,Oil & Gas,return_on_equity_pct,15.358898896584835,65.0
IOC,Mar 2020,Oil & Gas,return_on_equity_pct,-1.9664982494391918,1.6666666666666667
IOC,Mar 2021,Oil & Gas,return_on_equity_pct,19.458502476796795,80.0
IOC,Mar 2022,Oil & Gas,return_on_equity_pct,19.266110008611975,76.66666666666667
IOC,Mar 2023,Oil & Gas,return_on_equity_pct,8.37669355358178,15.0
IOC,Mar 2024,Oil & Gas,return_on_equity_pct,23.53162465856491,91.66666666666666
IOC,TTM,Oil & Gas,return_on_equity_pct,,
ONGC,Mar 2013,Oil & Gas,return_on_equity_pct,15.730882198678275,70.0
ONGC,Mar 2014,Oil & Gas,return_on_equity_pct,15.489218829871277,66.66666666666666
ONGC,Mar 2015,Oil & Gas,return_on_equity_pct,9.810201989415644,26.666666666666668
ONGC,Mar 2016,Oil & Gas,return_on_equity_pct,6.623393693065202,10.0
ONGC,Mar 2017,Oil & Gas,return_on_equity_pct,15.005710287777926,61.66666666666667
ONGC,Mar 2018,Oil & Gas,return_on_equity_pct,12.777241335365824,51.66666666666667
ONGC,Mar 2019,Oil & Gas,return_on_equity_pct,15.644389537831781,68.33333333333333
ONGC,Mar 2020,Oil & Gas,return_on_equity_pct,5.585459084171932,6.666666666666667
ONGC,Mar 2021,Oil & Gas,return_on_equity_pct,9.665989383702671,25.0
ONGC,Mar 2022,Oil & Gas,return_on_equity_pct,18.995541477362497,73.33333333333333
ONGC,Mar 2023,Oil & Gas,return_on_equity_pct,11.679440720905623,48.333333333333336
ONGC,Mar 2024,Oil & Gas,return_on_equity_pct,16.940398136885513,71.66666666666667
ONGC,TTM,Oil & Gas,return_on_equity_pct,,
RELIANCE,Mar 2013,Oil & Gas,return_on_equity_pct,11.472357254675785,41.66666666666667
RELIANCE,Mar 2014,Oil & Gas,return_on_equity_pct,11.348502921680835,40.0
RELIANCE,Mar 2015,Oil & Gas,return_on_equity_pct,10.81927148408002,36.666666666666664
RELIANCE,Mar 2016,Oil & Gas,return_on_equity_pct,12.895800583876039,55.00000000000001
RELIANCE,Mar 2017,Oil & Gas,return_on_equity_pct,11.31284863239404,38.333333333333336
RELIANCE,Mar 2018,Oil & Gas,return_on_equity_pct,12.292764032081116,50.0
RELIANCE,Mar 2019,Oil & Gas,return_on_equity_pct,10.290820227737708,33.33333333333333
RELIANCE,Mar 2020,Oil & Gas,return_on_equity_pct,8.878677370949715,21.666666666666668
RELIANCE,Mar 2021,Oil & Gas,return_on_equity_pct,7.675114114817502,13.333333333333334
RELIANCE,Mar 2022,Oil & Gas,return_on_equity_pct,8.703823678454365,20.0
RELIANCE,Mar 2023,Oil & Gas,return_on_equity_pct,10.349336194179966,35.0
RELIANCE,Mar 2024,Oil & Gas,return_on_equity_pct,9.958650553699458,28.333333333333332
RELIANCE,TTM,Oil & Gas,return_on_equity_pct,,
BPCL,Mar 2013,Oil & Gas,roce_calculated,13.436273331731154,41.66666666666667
BPCL,Mar 2014,Oil & Gas,roce_calculated,17.90006084575601,65.0
BPCL,Mar 2015,Oil & Gas,roce_calculated,20.352103883131477,76.66666666666667
BPCL,Mar 2016,Oil & Gas,roce_calculated,25.342893986167013,98.33333333333333
BPCL,Mar 2017,Oil & Gas,roce_calculated,20.712611204616493,85.0
BPCL,Mar 2018,Oil & Gas,roce_calculated,20.62117989175799,80.0
BPCL,Mar 2019,Oil & Gas,roce_calculated,18.075690158365628,70.0
BPCL,Mar 2020,Oil & Gas,roce_calculated,8.798329542780959,6.666666666666667
BPCL,Mar 2021,Oil & Gas,roce_calculated,19.429718652566912,75.0
BPCL,Mar 2022,Oil & Gas,roce_calculated,16.435215005281737,56.666666666666664
BPCL,Mar 2023,Oil & Gas,roce_calculated,8.868329834496901,8.333333333333332
BPCL,Mar 2024,Oil & Gas,roce_calculated,33.84830382235054,100.0
BPCL,TTM,Oil & Gas,roce_calculated,,
GAIL,Mar 2013,Oil & Gas,roce_calculated,16.40745813634958,55.00000000000001
GAIL,Mar 2014,Oil & Gas,roce_calculated,15.664895181691604,50.0
GAIL,Mar 2015,Oil & Gas,roce_calculated,10.764054823848756,26.666666666666668
GAIL,Mar 2016,Oil & Gas,roce_calculated,9.97910020899791,20.0
GAIL,Mar 2017,Oil & Gas,roce_calculated,13.129661127829387,40.0
GAIL,Mar 2018,Oil & Gas,roce_calculated,17.126550323784436,60.0
GAIL,Mar 2019,Oil & Gas,roce_calculated,20.606286804346023,78.33333333333333
GAIL,Mar 2020,Oil & Gas,roce_calculated,16.059095763616945,51.66666666666667
GAIL,Mar 2021,Oil & Gas,roce_calculated,11.866350012284006,31.666666666666664
GAIL,Mar 2022,Oil & Gas,roce_calculated,20.67503068321287,83.33333333333334
GAIL,Mar 2023,Oil & Gas,roce_calculated,9.064210869801675,10.0
GAIL,Mar 2024,Oil & Gas,roce_calculated,14.489174115050965,45.0
GAIL,TTM,Oil & Gas,roce_calculated,,
IOC,Mar 2013,Oil & Gas,roce_calculated,9.076800167640203,11.666666666666666
IOC,Mar 2014,Oil & Gas,roce_calculated,10.576740015599187,23.333333333333332
IOC,Mar 2015,Oil & Gas,roce_calculated,7.908020190689849,3.3333333333333335
IOC,Mar 2016,Oil & Gas,roce_calculated,14.837206797188484,46.666666666666664
IOC,Mar 2017,Oil & Gas,roce_calculated,20.650432069276217,81.66666666666667
IOC,Mar 2018,Oil & Gas,roce_calculated,23.204696865043115,93.33333333333333
IOC,Mar 2019,Oil & Gas,roce_calculated,16.852901536079223,58.333333333333336
IOC,Mar 2020,Oil & Gas,roce_calculated,7.1287102332273475,1.6666666666666667
IOC,Mar 2021,Oil & Gas,roce_calculated,17.47539247309475,61.66666666666667
IOC,Mar 2022,Oil & Gas,roce_calculated,17.984221724313233,66.66666666666666
IOC,Mar 2023,Oil & Gas,roce_calculated,10.628061157333962,25.0
IOC,Mar 2024,Oil & Gas,roce_calculated,23.93519910139379,95.0
IOC,TTM,Oil & Gas,roce_calculated,,
ONGC,Mar 2013,Oil & Gas,roce_calculated,25.114020806632258,96.66666666666667
ONGC,Mar 2014,Oil & Gas,roce_calculated,22.204144351795357,90.0
ONGC,Mar 2015,Oil & Gas,roce_calculated,18.051271549793302,68.33333333333333
ONGC,Mar 2016,Oil & Gas,roce_calculated,16.08415463146387,53.333333333333336
ONGC,Mar 2017,Oil & Gas,roce_calculated,19.242388353406337,73.33333333333333
ONGC,Mar 2018,Oil & Gas,roce_calculated,18.317668537426464,71.66666666666667
ONGC,Mar 2019,Oil & Gas,roce_calculated,23.04420406805554,91.66666666666666
ONGC,Mar 2020,Oil & Gas,roce_calculated,15.573395660789593,48.333333333333336
ONGC,Mar 2021,Oil & Gas,roce_calculated,13.968794470420818,43.333333333333336
ONGC,Mar 2022,Oil & Gas,roce_calculated,20.937432009835145,86.66666666666667
ONGC,Mar 2023,Oil & Gas,roce_calculated,17.859220339463988,63.33333333333333
ONGC,Mar 2024,Oil & Gas,roce_calculated,20.975989850097196,88.33333333333333
ONGC,TTM,Oil & Gas,roce_calculated,,
RELIANCE,Mar 2013,Oil & Gas,roce_calculated,11.461451772368065,30.0
RELIANCE,Mar 2014,Oil & Gas,roce_calculated,10.352706194732225,21.666666666666668
RELIANCE,Mar 2015,Oil & Gas,roce_calculated,9.682999353587588,15.0
RELIANCE,Mar 2016,Oil & Gas,roce_calculated,9.801534238862693,16.666666666666664
RELIANCE,Mar 2017,Oil & Gas,roce_calculated,9.623553567865931,13.333333333333334
RELIANCE,Mar 2018,Oil & Gas,roce_calculated,12.05870827544441,33.33333333333333
RELIANCE,Mar 2019,Oil & Gas,roce_calculated,12.125337854369295,35.0
RELIANCE,Mar 2020,Oil & Gas,roce_calculated,11.098608850688613,28.333333333333332
RELIANCE,Mar 2021,Oil & Gas,roce_calculated,8.251168890059992,5.0
RELIANCE,Mar 2022,Oil & Gas,roce_calculated,9.883192265367367,18.333333333333332
RELIANCE,Mar 2023,Oil & Gas,roce_calculated,12.189602718888326,36.666666666666664
RELIANCE,Mar 2024,Oil & Gas,roce_calculated,12.974182257168223,38.333333333333336
RELIANCE,TTM,Oil & Gas,roce_calculated,,
BPCL,Mar 2013,Oil & Gas,operating_profit_margin_pct,2.770242091658718,4.615384615384616
BPCL,Mar 2014,Oil & Gas,operating_profit_margin_pct,3.5602316003645704,12.307692307692308
BPCL,Mar 2015,Oil & Gas,operating_profit_margin_pct,4.031360522345609,15.384615384615385
BPCL,Mar 2016,Oil & Gas,operating_profit_margin_pct,6.906264142906584,30.76923076923077
BPCL,Mar 2017,Oil & Gas,operating_profit_margin_pct,6.84866162155716,29.230769230769234
BPCL,Mar 2018,Oil & Gas,operating_profit_margin_pct,6.493143135717163,26.153846153846157
BPCL,Mar 2019,Oil & Gas,operating_profit_margin_pct,5.067297955241997,18.461538461538463
BPCL,Mar 2020,Oil & Gas,operating_profit_margin_pct,3.1538591287969298,7.6923076923076925
BPCL,Mar 2021,Oil & Gas,operating_profit_margin_pct,9.124086005621908,38.46153846153847
BPCL,Mar 2022,Oil & Gas,operating_profit_margin_pct,5.518309298684223,21.53846153846154
BPCL,Mar 2023,Oil & Gas,operating_profit_margin_pct,2.3033177158290488,1.5384615384615385
BPCL,Mar 2024,Oil & Gas,operating_profit_margin_pct,9.837909494446341,44.61538461538462
BPCL,TTM,Oil & Gas,operating_profit_margin_pct,5.9591428205951065,23.076923076923077
GAIL,Mar 2013,Oil & Gas,operating_profit_margin_pct,14.570173029387531,67.6923076923077
GAIL,Mar 2014,Oil & Gas,operating_profit_margin_pct,12.932890795758114,60.0
GAIL,Mar 2015,Oil & Gas,operating_profit_margin_pct,9.298677279257559,40.0
GAIL,Mar 2016,Oil & Gas,operating_profit_margin_pct,8.71419514725376,36.92307692307693
GAIL,Mar 2017,Oil & Gas,operating_profit_margin_pct,12.40113692535838,55.38461538461539
GAIL,Mar 2018,Oil & Gas,operating_profit_margin_pct,14.31664709336465,66.15384615384615
GAIL,Mar 2019,Oil & Gas,operating_profit_margin_pct,13.04370652316577,63.07692307692307
GAIL,Mar 2020,Oil & Gas,operating_profit_margin_pct,12.44104911883946,56.92307692307692
GAIL,Mar 2021,Oil & Gas,operating_profit_margin_pct,12.628111273792095,58.46153846153847
GAIL,Mar 2022,Oil & Gas,operating_profit_margin_pct,16.342567640400993,81.53846153846153
GAIL,Mar 2023,Oil & Gas,operating_profit_margin_pct,5.14869429112777,20.0
GAIL,Mar 2024,Oil & Gas,operating_profit_margin_pct,10.743987750322754,49.23076923076923
GAIL,TTM,Oil & Gas,operating_profit_margin_pct,12.333830586194987,53.84615384615385
IOC,Mar 2013,Oil & Gas,operating_profit_margin_pct,3.0016458053618607,6.153846153846154
IOC,Mar 2014,Oil & Gas,operating_profit_margin_pct,3.526605166429471,10.76923076923077
IOC,Mar 2015,Oil & Gas,operating_profit_margin_pct,2.352577379217676,3.076923076923077
IOC,Mar 2016,Oil & Gas,operating_profit_margin_pct,6.3685358840613215,24.615384615384617
IOC,Mar 2017,Oil & Gas,operating_profit_margin_pct,9.609177807354964,41.53846153846154
IOC,Mar 2018,Oil & Gas,operating_profit_margin_pct,9.883461607812247,46.15384615384615
IOC,Mar 2019,Oil & Gas,operating_profit_margin_pct,6.676411225428754,27.692307692307693
IOC,Mar 2020,Oil & Gas,operating_profit_margin_pct,3.31836043682547,9.230769230769232
IOC,Mar 2021,Oil & Gas,operating_profit_margin_pct,10.971012501717269,50.76923076923077
IOC,Mar 2022,Oil & Gas,operating_profit_margin_pct,8.103902626921492,33.84615384615385
IOC,Mar 2023,Oil & Gas,operating_profit_margin_pct,3.6451180627165116,13.846153846153847
IOC,Mar 2024,Oil & Gas,operating_profit_margin_pct,9.743776019125345,43.07692307692308
IOC,TTM,Oil & Gas,operating_profit_margin_pct,4.324444998916591,16.923076923076923
ONGC,Mar 2013,Oil & Gas,operating_profit_margin_pct,26.855121493480837,96.92307692307692
ONGC,Mar 2014,Oil & Gas,operating_profit_margin_pct,28.216010705199256,98.46153846153847
ONGC,Mar 2015,Oil & Gas,operating_profit_margin_pct,26.293320407896942,95.38461538461539
ONGC,Mar 2016,Oil & Gas,operating_profit_margin_pct,31.55132380921668,100.0
ONGC,Mar 2017,Oil & Gas,operating_profit_margin_pct,18.691284432897,93.84615384615384
ONGC,Mar 2018,Oil & Gas,operating_profit_margin_pct,17.628739471841243,89.23076923076924
ONGC,Mar 2019,Oil & Gas,operating_profit_margin_pct,17.745431948845418,90.76923076923077
ONGC,Mar 2020,Oil & Gas,operating_profit_margin_pct,13.13368353128592,64.61538461538461
ONGC,Mar 2021,Oil & Gas,operating_profit_margin_pct,16.28210064867747,80.0
ONGC,Mar 2022,Oil & Gas,operating_profit_margin_pct,16.259470815029538,78.46153846153847
ONGC,Mar 2023,Oil & Gas,operating_profit_margin_pct,11.944974703103476,52.307692307692314
ONGC,Mar 2024,Oil & Gas,operating_profit_margin_pct,17.388518015001793,86.15384615384616
ONGC,TTM,Oil & Gas,operating_profit_margin_pct,13.036402335530612,61.53846153846154
RELIANCE,Mar 2013,Oil & Gas,operating_profit_margin_pct,8.373383978563329,35.38461538461539
RELIANCE,Mar 2014,Oil & Gas,operating_profit_margin_pct,8.058433155487277,32.30769230769231
RELIANCE,Mar 2015,Oil & Gas,operating_profit_margin_pct,10.003151945124102,47.69230769230769
RELIANCE,Mar 2016,Oil & Gas,operating_profit_margin_pct,15.327808410649233,73.84615384615385
RELIANCE,Mar 2017,Oil & Gas,operating_profit_margin_pct,15.234871066016566,72.3076923076923
RELIANCE,Mar 2018,Oil & Gas,operating_profit_margin_pct,16.456298631349743,83.07692307692308
RELIANCE,Mar 2019,Oil & Gas,operating_profit_margin_pct,14.823951282425742,69.23076923076923
RELIANCE,Mar 2020,Oil & Gas,operating_profit_margin_pct,14.960472884080051,70.76923076923077
RELIANCE,Mar 2021,Oil & Gas,operating_profit_margin_pct,17.32549586431257,84.61538461538461
RELIANCE,Mar 2022,Oil & Gas,operating_profit_margin_pct,15.630519683361813,75.38461538461539
RELIANCE,Mar 2023,Oil & Gas,operating_profit_margin_pct,16.239006111392566,76.92307692307693
RELIANCE,Mar 2024,Oil & Gas,operating_profit_margin_pct,18.07459281612296,92.3076923076923
RELIANCE,TTM,Oil & Gas,operating_profit_margin_pct,17.4634351877664,87.6923076923077
BPCL,Mar 2013,Oil & Gas,net_profit_margin_pct,0.7994021000821699,6.153846153846154
BPCL,Mar 2014,Oil & Gas,net_profit_margin_pct,1.5327829484042492,15.384615384615385
BPCL,Mar 2015,Oil & Gas,net_profit_margin_pct,2.0948235352311233,16.923076923076923
BPCL,Mar 2016,Oil & Gas,net_profit_margin_pct,4.306897745121529,32.30769230769231
BPCL,Mar 2017,Oil & Gas,net_profit_margin_pct,4.723951682227666,35.38461538461539
BPCL,Mar 2018,Oil & Gas,net_profit_margin_pct,4.150999385319739,30.76923076923077
BPCL,Mar 2019,Oil & Gas,net_profit_margin_pct,2.859576294488073,18.461538461538463
BPCL,Mar 2020,Oil & Gas,net_profit_margin_pct,1.2882504251999494,9.230769230769232
BPCL,Mar 2021,Oil & Gas,net_profit_margin_pct,7.524840227483046,61.53846153846154
BPCL,Mar 2022,Oil & Gas,net_profit_margin_pct,3.3685995311297003,24.615384615384617
BPCL,Mar 2023,Oil & Gas,net_profit_margin_pct,0.45035049568141133,3.076923076923077
BPCL,Mar 2024,Oil & Gas,net_profit_margin_pct,5.994201967046283,49.23076923076923
BPCL,TTM,Oil & Gas,net_profit_margin_pct,3.082129528434631,21.53846153846154
GAIL,Mar 2013,Oil & Gas,net_profit_margin_pct,8.567112645662494,72.3076923076923
GAIL,Mar 2014,Oil & Gas,net_profit_margin_pct,7.7487250060714,63.07692307692307
GAIL,Mar 2015,Oil & Gas,net_profit_margin_pct,5.21822415245141,40.0
GAIL,Mar 2016,Oil & Gas,net_profit_margin_pct,3.6001767429350853,27.692307692307693
GAIL,Mar 2017,Oil & Gas,net_profit_margin_pct,6.949250288350635,55.38461538461539
GAIL,Mar 2018,Oil & Gas,net_profit_margin_pct,8.817160892542573,76.92307692307693
GAIL,Mar 2019,Oil & Gas,net_profit_margin_pct,8.600866255414097,73.84615384615385
GAIL,Mar 2020,Oil & Gas,net_profit_margin_pct,13.120880333158663,95.38461538461539
GAIL,Mar 2021,Oil & Gas,net_profit_margin_pct,10.70731367217458,89.23076923076924
GAIL,Mar 2022,Oil & Gas,net_profit_margin_pct,13.262908267758974,96.92307692307692
GAIL,Mar 2023,Oil & Gas,net_profit_margin_pct,3.841612433753467,29.230769230769234
GAIL,Mar 2024,Oil & Gas,net_profit_margin_pct,7.433122166511544,60.0
GAIL,TTM,Oil & Gas,net_profit_margin_pct,8.48097824090064,69.23076923076923
IOC,Mar 2013,Oil & Gas,net_profit_margin_pct,0.7854389536142752,4.615384615384616
IOC,Mar 2014,Oil & Gas,net_profit_margin_pct,1.4266553358793475,12.307692307692308
IOC,Mar 2015,Oil & Gas,net_profit_margin_pct,1.0838540890353208,7.6923076923076925
IOC,Mar 2016,Oil & Gas,net_profit_margin_pct,3.587105723244087,26.153846153846157
IOC,Mar 2017,Oil & Gas,net_profit_margin_pct,5.736129596852938,46.15384615384615
IOC,Mar 2018,Oil & Gas,net_profit_margin_pct,5.36807341539104,43.07692307692308
IOC,Mar 2019,Oil & Gas,net_profit_margin_pct,3.2706122031664764,23.076923076923077
IOC,Mar 2020,Oil & Gas,net_profit_margin_pct,-0.3877931962551911,1.5384615384615385
IOC,Mar 2021,Oil & Gas,net_profit_margin_pct,5.9793927737326555,47.69230769230769
IOC,Mar 2022,Oil & Gas,net_profit_margin_pct,4.365532536597202,33.84615384615385
IOC,Mar 2023,Oil & Gas,net_profit_margin_pct,1.3904266794653084,10.76923076923077
IOC,Mar 2024,Oil & Gas,net_profit_margin_pct,5.559462717942377,44.61538461538462
IOC,TTM,Oil & Gas,net_profit_margin_pct,1.4325955205946275,13.846153846153847
ONGC,Mar 2013,Oil & Gas,net_profit_margin_pct,14.812574081390755,98.46153846153847
ONGC,Mar 2014,Oil & Gas,net_profit_margin_pct,15.314063208917936,100.0
ONGC,Mar 2015,Oil & Gas,net_profit_margin_pct,11.000913480360172,92.3076923076923
ONGC,Mar 2016,Oil & Gas,net_profit_margin_pct,10.563062336740945,87.6923076923077
ONGC,Mar 2017,Oil & Gas,net_profit_margin_pct,10.325090440557014,86.15384615384616
ONGC,Mar 2018,Oil & Gas,net_profit_margin_pct,8.077940912161534,66.15384615384615
ONGC,Mar 2019,Oil & Gas,net_profit_margin_pct,8.049352029296244,64.61538461538461
ONGC,Mar 2020,Oil & Gas,net_profit_margin_pct,2.8876207376338447,20.0
ONGC,Mar 2021,Oil & Gas,net_profit_margin_pct,7.029807568891126,58.46153846153847
ONGC,Mar 2022,Oil & Gas,net_profit_margin_pct,10.03448374134344,84.61538461538461
ONGC,Mar 2023,Oil & Gas,net_profit_margin_pct,5.184005465837723,36.92307692307693
ONGC,Mar 2024,Oil & Gas,net_profit_margin_pct,9.655290194725701,80.0
ONGC,TTM,Oil & Gas,net_profit_margin_pct,6.424834596944863,52.307692307692314
RELIANCE,Mar 2013,Oil & Gas,net_profit_margin_pct,5.274815194579209,41.53846153846154
RELIANCE,Mar 2014,Oil & Gas,net_profit_margin_pct,5.2011321250873666,38.46153846153847
RELIANCE,Mar 2015,Oil & Gas,net_profit_margin_pct,6.314574807945039,50.76923076923077
RELIANCE,Mar 2016,Oil & Gas,net_profit_margin_pct,10.954828437576811,90.76923076923077
RELIANCE,Mar 2017,Oil & Gas,net_profit_margin_pct,9.81497200234246,83.07692307692308
RELIANCE,Mar 2018,Oil & Gas,net_profit_margin_pct,9.231800584919515,78.46153846153847
RELIANCE,Mar 2019,Oil & Gas,net_profit_margin_pct,7.00939759332931,56.92307692307692
RELIANCE,Mar 2020,Oil & Gas,net_profit_margin_pct,6.683660728800578,53.84615384615385
RELIANCE,Mar 2021,Oil & Gas,net_profit_margin_pct,11.524382005845935,93.84615384615384
RELIANCE,Mar 2022,Oil & Gas,net_profit_margin_pct,9.76646566082171,81.53846153846153
RELIANCE,Mar 2023,Oil & Gas,net_profit_margin_pct,8.45371270521545,67.6923076923077
RELIANCE,Mar 2024,Oil & Gas,net_profit_margin_pct,8.789365557299389,75.38461538461539
RELIANCE,TTM,Oil & Gas,net_profit_margin_pct,8.505827600075758,70.76923076923077
BPCL,Mar 2013,Oil & Gas,debt_to_equity,1.9765722801788375,0.0
BPCL,Mar 2014,Oil & Gas,debt_to_equity,1.705349794238683,3.3333333333333326
BPCL,Mar 2015,Oil & Gas,debt_to_equity,1.1298643737257335,16.666666666666664
BPCL,Mar 2016,Oil & Gas,debt_to_equity,0.8414765776786357,30.000000000000004
BPCL,Mar 2017,Oil & Gas,debt_to_equity,1.1591875141957884,13.33333333333333
BPCL,Mar 2018,Oil & Gas,debt_to_equity,1.0284005570878505,21.666666666666668
BPCL,Mar 2019,Oil & Gas,debt_to_equity,1.1566877337804722,15.000000000000002
BPCL,Mar 2020,Oil & Gas,debt_to_equity,1.792291689477718,1.6666666666666718
BPCL,Mar 2021,Oil & Gas,debt_to_equity,1.0182429278312015,23.33333333333333
BPCL,Mar 2022,Oil & Gas,debt_to_equity,1.243309893073885,11.66666666666667
BPCL,Mar 2023,Oil & Gas,debt_to_equity,1.2962146407084938,9.999999999999998
BPCL,Mar 2024,Oil & Gas,debt_to_equity,0.7218747934157467,43.333333333333336
BPCL,TTM,Oil & Gas,debt_to_equity,,
GAIL,Mar 2013,Oil & Gas,debt_to_equity,0.5720636243661874,60.0
GAIL,Mar 2014,Oil & Gas,debt_to_equity,0.5711424698052748,61.66666666666667
GAIL,Mar 2015,Oil & Gas,debt_to_equity,0.5376227147140086,63.33333333333333
GAIL,Mar 2016,Oil & Gas,debt_to_equity,0.24866082465730846,85.0
GAIL,Mar 2017,Oil & Gas,debt_to_equity,0.16672179112072255,88.33333333333333
GAIL,Mar 2018,Oil & Gas,debt_to_equity,0.09299647304397898,96.66666666666667
GAIL,Mar 2019,Oil & Gas,debt_to_equity,0.04834362229371359,98.33333333333333
GAIL,Mar 2020,Oil & Gas,debt_to_equity,0.14029390273605585,93.33333333333333
GAIL,Mar 2021,Oil & Gas,debt_to_equity,0.14803881012372608,90.0
GAIL,Mar 2022,Oil & Gas,debt_to_equity,0.14374395607823565,91.66666666666666
GAIL,Mar 2023,Oil & Gas,debt_to_equity,0.274400480539683,83.33333333333334
GAIL,Mar 2024,Oil & Gas,debt_to_equity,0.28304998896060884,81.66666666666667
GAIL,TTM,Oil & Gas,debt_to_equity,,
IOC,Mar 2013,Oil & Gas,debt_to_equity,1.422513761758967,5.000000000000004
IOC,Mar 2014,Oil & Gas,debt_to_equity,1.39761165019952,6.666666666666665
IOC,Mar 2015,Oil & Gas,debt_to_equity,0.942773709902371,26.66666666666667
IOC,Mar 2016,Oil & Gas,debt_to_equity,0.6507223827517226,46.666666666666664
IOC,Mar 2017,Oil & Gas,debt_to_equity,0.6197206550697383,51.66666666666666
IOC,Mar 2018,Oil & Gas,debt_to_equity,0.5765143931011468,58.33333333333333
IOC,Mar 2019,Oil & Gas,debt_to_equity,0.8603704131805209,28.333333333333332
IOC,Mar 2020,Oil & Gas,debt_to_equity,1.3605107025304515,8.333333333333337
IOC,Mar 2021,Oil & Gas,debt_to_equity,1.043017578998194,19.999999999999996
IOC,Mar 2022,Oil & Gas,debt_to_equity,0.9886546598270116,25.0
IOC,Mar 2023,Oil & Gas,debt_to_equity,1.0662463051366653,18.333333333333336
IOC,Mar 2024,Oil & Gas,debt_to_equity,0.7230954600718581,41.666666666666664
IOC,TTM,Oil & Gas,debt_to_equity,,
ONGC,Mar 2013,Oil & Gas,debt_to_equity,0.1356210007342914,95.0
ONGC,Mar 2014,Oil & Gas,debt_to_equity,0.285288582183187,80.0
ONGC,Mar 2015,Oil & Gas,debt_to_equity,0.2989332520572996,78.33333333333333
ONGC,Mar 2016,Oil & Gas,debt_to_equity,0.23001405360591262,86.66666666666667
ONGC,Mar 2017,Oil & Gas,debt_to_equity,0.41170145998168595,73.33333333333334
ONGC,Mar 2018,Oil & Gas,debt_to_equity,0.5222552801454766,65.0
ONGC,Mar 2019,Oil & Gas,debt_to_equity,0.4966579697050716,68.33333333333333
ONGC,Mar 2020,Oil & Gas,debt_to_equity,0.6312553631328497,48.33333333333333
ONGC,Mar 2021,Oil & Gas,debt_to_equity,0.6027079251157339,53.333333333333336
ONGC,Mar 2022,Oil & Gas,debt_to_equity,0.4700754904567577,70.0
ONGC,Mar 2023,Oil & Gas,debt_to_equity,0.5068823112308345,66.66666666666667
ONGC,Mar 2024,Oil & Gas,debt_to_equity,0.45444863084819176,71.66666666666667
ONGC,TTM,Oil & Gas,debt_to_equity,,
RELIANCE,Mar 2013,Oil & Gas,debt_to_equity,0.5889374090247452,55.00000000000001
RELIANCE,Mar 2014,Oil & Gas,debt_to_equity,0.698389929889726,44.99999999999999
RELIANCE,Mar 2015,Oil & Gas,debt_to_equity,0.7700309841234971,40.0
RELIANCE,Mar 2016,Oil & Gas,debt_to_equity,0.8408937794745116,31.666666666666664
RELIANCE,Mar 2017,Oil & Gas,debt_to_equity,0.8246779594173881,33.333333333333336
RELIANCE,Mar 2018,Oil & Gas,debt_to_equity,0.8171655775350418,35.0
RELIANCE,Mar 2019,Oil & Gas,debt_to_equity,0.7948965674016822,36.66666666666667
RELIANCE,Mar 2020,Oil & Gas,debt_to_equity,0.7906497820404929,38.33333333333333
RELIANCE,Mar 2021,Oil & Gas,debt_to_equity,0.398419245556806,76.66666666666666
RELIANCE,Mar 2022,Oil & Gas,debt_to_equity,0.40944726325715053,75.0
RELIANCE,Mar 2023,Oil & Gas,debt_to_equity,0.6309284341334763,50.0
RELIANCE,Mar 2024,Oil & Gas,debt_to_equity,0.5784524141094746,56.666666666666664
RELIANCE,TTM,Oil & Gas,debt_to_equity,,
BPCL,Mar 2013,Oil & Gas,interest_coverage,2.664416203335981,4.615384615384616
BPCL,Mar 2014,Oil & Gas,interest_coverage,4.749747729566095,18.461538461538463
BPCL,Mar 2015,Oil & Gas,interest_coverage,8.288135593220339,40.0
BPCL,Mar 2016,Oil & Gas,interest_coverage,19.075,83.07692307692308
BPCL,Mar 2017,Oil & Gas,interest_coverage,19.80316091954023,84.61538461538461
BPCL,Mar 2018,Oil & Gas,interest_coverage,12.914839797639123,73.84615384615385
BPCL,Mar 2019,Oil & Gas,interest_coverage,8.566893424036282,41.53846153846154
BPCL,Mar 2020,Oil & Gas,interest_coverage,3.403488813045127,10.76923076923077
BPCL,Mar 2021,Oil & Gas,interest_coverage,12.188624492164829,70.76923076923077
BPCL,Mar 2022,Oil & Gas,interest_coverage,7.343438219493477,35.38461538461539
BPCL,Mar 2023,Oil & Gas,interest_coverage,2.9102803738317755,9.230769230769232
BPCL,Mar 2024,Oil & Gas,interest_coverage,10.62472885032538,58.46153846153847
BPCL,TTM,Oil & Gas,interest_coverage,7.295054945054945,33.84615384615385
GAIL,Mar 2013,Oil & Gas,interest_coverage,16.9954233409611,81.53846153846153
GAIL,Mar 2014,Oil & Gas,interest_coverage,11.940209267563528,67.6923076923077
GAIL,Mar 2015,Oil & Gas,interest_coverage,8.636503067484663,43.07692307692308
GAIL,Mar 2016,Oil & Gas,interest_coverage,5.518248175182482,21.53846153846154
GAIL,Mar 2017,Oil & Gas,interest_coverage,11.829076620825147,66.15384615384615
GAIL,Mar 2018,Oil & Gas,interest_coverage,26.447457627118645,90.76923076923077
GAIL,Mar 2019,Oil & Gas,interest_coverage,62.503144654088054,95.38461538461539
GAIL,Mar 2020,Oil & Gas,interest_coverage,29.197411003236247,92.3076923076923
GAIL,Mar 2021,Oil & Gas,interest_coverage,40.47486033519553,93.84615384615384
GAIL,Mar 2022,Oil & Gas,interest_coverage,75.05445544554455,96.92307692307692
GAIL,Mar 2023,Oil & Gas,interest_coverage,20.54794520547945,87.6923076923077
GAIL,Mar 2024,Oil & Gas,interest_coverage,19.908205841446453,86.15384615384616
GAIL,TTM,Oil & Gas,interest_coverage,22.89768076398363,89.23076923076924
IOC,Mar 2013,Oil & Gas,interest_coverage,1.9348129536571748,1.5384615384615385
IOC,Mar 2014,Oil & Gas,interest_coverage,2.8954270342972426,7.6923076923076925
IOC,Mar 2015,Oil & Gas,interest_coverage,2.5172577957629136,3.076923076923077
IOC,Mar 2016,Oil & Gas,interest_coverage,6.320045884714655,23.076923076923077
IOC,Mar 2017,Oil & Gas,interest_coverage,9.123430403419716,47.69230769230769
IOC,Mar 2018,Oil & Gas,interest_coverage,10.750451612903225,60.0
IOC,Mar 2019,Oil & Gas,interest_coverage,7.159796954314721,30.76923076923077
IOC,Mar 2020,Oil & Gas,interest_coverage,2.7715814917127073,6.153846153846154
IOC,Mar 2021,Oil & Gas,interest_coverage,13.613706102966246,75.38461538461539
IOC,Mar 2022,Oil & Gas,interest_coverage,8.756508984231756,44.61538461538462
IOC,Mar 2023,Oil & Gas,interest_coverage,4.043621507643648,15.384615384615385
IOC,Mar 2024,Oil & Gas,interest_coverage,9.59852810557036,52.307692307692314
IOC,TTM,Oil & Gas,interest_coverage,3.5673274834795796,12.307692307692308
ONGC,Mar 2013,Oil & Gas,interest_coverage,89.87809917355372,100.0
ONGC,Mar 2014,Oil & Gas,interest_coverage,78.73397435897436,98.46153846153847
ONGC,Mar 2015,Oil & Gas,interest_coverage,14.773743016759777,80.0
ONGC,Mar 2016,Oil & Gas,interest_coverage,10.391662241104621,56.92307692307692
ONGC,Mar 2017,Oil & Gas,interest_coverage,14.704539125591758,78.46153846153847
ONGC,Mar 2018,Oil & Gas,interest_coverage,11.380076015203041,64.61538461538461
ONGC,Mar 2019,Oil & Gas,interest_coverage,12.81805722117526,72.3076923076923
ONGC,Mar 2020,Oil & Gas,interest_coverage,6.957537721992256,27.692307692307693
ONGC,Mar 2021,Oil & Gas,interest_coverage,9.740696987595983,53.84615384615385
ONGC,Mar 2022,Oil & Gas,interest_coverage,14.022823033707866,76.92307692307693
ONGC,Mar 2023,Oil & Gas,interest_coverage,9.573710229433388,49.23076923076923
ONGC,Mar 2024,Oil & Gas,interest_coverage,10.087796743182263,55.38461538461539
ONGC,TTM,Oil & Gas,interest_coverage,6.8194091486658195,24.615384615384617
RELIANCE,Mar 2013,Oil & Gas,interest_coverage,9.574068726537684,50.76923076923077
RELIANCE,Mar 2014,Oil & Gas,interest_coverage,9.107142857142858,46.15384615384615
RELIANCE,Mar 2015,Oil & Gas,interest_coverage,11.293425814234016,61.53846153846154
RELIANCE,Mar 2016,Oil & Gas,interest_coverage,11.31969655919805,63.07692307692307
RELIANCE,Mar 2017,Oil & Gas,interest_coverage,12.030917121330216,69.23076923076923
RELIANCE,Mar 2018,Oil & Gas,interest_coverage,7.987456532538499,38.46153846153847
RELIANCE,Mar 2019,Oil & Gas,interest_coverage,5.107608366171567,20.0
RELIANCE,Mar 2020,Oil & Gas,interest_coverage,4.052571843646434,16.923076923076923
RELIANCE,Mar 2021,Oil & Gas,interest_coverage,3.8128274104488176,13.846153846153847
RELIANCE,Mar 2022,Oil & Gas,interest_coverage,7.445213933077345,36.92307692307693
RELIANCE,Mar 2023,Oil & Gas,interest_coverage,7.271881866026264,32.30769230769231
RELIANCE,Mar 2024,Oil & Gas,interest_coverage,7.02906825849987,29.230769230769234
RELIANCE,TTM,Oil & Gas,interest_coverage,6.874471204188482,26.153846153846157
BPCL,Mar 2013,Oil & Gas,asset_turnover,3.0414050334053346,100.0
BPCL,Mar 2014,Oil & Gas,asset_turnover,2.9891589418946416,98.33333333333333
BPCL,Mar 2015,Oil & Gas,asset_turnover,2.81038437478279,96.66666666666667
BPCL,Mar 2016,Oil & Gas,asset_turnover,2.173231353127676,90.0
BPCL,Mar 2017,Oil & Gas,asset_turnover,1.844883853106723,78.33333333333333
BPCL,Mar 2018,Oil & Gas,asset_turnover,1.9599770680315065,88.33333333333333
BPCL,Mar 2019,Oil & Gas,asset_turnover,2.1780085593678336,91.66666666666666
BPCL,Mar 2020,Oil & Gas,asset_turnover,1.8863316982632905,81.66666666666667
BPCL,Mar 2021,Oil & Gas,asset_turnover,1.4298289207220862,66.66666666666666
BPCL,Mar 2022,Oil & Gas,asset_turnover,1.849265980195063,80.0
BPCL,Mar 2023,Oil & Gas,asset_turnover,2.5154936765386027,95.0
BPCL,Mar 2024,Oil & Gas,asset_turnover,2.213651947949293,93.33333333333333
BPCL,TTM,Oil & Gas,asset_turnover,,
GAIL,Mar 2013,Oil & Gas,asset_turnover,0.8522797572271732,38.333333333333336
GAIL,Mar 2014,Oil & Gas,asset_turnover,0.9237269124355044,46.666666666666664
GAIL,Mar 2015,Oil & Gas,asset_turnover,0.8692101221490189,41.66666666666667
GAIL,Mar 2016,Oil & Gas,asset_turnover,0.8813131740683676,43.333333333333336
GAIL,Mar 2017,Oil & Gas,asset_turnover,0.8329244651833044,33.33333333333333
GAIL,Mar 2018,Oil & Gas,asset_turnover,0.8882369240297948,45.0
GAIL,Mar 2019,Oil & Gas,asset_turnover,1.1134656417151376,60.0
GAIL,Mar 2020,Oil & Gas,asset_turnover,0.9677582939653562,50.0
GAIL,Mar 2021,Oil & Gas,asset_turnover,0.7080340614587189,28.333333333333332
GAIL,Mar 2022,Oil & Gas,asset_turnover,0.9605110577321295,48.333333333333336
GAIL,Mar 2023,Oil & Gas,asset_turnover,1.3512174759983304,63.33333333333333
GAIL,Mar 2024,Oil & Gas,asset_turnover,1.0680883472962681,56.666666666666664
GAIL,TTM,Oil & Gas,asset_turnover,,
IOC,Mar 2013,Oil & Gas,asset_turnover,1.9091442793474396,85.0
IOC,Mar 2014,Oil & Gas,asset_turnover,1.8362079013961115,76.66666666666667
IOC,Mar 2015,Oil & Gas,asset_turnover,1.9219310509955834,86.66666666666667
IOC,Mar 2016,Oil & Gas,asset_turnover,1.4934078501607577,71.66666666666667
IOC,Mar 2017,Oil & Gas,asset_turnover,1.2983351539352401,61.66666666666667
IOC,Mar 2018,Oil & Gas,asset_turnover,1.424633272493747,65.0
IOC,Mar 2019,Oil & Gas,asset_turnover,1.5748845281083483,73.33333333333333
IOC,Mar 2020,Oil & Gas,asset_turnover,1.4661173104781762,70.0
IOC,Mar 2021,Oil & Gas,asset_turnover,1.0247926903095919,53.333333333333336
IOC,Mar 2022,Oil & Gas,asset_turnover,1.434282835461276,68.33333333333333
IOC,Mar 2023,Oil & Gas,asset_turnover,1.9044468828832906,83.33333333333334
IOC,Mar 2024,Oil & Gas,asset_turnover,1.6084096601703395,75.0
IOC,TTM,Oil & Gas,asset_turnover,,
ONGC,Mar 2013,Oil & Gas,asset_turnover,0.6391817665256645,25.0
ONGC,Mar 2014,Oil & Gas,asset_turnover,0.5357964895869234,16.666666666666664
ONGC,Mar 2015,Oil & Gas,asset_turnover,0.47631916222432047,10.0
ONGC,Mar 2016,Oil & Gas,asset_turnover,0.36292030944606346,3.3333333333333335
ONGC,Mar 2017,Oil & Gas,asset_turnover,0.6355233113998088,23.333333333333332
ONGC,Mar 2018,Oil & Gas,asset_turnover,0.7027079994425476,26.666666666666668
ONGC,Mar 2019,Oil & Gas,asset_turnover,0.8563623327639471,40.0
ONGC,Mar 2020,Oil & Gas,asset_turnover,0.7804014446341597,31.666666666666664
ONGC,Mar 2021,Oil & Gas,asset_turnover,0.5608677835451169,20.0
ONGC,Mar 2022,Oil & Gas,asset_turnover,0.8422418818365738,36.666666666666664
ONGC,Mar 2023,Oil & Gas,asset_turnover,1.0312763510923726,55.00000000000001
ONGC,Mar 2024,Oil & Gas,asset_turnover,0.8332173339682772,35.0
ONGC,TTM,Oil & Gas,asset_turnover,,
RELIANCE,Mar 2013,Oil & Gas,asset_turnover,1.0927262340730275,58.333333333333336
RELIANCE,Mar 2014,Oil & Gas,asset_turnover,1.0109084210305403,51.66666666666667
RELIANCE,Mar 2015,Oil & Gas,asset_turnover,0.7420860043688031,30.0
RELIANCE,Mar 2016,Oil & Gas,asset_turnover,0.45506571819224473,6.666666666666667
RELIANCE,Mar 2017,Oil & Gas,asset_turnover,0.43004122795351457,5.0
RELIANCE,Mar 2018,Oil & Gas,asset_turnover,0.48174042523293636,11.666666666666666
RELIANCE,Mar 2019,Oil & Gas,asset_turnover,0.569687158565801,21.666666666666668
RELIANCE,Mar 2020,Oil & Gas,asset_turnover,0.5130449736245878,15.0
RELIANCE,Mar 2021,Oil & Gas,asset_turnover,0.35324548412388784,1.6666666666666667
RELIANCE,Mar 2022,Oil & Gas,asset_turnover,0.4635411731577409,8.333333333333332
RELIANCE,Mar 2023,Oil & Gas,asset_turnover,0.5457412188442239,18.333333333333332
RELIANCE,Mar 2024,Oil & Gas,asset_turnover,0.5122600635424216,13.333333333333334
RELIANCE,TTM,Oil & Gas,asset_turnover,,
BPCL,Mar 2013,Oil & Gas,free_cash_flow,2322.0,43.333333333333336
BPCL,Mar 2014,Oil & Gas,free_cash_flow,2707.0,45.0
BPCL,Mar 2015,Oil & Gas,free_cash_flow,10206.0,71.66666666666667
BPCL,Mar 2016,Oil & Gas,free_cash_flow,1886.0,36.666666666666664
BPCL,Mar 2017,Oil & Gas,free_cash_flow,-6233.0,16.666666666666664
BPCL,Mar 2018,Oil & Gas,free_cash_flow,4002.0,53.333333333333336
BPCL,Mar 2019,Oil & Gas,free_cash_flow,-294.0,25.0
BPCL,Mar 2020,Oil & Gas,free_cash_flow,-3254.0,20.0
BPCL,Mar 2021,Oil & Gas,free_cash_flow,20981.0,83.33333333333334
BPCL,Mar 2022,Oil & Gas,free_cash_flow,12198.0,80.0
BPCL,Mar 2023,Oil & Gas,free_cash_flow,4660.0,60.0
BPCL,Mar 2024,Oil & Gas,free_cash_flow,25415.0,90.0
BPCL,TTM,Oil & Gas,free_cash_flow,,
GAIL,Mar 2013,Oil & Gas,free_cash_flow,-2023.0,21.666666666666668
GAIL,Mar 2014,Oil & Gas,free_cash_flow,149.0,30.0
GAIL,Mar 2015,Oil & Gas,free_cash_flow,1405.0,31.666666666666664
GAIL,Mar 2016,Oil & Gas,free_cash_flow,3056.0,46.666666666666664
GAIL,Mar 2017,Oil & Gas,free_cash_flow,5690.0,63.33333333333333
GAIL,Mar 2018,Oil & Gas,free_cash_flow,6109.0,65.0
GAIL,Mar 2019,Oil & Gas,free_cash_flow,2283.0,41.66666666666667
GAIL,Mar 2020,Oil & Gas,free_cash_flow,46.0,27.500000000000004
GAIL,Mar 2021,Oil & Gas,free_cash_flow,4353.0,55.00000000000001
GAIL,Mar 2022,Oil & Gas,free_cash_flow,3930.0,51.66666666666667
GAIL,Mar 2023,Oil & Gas,free_cash_flow,-4248.0,18.333333333333332
GAIL,Mar 2024,Oil & Gas,free_cash_flow,4360.0,56.666666666666664
GAIL,TTM,Oil & Gas,free_cash_flow,,
IOC,Mar 2013,Oil & Gas,free_cash_flow,46.0,27.500000000000004
IOC,Mar 2014,Oil & Gas,free_cash_flow,5601.0,61.66666666666667
IOC,Mar 2015,Oil & Gas,free_cash_flow,35877.0,93.33333333333333
IOC,Mar 2016,Oil & Gas,free_cash_flow,12014.0,78.33333333333333
IOC,Mar 2017,Oil & Gas,free_cash_flow,10532.0,73.33333333333333
IOC,Mar 2018,Oil & Gas,free_cash_flow,11996.0,76.66666666666667
IOC,Mar 2019,Oil & Gas,free_cash_flow,-9822.0,15.0
IOC,Mar 2020,Oil & Gas,free_cash_flow,-21955.0,8.333333333333332
IOC,Mar 2021,Oil & Gas,free_cash_flow,26715.0,91.66666666666666
IOC,Mar 2022,Oil & Gas,free_cash_flow,4453.0,58.333333333333336
IOC,Mar 2023,Oil & Gas,free_cash_flow,1614.0,35.0
IOC,Mar 2024,Oil & Gas,free_cash_flow,39635.0,96.66666666666667
IOC,TTM,Oil & Gas,free_cash_flow,,
ONGC,Mar 2013,Oil & Gas,free_cash_flow,-1346.0,23.333333333333332
ONGC,Mar 2014,Oil & Gas,free_cash_flow,-10363.0,11.666666666666666
ONGC,Mar 2015,Oil & Gas,free_cash_flow,3892.0,50.0
ONGC,Mar 2016,Oil & Gas,free_cash_flow,8036.0,66.66666666666666
ONGC,Mar 2017,Oil & Gas,free_cash_flow,1965.0,40.0
ONGC,Mar 2018,Oil & Gas,free_cash_flow,-10006.0,13.333333333333334
ONGC,Mar 2019,Oil & Gas,free_cash_flow,24326.0,88.33333333333333
ONGC,Mar 2020,Oil & Gas,free_cash_flow,17434.0,81.66666666666667
ONGC,Mar 2021,Oil & Gas,free_cash_flow,8044.0,68.33333333333333
ONGC,Mar 2022,Oil & Gas,free_cash_flow,37051.0,95.0
ONGC,Mar 2023,Oil & Gas,free_cash_flow,11372.0,75.0
ONGC,Mar 2024,Oil & Gas,free_cash_flow,42060.0,98.33333333333333
ONGC,TTM,Oil & Gas,free_cash_flow,,
RELIANCE,Mar 2013,Oil & Gas,free_cash_flow,9317.0,70.0
RELIANCE,Mar 2014,Oil & Gas,free_cash_flow,-29809.0,6.666666666666667
RELIANCE,Mar 2015,Oil & Gas,free_cash_flow,-30332.0,5.0
RELIANCE,Mar 2016,Oil & Gas,free_cash_flow,1948.0,38.333333333333336
RELIANCE,Mar 2017,Oil & Gas,free_cash_flow,-16651.0,10.0
RELIANCE,Mar 2018,Oil & Gas,free_cash_flow,3267.0,48.333333333333336
RELIANCE,Mar 2019,Oil & Gas,free_cash_flow,-52161.0,3.3333333333333335
RELIANCE,Mar 2020,Oil & Gas,free_cash_flow,22380.0,86.66666666666667
RELIANCE,Mar 2021,Oil & Gas,free_cash_flow,-115427.0,1.6666666666666667
RELIANCE,Mar 2022,Oil & Gas,free_cash_flow,1492.0,33.33333333333333
RELIANCE,Mar 2023,Oil & Gas,free_cash_flow,22031.0,85.0
RELIANCE,Mar 2024,Oil & Gas,free_cash_flow,45207.0,100.0
RELIANCE,TTM,Oil & Gas,free_cash_flow,,
BPCL,Mar 2013,Oil & Gas,cfo_quality_score,3.0609504132231407,90.0
BPCL,Mar 2014,Oil & Gas,cfo_quality_score,2.3656550703182826,81.66666666666667
BPCL,Mar 2015,Oil & Gas,cfo_quality_score,4.0814639905549,95.0
BPCL,Mar 2016,Oil & Gas,cfo_quality_score,1.3745827667202373,33.33333333333333
BPCL,Mar 2017,Oil & Gas,cfo_quality_score,0.9509834858525297,11.666666666666666
BPCL,Mar 2018,Oil & Gas,cfo_quality_score,1.1303104575163399,18.333333333333332
BPCL,Mar 2019,Oil & Gas,cfo_quality_score,1.1910178236397748,20.0
BPCL,Mar 2020,Oil & Gas,cfo_quality_score,2.1497545008183305,75.0
BPCL,Mar 2021,Oil & Gas,cfo_quality_score,1.3542147806004619,31.666666666666664
BPCL,Mar 2022,Oil & Gas,cfo_quality_score,1.7407978085944187,55.00000000000001
BPCL,Mar 2023,Oil & Gas,cfo_quality_score,5.849835757860159,96.66666666666667
BPCL,Mar 2024,Oil & Gas,cfo_quality_score,1.3379500353698945,30.0
BPCL,TTM,Oil & Gas,cfo_quality_score,,
GAIL,Mar 2013,Oil & Gas,cfo_quality_score,1.5120219830547286,40.0
GAIL,Mar 2014,Oil & Gas,cfo_quality_score,0.9642707898035938,13.333333333333334
GAIL,Mar 2015,Oil & Gas,cfo_quality_score,1.3335443037974684,28.333333333333332
GAIL,Mar 2016,Oil & Gas,cfo_quality_score,2.113127001067236,73.33333333333333
GAIL,Mar 2017,Oil & Gas,cfo_quality_score,1.7854179016004743,58.333333333333336
GAIL,Mar 2018,Oil & Gas,cfo_quality_score,1.8249739854318419,61.66666666666667
GAIL,Mar 2019,Oil & Gas,cfo_quality_score,1.2183732641538227,21.666666666666668
GAIL,Mar 2020,Oil & Gas,cfo_quality_score,0.8770362585391487,10.0
GAIL,Mar 2021,Oil & Gas,cfo_quality_score,1.463942699007,38.333333333333336
GAIL,Mar 2022,Oil & Gas,cfo_quality_score,0.7656046814044213,8.333333333333332
GAIL,Mar 2023,Oil & Gas,cfo_quality_score,0.5727305218012866,5.0
GAIL,Mar 2024,Oil & Gas,cfo_quality_score,1.270928001615672,23.333333333333332
GAIL,TTM,Oil & Gas,cfo_quality_score,,
IOC,Mar 2013,Oil & Gas,cfo_quality_score,2.5751309622277363,86.66666666666667
IOC,Mar 2014,Oil & Gas,cfo_quality_score,3.4728003444811253,91.66666666666666
IOC,Mar 2015,Oil & Gas,cfo_quality_score,9.460591133004925,100.0
IOC,Mar 2016,Oil & Gas,cfo_quality_score,2.0642874405864817,71.66666666666667
IOC,Mar 2017,Oil & Gas,cfo_quality_score,1.3841550159430953,35.0
IOC,Mar 2018,Oil & Gas,cfo_quality_score,1.286793953858393,26.666666666666668
IOC,Mar 2019,Oil & Gas,cfo_quality_score,0.7379298367488711,6.666666666666667
IOC,Mar 2020,Oil & Gas,cfo_quality_score,-3.8091684434968016,1.6666666666666667
IOC,Mar 2021,Oil & Gas,cfo_quality_score,2.2814998621450235,80.0
IOC,Mar 2022,Oil & Gas,cfo_quality_score,1.00077739339993,15.0
IOC,Mar 2023,Oil & Gas,cfo_quality_score,2.5328092959671906,85.0
IOC,Mar 2024,Oil & Gas,cfo_quality_score,1.6472973286068442,48.333333333333336
IOC,TTM,Oil & Gas,cfo_quality_score,,
ONGC,Mar 2013,Oil & Gas,cfo_quality_score,1.6618321246978411,51.66666666666667
ONGC,Mar 2014,Oil & Gas,cfo_quality_score,1.9977498593662104,68.33333333333333
ONGC,Mar 2015,Oil & Gas,cfo_quality_score,1.9177540529853696,63.33333333333333
ONGC,Mar 2016,Oil & Gas,cfo_quality_score,3.533201038009464,93.33333333333333
ONGC,Mar 2017,Oil & Gas,cfo_quality_score,1.5694744420446365,43.333333333333336
ONGC,Mar 2018,Oil & Gas,cfo_quality_score,2.178609789780574,76.66666666666667
ONGC,Mar 2019,Oil & Gas,cfo_quality_score,1.8108904472862277,60.0
ONGC,Mar 2020,Oil & Gas,cfo_quality_score,6.162098463687151,98.33333333333333
ONGC,Mar 2021,Oil & Gas,cfo_quality_score,2.2090355805243447,78.33333333333333
ONGC,Mar 2022,Oil & Gas,cfo_quality_score,1.5873737168823792,45.0
ONGC,Mar 2023,Oil & Gas,cfo_quality_score,2.625602538287876,88.33333333333333
ONGC,Mar 2024,Oil & Gas,cfo_quality_score,1.7383758603176827,53.333333333333336
ONGC,TTM,Oil & Gas,cfo_quality_score,,
RELIANCE,Mar 2013,Oil & Gas,cfo_quality_score,1.7675955185291583,56.666666666666664
RELIANCE,Mar 2014,Oil & Gas,cfo_quality_score,1.9186180592513749,65.0
RELIANCE,Mar 2015,Oil & Gas,cfo_quality_score,1.4540609137055838,36.666666666666664
RELIANCE,Mar 2016,Oil & Gas,cfo_quality_score,1.2770503332105423,25.0
RELIANCE,Mar 2017,Oil & Gas,cfo_quality_score,1.6609124124291892,50.0
RELIANCE,Mar 2018,Oil & Gas,cfo_quality_score,1.980570953436807,66.66666666666666
RELIANCE,Mar 2019,Oil & Gas,cfo_quality_score,1.0629816502246656,16.666666666666664
RELIANCE,Mar 2020,Oil & Gas,cfo_quality_score,2.379062186559679,83.33333333333334
RELIANCE,Mar 2021,Oil & Gas,cfo_quality_score,0.5016468486573996,3.3333333333333335
RELIANCE,Mar 2022,Oil & Gas,cfo_quality_score,1.6309823863217627,46.666666666666664
RELIANCE,Mar 2023,Oil & Gas,cfo_quality_score,1.5526401036605118,41.66666666666667
RELIANCE,Mar 2024,Oil & Gas,cfo_quality_score,2.00946595798532,70.0
RELIANCE,TTM,Oil & Gas,cfo_quality_score,,
CIPLA,Mar 2013,Pharmaceuticals,return_on_equity_pct,17.130502272979268,53.333333333333336
CIPLA,Mar 2014,Pharmaceuticals,return_on_equity_pct,13.968759327430105,40.0
CIPLA,Mar 2015,Pharmaceuticals,return_on_equity_pct,11.377522680985003,25.0
CIPLA,Mar 2016,Pharmaceuticals,return_on_equity_pct,12.00833550403751,28.333333333333332
CIPLA,Mar 2017,Pharmaceuticals,return_on_equity_pct,8.250956632653061,10.0
CIPLA,Mar 2018,Pharmaceuticals,return_on_equity_pct,9.958535385480358,18.333333333333332
CIPLA,Mar 2019,Pharmaceuticals,return_on_equity_pct,9.938715694111377,16.666666666666664
CIPLA,Mar 2020,Pharmaceuticals,return_on_equity_pct,9.515955084692001,15.0
CIPLA,Mar 2021,Pharmaceuticals,return_on_equity_pct,13.036123540325221,35.0
CIPLA,Mar 2022,Pharmaceuticals,return_on_equity_pct,12.221102634230602,31.666666666666664
CIPLA,Mar 2023,Pharmaceuticals,return_on_equity_pct,12.103216986371597,30.0
CIPLA,Mar 2024,Pharmaceuticals,return_on_equity_pct,15.554557028383135,50.0
CIPLA,TTM,Pharmaceuticals,return_on_equity_pct,,
DIVISLAB,Mar 2013,Pharmaceuticals,return_on_equity_pct,24.070371851259495,83.33333333333334
DIVISLAB,Mar 2014,Pharmaceuticals,return_on_equity_pct,26.07962213225371,91.66666666666666
DIVISLAB,Mar 2015,Pharmaceuticals,return_on_equity_pct,24.37070938215103,86.66666666666667
DIVISLAB,Mar 2016,Pharmaceuticals,return_on_equity_pct,26.22874446773818,93.33333333333333
DIVISLAB,Mar 2017,Pharmaceuticals,return_on_equity_pct,19.787194325182007,63.33333333333333
DIVISLAB,Mar 2018,Pharmaceuticals,return_on_equity_pct,14.801687763713081,45.0
DIVISLAB,Mar 2019,Pharmaceuticals,return_on_equity_pct,19.448037947391118,60.0
DIVISLAB,Mar 2020,Pharmaceuticals,return_on_equity_pct,18.83720930232558,56.666666666666664
DIVISLAB,Mar 2021,Pharmaceuticals,return_on_equity_pct,21.34480903711673,70.0
DIVISLAB,Mar 2022,Pharmaceuticals,return_on_equity_pct,25.2387448840382,90.0
DIVISLAB,Mar 2023,Pharmaceuticals,return_on_equity_pct,14.286833241951907,41.66666666666667
DIVISLAB,Mar 2024,Pharmaceuticals,return_on_equity_pct,11.78984599513669,26.666666666666668
DIVISLAB,TTM,Pharmaceuticals,return_on_equity_pct,,
DRREDDY,Mar 2013,Pharmaceuticals,return_on_equity_pct,23.97550635892605,81.66666666666667
DRREDDY,Mar 2014,Pharmaceuticals,return_on_equity_pct,24.958677685950413,88.33333333333333
DRREDDY,Mar 2015,Pharmaceuticals,return_on_equity_pct,23.708515173043743,80.0
DRREDDY,Mar 2016,Pharmaceuticals,return_on_equity_pct,16.95441164770467,51.66666666666667
DRREDDY,Mar 2017,Pharmaceuticals,return_on_equity_pct,10.536617191322787,20.0
DRREDDY,Mar 2018,Pharmaceuticals,return_on_equity_pct,7.532612153993,6.666666666666667
DRREDDY,Mar 2019,Pharmaceuticals,return_on_equity_pct,13.904734740444951,38.333333333333336
DRREDDY,Mar 2020,Pharmaceuticals,return_on_equity_pct,12.988012052054618,33.33333333333333
DRREDDY,Mar 2021,Pharmaceuticals,return_on_equity_pct,11.06513236211099,21.666666666666668
DRREDDY,Mar 2022,Pharmaceuticals,return_on_equity_pct,11.35748490526754,23.333333333333332
DRREDDY,Mar 2023,Pharmaceuticals,return_on_equity_pct,19.35497723954307,58.333333333333336
DRREDDY,Mar 2024,Pharmaceuticals,return_on_equity_pct,19.74233736816026,61.66666666666667
DRREDDY,TTM,Pharmaceuticals,return_on_equity_pct,,
SUNPHARMA,Mar 2013,Pharmaceuticals,return_on_equity_pct,23.142094729819878,78.33333333333333
SUNPHARMA,Mar 2014,Pharmaceuticals,return_on_equity_pct,20.939271255060728,66.66666666666666
SUNPHARMA,Mar 2015,Pharmaceuticals,return_on_equity_pct,21.358920352601608,71.66666666666667
SUNPHARMA,Mar 2016,Pharmaceuticals,return_on_equity_pct,17.154291604766094,55.00000000000001
SUNPHARMA,Mar 2017,Pharmaceuticals,return_on_equity_pct,21.413755458515286,73.33333333333333
SUNPHARMA,Mar 2018,Pharmaceuticals,return_on_equity_pct,6.634650519392389,3.3333333333333335
SUNPHARMA,Mar 2019,Pharmaceuticals,return_on_equity_pct,7.747108116593012,8.333333333333332
SUNPHARMA,Mar 2020,Pharmaceuticals,return_on_equity_pct,9.216834198608197,11.666666666666666
SUNPHARMA,Mar 2021,Pharmaceuticals,return_on_equity_pct,4.889912403417773,1.6666666666666667
SUNPHARMA,Mar 2022,Pharmaceuticals,return_on_equity_pct,7.0587990252233865,5.0
SUNPHARMA,Mar 2023,Pharmaceuticals,return_on_equity_pct,15.20314313778016,48.333333333333336
SUNPHARMA,Mar 2024,Pharmaceuticals,return_on_equity_pct,15.094161810671148,46.666666666666664
SUNPHARMA,TTM,Pharmaceuticals,return_on_equity_pct,,
TORNTPHARM,Mar 2013,Pharmaceuticals,return_on_equity_pct,30.590717299578056,96.66666666666667
TORNTPHARM,Mar 2014,Pharmaceuticals,return_on_equity_pct,34.8922753547031,98.33333333333333
TORNTPHARM,Mar 2015,Pharmaceuticals,return_on_equity_pct,30.148534725010034,95.0
TORNTPHARM,Mar 2016,Pharmaceuticals,return_on_equity_pct,49.59931310818546,100.0
TORNTPHARM,Mar 2017,Pharmaceuticals,return_on_equity_pct,21.466329579407034,76.66666666666667
TORNTPHARM,Mar 2018,Pharmaceuticals,return_on_equity_pct,14.665801427644388,43.333333333333336
TORNTPHARM,Mar 2019,Pharmaceuticals,return_on_equity_pct,9.227513227513228,13.333333333333334
TORNTPHARM,Mar 2020,Pharmaceuticals,return_on_equity_pct,21.24792703150912,68.33333333333333
TORNTPHARM,Mar 2021,Pharmaceuticals,return_on_equity_pct,21.44570058239123,75.0
TORNTPHARM,Mar 2022,Pharmaceuticals,return_on_equity_pct,13.052242566773057,36.666666666666664
TORNTPHARM,Mar 2023,Pharmaceuticals,return_on_equity_pct,20.087124878993222,65.0
TORNTPHARM,Mar 2024,Pharmaceuticals,return_on_equity_pct,24.154025670945156,85.0
TORNTPHARM,TTM,Pharmaceuticals,return_on_equity_pct,,
CIPLA,Mar 2013,Pharmaceuticals,roce_calculated,60.73502904065692,81.66666666666667
CIPLA,Mar 2014,Pharmaceuticals,roce_calculated,71.03283476413841,88.33333333333333
CIPLA,Mar 2015,Pharmaceuticals,roce_calculated,73.43462614954018,96.66666666666667
CIPLA,Mar 2016,Pharmaceuticals,roce_calculated,67.64758657814463,85.0
CIPLA,Mar 2017,Pharmaceuticals,roce_calculated,71.42942906885995,90.0
CIPLA,Mar 2018,Pharmaceuticals,roce_calculated,67.27233044142523,83.33333333333334
CIPLA,Mar 2019,Pharmaceuticals,roce_calculated,68.63100165562915,86.66666666666667
CIPLA,Mar 2020,Pharmaceuticals,roce_calculated,74.95559502664298,98.33333333333333
CIPLA,Mar 2021,Pharmaceuticals,roce_calculated,73.28908554572271,95.0
CIPLA,Mar 2022,Pharmaceuticals,roce_calculated,78.59980819290314,100.0
CIPLA,Mar 2023,Pharmaceuticals,roce_calculated,73.21767864518793,93.33333333333333
CIPLA,Mar 2024,Pharmaceuticals,roce_calculated,71.45791307537137,91.66666666666666
CIPLA,TTM,Pharmaceuticals,roce_calculated,,
DIVISLAB,Mar 2013,Pharmaceuticals,roce_calculated,32.202052091554854,68.33333333333333
DIVISLAB,Mar 2014,Pharmaceuticals,roce_calculated,34.13816230717639,78.33333333333333
DIVISLAB,Mar 2015,Pharmaceuticals,roce_calculated,33.29548680102186,76.66666666666667
DIVISLAB,Mar 2016,Pharmaceuticals,roce_calculated,32.825836216839676,70.0
DIVISLAB,Mar 2017,Pharmaceuticals,roce_calculated,26.88670498794734,60.0
DIVISLAB,Mar 2018,Pharmaceuticals,roce_calculated,21.19238476953908,36.666666666666664
DIVISLAB,Mar 2019,Pharmaceuticals,roce_calculated,26.532634857709187,56.666666666666664
DIVISLAB,Mar 2020,Pharmaceuticals,roce_calculated,24.84691794802014,50.0
DIVISLAB,Mar 2021,Pharmaceuticals,roce_calculated,30.827956989247312,61.66666666666667
DIVISLAB,Mar 2022,Pharmaceuticals,roce_calculated,33.1145584725537,73.33333333333333
DIVISLAB,Mar 2023,Pharmaceuticals,roce_calculated,18.557669720460417,23.333333333333332
DIVISLAB,Mar 2024,Pharmaceuticals,roce_calculated,16.281125681449833,13.333333333333334
DIVISLAB,TTM,Pharmaceuticals,roce_calculated,,
DRREDDY,Mar 2013,Pharmaceuticals,roce_calculated,26.55457168440951,58.333333333333336
DRREDDY,Mar 2014,Pharmaceuticals,roce_calculated,26.340949602981688,55.00000000000001
DRREDDY,Mar 2015,Pharmaceuticals,roce_calculated,24.761770311286792,48.333333333333336
DRREDDY,Mar 2016,Pharmaceuticals,roce_calculated,22.51742980968532,40.0
DRREDDY,Mar 2017,Pharmaceuticals,roce_calculated,14.388824214202561,11.666666666666666
DRREDDY,Mar 2018,Pharmaceuticals,roce_calculated,13.325398174913564,8.333333333333332
DRREDDY,Mar 2019,Pharmaceuticals,roce_calculated,17.791960586720414,18.333333333333332
DRREDDY,Mar 2020,Pharmaceuticals,roce_calculated,13.908697849401989,10.0
DRREDDY,Mar 2021,Pharmaceuticals,roce_calculated,18.74032507739938,25.0
DRREDDY,Mar 2022,Pharmaceuticals,roce_calculated,16.675517790759425,15.0
DRREDDY,Mar 2023,Pharmaceuticals,roce_calculated,26.265578695246216,53.333333333333336
DRREDDY,Mar 2024,Pharmaceuticals,roce_calculated,26.219592808038072,51.66666666666667
DRREDDY,TTM,Pharmaceuticals,roce_calculated,,
SUNPHARMA,Mar 2013,Pharmaceuticals,roce_calculated,31.37049180327869,65.0
SUNPHARMA,Mar 2014,Pharmaceuticals,roce_calculated,33.21160959878593,75.0
SUNPHARMA,Mar 2015,Pharmaceuticals,roce_calculated,22.792631518161343,41.66666666666667
SUNPHARMA,Mar 2016,Pharmaceuticals,roce_calculated,19.705882352941178,30.0
SUNPHARMA,Mar 2017,Pharmaceuticals,roce_calculated,21.737820623170943,38.333333333333336
SUNPHARMA,Mar 2018,Pharmaceuticals,roce_calculated,11.562865767264215,1.6666666666666667
SUNPHARMA,Mar 2019,Pharmaceuticals,roce_calculated,12.281647824663445,5.0
SUNPHARMA,Mar 2020,Pharmaceuticals,roce_calculated,13.03284807764091,6.666666666666667
SUNPHARMA,Mar 2021,Pharmaceuticals,roce_calculated,16.82826035126758,16.666666666666664
SUNPHARMA,Mar 2022,Pharmaceuticals,roce_calculated,20.806880184986106,35.0
SUNPHARMA,Mar 2023,Pharmaceuticals,roce_calculated,18.527059048043128,21.666666666666668
SUNPHARMA,Mar 2024,Pharmaceuticals,roce_calculated,19.446975695015013,26.666666666666668
SUNPHARMA,TTM,Pharmaceuticals,roce_calculated,,
TORNTPHARM,Mar 2013,Pharmaceuticals,roce_calculated,32.95508274231678,71.66666666666667
TORNTPHARM,Mar 2014,Pharmaceuticals,roce_calculated,31.466227347611202,66.66666666666666
TORNTPHARM,Mar 2015,Pharmaceuticals,roce_calculated,19.49913974383483,28.333333333333332
TORNTPHARM,Mar 2016,Pharmaceuticals,roce_calculated,46.749914471433456,80.0
TORNTPHARM,Mar 2017,Pharmaceuticals,roce_calculated,20.069960647135986,31.666666666666664
TORNTPHARM,Mar 2018,Pharmaceuticals,roce_calculated,12.169598556608028,3.3333333333333335
TORNTPHARM,Mar 2019,Pharmaceuticals,roce_calculated,18.42423116231534,20.0
TORNTPHARM,Mar 2020,Pharmaceuticals,roce_calculated,20.456259426847662,33.33333333333333
TORNTPHARM,Mar 2021,Pharmaceuticals,roce_calculated,23.15160567587752,43.333333333333336
TORNTPHARM,Mar 2022,Pharmaceuticals,roce_calculated,24.25421530479896,45.0
TORNTPHARM,Mar 2023,Pharmaceuticals,roce_calculated,24.56989712112043,46.666666666666664
TORNTPHARM,Mar 2024,Pharmaceuticals,roce_calculated,30.961573818716676,63.33333333333333
TORNTPHARM,TTM,Pharmaceuticals,roce_calculated,,
CIPLA,Mar 2013,Pharmaceuticals,operating_profit_margin_pct,2214.0,84.61538461538461
CIPLA,Mar 2014,Pharmaceuticals,operating_profit_margin_pct,2147.0,81.53846153846153
CIPLA,Mar 2015,Pharmaceuticals,operating_profit_margin_pct,2163.0,83.07692307692308
CIPLA,Mar 2016,Pharmaceuticals,operating_profit_margin_pct,2480.0,86.15384615384616
CIPLA,Mar 2017,Pharmaceuticals,operating_profit_margin_pct,2496.0,87.6923076923077
CIPLA,Mar 2018,Pharmaceuticals,operating_profit_margin_pct,2826.0,89.23076923076924
CIPLA,Mar 2019,Pharmaceuticals,operating_profit_margin_pct,3097.0,90.76923076923077
CIPLA,Mar 2020,Pharmaceuticals,operating_profit_margin_pct,3206.0,92.3076923076923
CIPLA,Mar 2021,Pharmaceuticals,operating_profit_margin_pct,4252.0,93.84615384615384
CIPLA,Mar 2022,Pharmaceuticals,operating_profit_margin_pct,4553.0,95.38461538461539
CIPLA,Mar 2023,Pharmaceuticals,operating_profit_margin_pct,5027.0,96.92307692307692
CIPLA,Mar 2024,Pharmaceuticals,operating_profit_margin_pct,6291.0,98.46153846153847
CIPLA,TTM,Pharmaceuticals,operating_profit_margin_pct,6906.0,100.0
DIVISLAB,Mar 2013,Pharmaceuticals,operating_profit_margin_pct,38.04195804195804,70.76923076923077
DIVISLAB,Mar 2014,Pharmaceuticals,operating_profit_margin_pct,40.20537124802528,72.3076923076923
DIVISLAB,Mar 2015,Pharmaceuticals,operating_profit_margin_pct,37.65650080256822,66.15384615384615
DIVISLAB,Mar 2016,Pharmaceuticals,operating_profit_margin_pct,37.6853813559322,67.6923076923077
DIVISLAB,Mar 2017,Pharmaceuticals,operating_profit_margin_pct,35.67913385826771,64.61538461538461
DIVISLAB,Mar 2018,Pharmaceuticals,operating_profit_margin_pct,32.61372397841172,61.53846153846154
DIVISLAB,Mar 2019,Pharmaceuticals,operating_profit_margin_pct,37.88920339668419,69.23076923076923
DIVISLAB,Mar 2020,Pharmaceuticals,operating_profit_margin_pct,33.852428624397476,63.07692307692307
DIVISLAB,Mar 2021,Pharmaceuticals,operating_profit_margin_pct,41.13933132443679,75.38461538461539
DIVISLAB,Mar 2022,Pharmaceuticals,operating_profit_margin_pct,43.359375,78.46153846153847
DIVISLAB,Mar 2023,Pharmaceuticals,operating_profit_margin_pct,30.513711857860176,53.84615384615385
DIVISLAB,Mar 2024,Pharmaceuticals,operating_profit_margin_pct,28.170809432759718,43.07692307692308
DIVISLAB,TTM,Pharmaceuticals,operating_profit_margin_pct,29.69584397492454,52.307692307692314
DRREDDY,Mar 2013,Pharmaceuticals,operating_profit_margin_pct,22.555564945491422,18.461538461538463
DRREDDY,Mar 2014,Pharmaceuticals,operating_profit_margin_pct,24.23406634364517,27.692307692307693
DRREDDY,Mar 2015,Pharmaceuticals,operating_profit_margin_pct,23.35086201158224,24.615384615384617
DRREDDY,Mar 2016,Pharmaceuticals,operating_profit_margin_pct,23.028006166495373,23.076923076923077
DRREDDY,Mar 2017,Pharmaceuticals,operating_profit_margin_pct,17.413355874894336,4.615384615384616
DRREDDY,Mar 2018,Pharmaceuticals,operating_profit_margin_pct,16.462432602758913,3.076923076923077
DRREDDY,Mar 2019,Pharmaceuticals,operating_profit_margin_pct,20.572242361470742,9.230769230769232
DRREDDY,Mar 2020,Pharmaceuticals,operating_profit_margin_pct,14.140549180795798,1.5384615384615385
DRREDDY,Mar 2021,Pharmaceuticals,operating_profit_margin_pct,20.338093238135237,7.6923076923076925
DRREDDY,Mar 2022,Pharmaceuticals,operating_profit_margin_pct,17.488976560686933,6.153846153846154
DRREDDY,Mar 2023,Pharmaceuticals,operating_profit_margin_pct,26.22618565058776,32.30769230769231
DRREDDY,Mar 2024,Pharmaceuticals,operating_profit_margin_pct,28.321016743422227,44.61538461538462
DRREDDY,TTM,Pharmaceuticals,operating_profit_margin_pct,26.61308399244292,36.92307692307693
SUNPHARMA,Mar 2013,Pharmaceuticals,operating_profit_margin_pct,42.979067469230074,76.92307692307693
SUNPHARMA,Mar 2014,Pharmaceuticals,operating_profit_margin_pct,43.55099502487562,80.0
SUNPHARMA,Mar 2015,Pharmaceuticals,operating_profit_margin_pct,28.818633177570092,49.23076923076923
SUNPHARMA,Mar 2016,Pharmaceuticals,operating_profit_margin_pct,28.693790149892934,47.69230769230769
SUNPHARMA,Mar 2017,Pharmaceuticals,operating_profit_margin_pct,31.99062638545823,58.46153846153847
SUNPHARMA,Mar 2018,Pharmaceuticals,operating_profit_margin_pct,21.257880629695343,10.76923076923077
SUNPHARMA,Mar 2019,Pharmaceuticals,operating_profit_margin_pct,21.939723388151105,15.384615384615385
SUNPHARMA,Mar 2020,Pharmaceuticals,operating_profit_margin_pct,21.264997868323285,12.307692307692308
SUNPHARMA,Mar 2021,Pharmaceuticals,operating_profit_margin_pct,25.285091647262526,29.230769230769234
SUNPHARMA,Mar 2022,Pharmaceuticals,operating_profit_margin_pct,26.538003828840484,33.84615384615385
SUNPHARMA,Mar 2023,Pharmaceuticals,operating_profit_margin_pct,26.546051132479608,35.38461538461539
SUNPHARMA,Mar 2024,Pharmaceuticals,operating_profit_margin_pct,26.84289749881436,38.46153846153847
SUNPHARMA,TTM,Pharmaceuticals,operating_profit_margin_pct,27.94585354218017,41.53846153846154
TORNTPHARM,Mar 2013,Pharmaceuticals,operating_profit_margin_pct,21.76084920387137,13.846153846153847
TORNTPHARM,Mar 2014,Pharmaceuticals,operating_profit_margin_pct,22.890699904122723,21.53846153846154
TORNTPHARM,Mar 2015,Pharmaceuticals,operating_profit_margin_pct,22.001725625539258,16.923076923076923
TORNTPHARM,Mar 2016,Pharmaceuticals,operating_profit_margin_pct,40.87034544638852,73.84615384615385
TORNTPHARM,Mar 2017,Pharmaceuticals,operating_profit_margin_pct,23.676066024759283,26.153846153846157
TORNTPHARM,Mar 2018,Pharmaceuticals,operating_profit_margin_pct,22.672268907563026,20.0
TORNTPHARM,Mar 2019,Pharmaceuticals,operating_profit_margin_pct,25.843868108953473,30.76923076923077
TORNTPHARM,Mar 2020,Pharmaceuticals,operating_profit_margin_pct,27.333417306965615,40.0
TORNTPHARM,Mar 2021,Pharmaceuticals,operating_profit_margin_pct,30.98063710181137,55.38461538461539
TORNTPHARM,Mar 2022,Pharmaceuticals,operating_profit_margin_pct,28.573107663375648,46.15384615384615
TORNTPHARM,Mar 2023,Pharmaceuticals,operating_profit_margin_pct,29.54261954261954,50.76923076923077
TORNTPHARM,Mar 2024,Pharmaceuticals,operating_profit_margin_pct,31.3944817300522,56.92307692307692
TORNTPHARM,TTM,Pharmaceuticals,operating_profit_margin_pct,32.20668908157848,60.0
CIPLA,Mar 2013,Pharmaceuticals,net_profit_margin_pct,18.661674115231307,64.61538461538461
CIPLA,Mar 2014,Pharmaceuticals,net_profit_margin_pct,13.80123857269242,44.61538461538462
CIPLA,Mar 2015,Pharmaceuticals,net_profit_margin_pct,10.832966064345527,23.076923076923077
CIPLA,Mar 2016,Pharmaceuticals,net_profit_margin_pct,10.029006526468455,18.461538461538463
CIPLA,Mar 2017,Pharmaceuticals,net_profit_margin_pct,7.190496040016674,6.153846153846154
CIPLA,Mar 2018,Pharmaceuticals,net_profit_margin_pct,9.349432567959884,15.384615384615385
CIPLA,Mar 2019,Pharmaceuticals,net_profit_margin_pct,9.118689646742451,12.307692307692308
CIPLA,Mar 2020,Pharmaceuticals,net_profit_margin_pct,8.755545178613122,7.6923076923076925
CIPLA,Mar 2021,Pharmaceuticals,net_profit_margin_pct,12.468684759916492,32.30769230769231
CIPLA,Mar 2022,Pharmaceuticals,net_profit_margin_pct,11.703349722005237,29.230769230769234
CIPLA,Mar 2023,Pharmaceuticals,net_profit_margin_pct,12.45110534874522,30.76923076923077
CIPLA,Mar 2024,Pharmaceuticals,net_profit_margin_pct,16.11701714906495,55.38461538461539
CIPLA,TTM,Pharmaceuticals,net_profit_margin_pct,18.48337719135688,63.07692307692307
DIVISLAB,Mar 2013,Pharmaceuticals,net_profit_margin_pct,28.065268065268068,92.3076923076923
DIVISLAB,Mar 2014,Pharmaceuticals,net_profit_margin_pct,30.529225908372826,96.92307692307692
DIVISLAB,Mar 2015,Pharmaceuticals,net_profit_margin_pct,27.351524879614768,89.23076923076924
DIVISLAB,Mar 2016,Pharmaceuticals,net_profit_margin_pct,29.81991525423729,95.38461538461539
DIVISLAB,Mar 2017,Pharmaceuticals,net_profit_margin_pct,26.08267716535433,87.6923076923077
DIVISLAB,Mar 2018,Pharmaceuticals,net_profit_margin_pct,22.539193009509123,78.46153846153847
DIVISLAB,Mar 2019,Pharmaceuticals,net_profit_margin_pct,27.355438738374442,90.76923076923077
DIVISLAB,Mar 2020,Pharmaceuticals,net_profit_margin_pct,25.528364849833146,84.61538461538461
DIVISLAB,Mar 2021,Pharmaceuticals,net_profit_margin_pct,28.46893384990673,93.84615384615384
DIVISLAB,Mar 2022,Pharmaceuticals,net_profit_margin_pct,33.035714285714285,100.0
DIVISLAB,Mar 2023,Pharmaceuticals,net_profit_margin_pct,23.483970645036695,80.0
DIVISLAB,Mar 2024,Pharmaceuticals,net_profit_margin_pct,20.395156150414277,73.84615384615385
DIVISLAB,TTM,Pharmaceuticals,net_profit_margin_pct,21.31413977246343,75.38461538461539
DRREDDY,Mar 2013,Pharmaceuticals,net_profit_margin_pct,12.904588861658075,36.92307692307693
DRREDDY,Mar 2014,Pharmaceuticals,net_profit_margin_pct,14.632873648900485,46.15384615384615
DRREDDY,Mar 2015,Pharmaceuticals,net_profit_margin_pct,15.549490780802769,49.23076923076923
DRREDDY,Mar 2016,Pharmaceuticals,net_profit_margin_pct,13.688335046248715,43.07692307692308
DRREDDY,Mar 2017,Pharmaceuticals,net_profit_margin_pct,9.101155255001409,10.76923076923077
DRREDDY,Mar 2018,Pharmaceuticals,net_profit_margin_pct,6.631188292136406,3.076923076923077
DRREDDY,Mar 2019,Pharmaceuticals,net_profit_margin_pct,12.622993267736923,33.84615384615385
DRREDDY,Mar 2020,Pharmaceuticals,net_profit_margin_pct,11.565907404235885,27.692307692307693
DRREDDY,Mar 2021,Pharmaceuticals,net_profit_margin_pct,10.247795044099119,21.53846153846154
DRREDDY,Mar 2022,Pharmaceuticals,net_profit_margin_pct,10.127639823624971,20.0
DRREDDY,Mar 2023,Pharmaceuticals,net_profit_margin_pct,18.269152817186868,61.53846153846154
DRREDDY,Mar 2024,Pharmaceuticals,net_profit_margin_pct,19.913605369319196,70.76923076923077
DRREDDY,TTM,Pharmaceuticals,net_profit_margin_pct,17.44532325722886,60.0
SUNPHARMA,Mar 2013,Pharmaceuticals,net_profit_margin_pct,31.165214266463032,98.46153846153847
SUNPHARMA,Mar 2014,Pharmaceuticals,net_profit_margin_pct,24.12313432835821,81.53846153846153
SUNPHARMA,Mar 2015,Pharmaceuticals,net_profit_margin_pct,19.99123831775701,72.3076923076923
SUNPHARMA,Mar 2016,Pharmaceuticals,net_profit_margin_pct,19.861691297784954,69.23076923076923
SUNPHARMA,Mar 2017,Pharmaceuticals,net_profit_margin_pct,24.846412059028438,83.07692307692308
SUNPHARMA,Mar 2018,Pharmaceuticals,net_profit_margin_pct,9.596436256559326,16.923076923076923
SUNPHARMA,Mar 2019,Pharmaceuticals,net_profit_margin_pct,11.036950388770386,24.615384615384617
SUNPHARMA,Mar 2020,Pharmaceuticals,net_profit_margin_pct,12.704793227358548,35.38461538461539
SUNPHARMA,Mar 2021,Pharmaceuticals,net_profit_margin_pct,6.782494477282226,4.615384615384616
SUNPHARMA,Mar 2022,Pharmaceuticals,net_profit_margin_pct,8.767527293423708,9.230769230769232
SUNPHARMA,Mar 2023,Pharmaceuticals,net_profit_margin_pct,19.39798569019733,66.15384615384615
SUNPHARMA,Mar 2024,Pharmaceuticals,net_profit_margin_pct,19.815658700538176,67.6923076923077
SUNPHARMA,TTM,Pharmaceuticals,net_profit_margin_pct,22.09787707720442,76.92307692307693
TORNTPHARM,Mar 2013,Pharmaceuticals,net_profit_margin_pct,13.581017795816422,41.53846153846154
TORNTPHARM,Mar 2014,Pharmaceuticals,net_profit_margin_pct,15.915627996164908,52.307692307692314
TORNTPHARM,Mar 2015,Pharmaceuticals,net_profit_margin_pct,16.199309749784298,56.92307692307692
TORNTPHARM,Mar 2016,Pharmaceuticals,net_profit_margin_pct,25.915956333183786,86.15384615384616
TORNTPHARM,Mar 2017,Pharmaceuticals,net_profit_margin_pct,16.059147180192575,53.84615384615385
TORNTPHARM,Mar 2018,Pharmaceuticals,net_profit_margin_pct,11.394957983193276,26.153846153846157
TORNTPHARM,Mar 2019,Pharmaceuticals,net_profit_margin_pct,5.682262478821843,1.5384615384615385
TORNTPHARM,Mar 2020,Pharmaceuticals,net_profit_margin_pct,12.910945962967629,38.46153846153847
TORNTPHARM,Mar 2021,Pharmaceuticals,net_profit_margin_pct,15.640224859462837,50.76923076923077
TORNTPHARM,Mar 2022,Pharmaceuticals,net_profit_margin_pct,9.132581100141044,13.846153846153847
TORNTPHARM,Mar 2023,Pharmaceuticals,net_profit_margin_pct,12.941787941787942,40.0
TORNTPHARM,Mar 2024,Pharmaceuticals,net_profit_margin_pct,15.436241610738255,47.69230769230769
TORNTPHARM,TTM,Pharmaceuticals,net_profit_margin_pct,16.474960184038224,58.46153846153847
CIPLA,Mar 2013,Pharmaceuticals,debt_to_equity,0.10721809513249805,63.33333333333333
CIPLA,Mar 2014,Pharmaceuticals,debt_to_equity,0.1241667495771565,58.33333333333333
CIPLA,Mar 2015,Pharmaceuticals,debt_to_equity,0.15765598963154973,53.333333333333336
CIPLA,Mar 2016,Pharmaceuticals,debt_to_equity,0.45168012503256055,23.33333333333333
CIPLA,Mar 2017,Pharmaceuticals,debt_to_equity,0.3278858418367347,31.666666666666664
CIPLA,Mar 2018,Pharmaceuticals,debt_to_equity,0.2880033733923677,33.333333333333336
CIPLA,Mar 2019,Pharmaceuticals,debt_to_equity,0.2875033306687983,35.0
CIPLA,Mar 2020,Pharmaceuticals,debt_to_equity,0.17864619678995114,48.33333333333333
CIPLA,Mar 2021,Pharmaceuticals,debt_to_equity,0.10989850485648806,61.66666666666667
CIPLA,Mar 2022,Pharmaceuticals,debt_to_equity,0.05066935367784655,71.66666666666667
CIPLA,Mar 2023,Pharmaceuticals,debt_to_equity,0.03430597684453369,73.33333333333334
CIPLA,Mar 2024,Pharmaceuticals,debt_to_equity,0.020931625851868495,76.66666666666666
CIPLA,TTM,Pharmaceuticals,debt_to_equity,,
DIVISLAB,Mar 2013,Pharmaceuticals,debt_to_equity,0.013194722111155539,81.66666666666667
DIVISLAB,Mar 2014,Pharmaceuticals,debt_to_equity,0.006072874493927126,90.0
DIVISLAB,Mar 2015,Pharmaceuticals,debt_to_equity,0.007723112128146453,86.66666666666667
DIVISLAB,Mar 2016,Pharmaceuticals,debt_to_equity,0.009783368273934312,85.0
DIVISLAB,Mar 2017,Pharmaceuticals,debt_to_equity,0.006720179204778794,88.33333333333333
DIVISLAB,Mar 2018,Pharmaceuticals,debt_to_equity,0.010632911392405063,83.33333333333334
DIVISLAB,Mar 2019,Pharmaceuticals,debt_to_equity,0.015236452493891045,80.0
DIVISLAB,Mar 2020,Pharmaceuticals,debt_to_equity,0.00533515731874145,91.66666666666666
DIVISLAB,Mar 2021,Pharmaceuticals,debt_to_equity,0.0005379236148466917,93.33333333333333
DIVISLAB,Mar 2022,Pharmaceuticals,debt_to_equity,0.00034106412005457026,95.0
DIVISLAB,Mar 2023,Pharmaceuticals,debt_to_equity,0.0003133077465340331,96.66666666666667
DIVISLAB,Mar 2024,Pharmaceuticals,debt_to_equity,0.0002210596124088129,98.33333333333333
DIVISLAB,TTM,Pharmaceuticals,debt_to_equity,,
DRREDDY,Mar 2013,Pharmaceuticals,debt_to_equity,0.5781127335531481,16.666666666666664
DRREDDY,Mar 2014,Pharmaceuticals,debt_to_equity,0.5692307692307692,19.999999999999996
DRREDDY,Mar 2015,Pharmaceuticals,debt_to_equity,0.4378361920227342,25.0
DRREDDY,Mar 2016,Pharmaceuticals,debt_to_equity,0.2666878828864667,41.666666666666664
DRREDDY,Mar 2017,Pharmaceuticals,debt_to_equity,0.4010764964932311,28.333333333333332
DRREDDY,Mar 2018,Pharmaceuticals,debt_to_equity,0.40335666560610883,26.66666666666667
DRREDDY,Mar 2019,Pharmaceuticals,debt_to_equity,0.27367370222475756,36.66666666666667
DRREDDY,Mar 2020,Pharmaceuticals,debt_to_equity,0.14167574844541317,55.00000000000001
DRREDDY,Mar 2021,Pharmaceuticals,debt_to_equity,0.17181565670880336,51.66666666666666
DRREDDY,Mar 2022,Pharmaceuticals,debt_to_equity,0.17613991255465333,50.0
DRREDDY,Mar 2023,Pharmaceuticals,debt_to_equity,0.05784591600103066,68.33333333333333
DRREDDY,Mar 2024,Pharmaceuticals,debt_to_equity,0.07085722375592836,66.66666666666667
DRREDDY,TTM,Pharmaceuticals,debt_to_equity,,
SUNPHARMA,Mar 2013,Pharmaceuticals,debt_to_equity,0.01734489659773182,78.33333333333333
SUNPHARMA,Mar 2014,Pharmaceuticals,debt_to_equity,0.13824561403508773,56.666666666666664
SUNPHARMA,Mar 2015,Pharmaceuticals,debt_to_equity,0.35088540447772837,30.000000000000004
SUNPHARMA,Mar 2016,Pharmaceuticals,debt_to_equity,0.25761756056150137,43.333333333333336
SUNPHARMA,Mar 2017,Pharmaceuticals,debt_to_equity,0.2683406113537118,40.0
SUNPHARMA,Mar 2018,Pharmaceuticals,debt_to_equity,0.2710497468288354,38.33333333333333
SUNPHARMA,Mar 2019,Pharmaceuticals,debt_to_equity,0.25390615566664254,44.99999999999999
SUNPHARMA,Mar 2020,Pharmaceuticals,debt_to_equity,0.18369601237158953,46.666666666666664
SUNPHARMA,Mar 2021,Pharmaceuticals,debt_to_equity,0.08327055936982115,65.0
SUNPHARMA,Mar 2022,Pharmaceuticals,debt_to_equity,0.02686884255691404,75.0
SUNPHARMA,Mar 2023,Pharmaceuticals,debt_to_equity,0.12297526564871863,60.0
SUNPHARMA,Mar 2024,Pharmaceuticals,debt_to_equity,0.051423814535002436,70.0
SUNPHARMA,TTM,Pharmaceuticals,debt_to_equity,,
TORNTPHARM,Mar 2013,Pharmaceuticals,debt_to_equity,0.4873417721518987,21.666666666666668
TORNTPHARM,Mar 2014,Pharmaceuticals,debt_to_equity,0.5948502364687336,13.33333333333333
TORNTPHARM,Mar 2015,Pharmaceuticals,debt_to_equity,1.099959855479727,5.000000000000004
TORNTPHARM,Mar 2016,Pharmaceuticals,debt_to_equity,0.6731539782484258,11.66666666666667
TORNTPHARM,Mar 2017,Pharmaceuticals,debt_to_equity,0.5768788784187543,18.333333333333336
TORNTPHARM,Mar 2018,Pharmaceuticals,debt_to_equity,1.3977936404931863,0.0
TORNTPHARM,Mar 2019,Pharmaceuticals,debt_to_equity,1.2778835978835978,1.6666666666666718
TORNTPHARM,Mar 2020,Pharmaceuticals,debt_to_equity,1.199004975124378,3.3333333333333326
TORNTPHARM,Mar 2021,Pharmaceuticals,debt_to_equity,0.8348749571771155,8.333333333333337
TORNTPHARM,Mar 2022,Pharmaceuticals,debt_to_equity,0.6836888963547791,9.999999999999998
TORNTPHARM,Mar 2023,Pharmaceuticals,debt_to_equity,0.8662471765085511,6.666666666666665
TORNTPHARM,Mar 2024,Pharmaceuticals,debt_to_equity,0.5866394399066511,15.000000000000002
TORNTPHARM,TTM,Pharmaceuticals,debt_to_equity,,
CIPLA,Mar 2013,Pharmaceuticals,interest_coverage,24.755102040816325,30.76923076923077
CIPLA,Mar 2014,Pharmaceuticals,interest_coverage,31.97609561752988,44.61538461538462
CIPLA,Mar 2015,Pharmaceuticals,interest_coverage,55.99390243902439,64.61538461538461
CIPLA,Mar 2016,Pharmaceuticals,interest_coverage,54.375,61.53846153846154
CIPLA,Mar 2017,Pharmaceuticals,interest_coverage,57.20192307692308,67.6923076923077
CIPLA,Mar 2018,Pharmaceuticals,interest_coverage,44.03214285714286,56.92307692307692
CIPLA,Mar 2019,Pharmaceuticals,interest_coverage,27.80922431865828,38.46153846153847
CIPLA,Mar 2020,Pharmaceuticals,interest_coverage,40.48255813953488,53.84615384615385
CIPLA,Mar 2021,Pharmaceuticals,interest_coverage,56.04135338345865,66.15384615384615
CIPLA,Mar 2022,Pharmaceuticals,interest_coverage,173.84848484848484,80.0
CIPLA,Mar 2023,Pharmaceuticals,interest_coverage,60.49829351535836,72.3076923076923
CIPLA,Mar 2024,Pharmaceuticals,interest_coverage,35.29528985507246,47.69230769230769
CIPLA,TTM,Pharmaceuticals,interest_coverage,24.42214111922141,29.230769230769234
DIVISLAB,Mar 2013,Pharmaceuticals,interest_coverage,272.0,83.07692307692308
DIVISLAB,Mar 2014,Pharmaceuticals,interest_coverage,339.3333333333333,86.15384615384616
DIVISLAB,Mar 2015,Pharmaceuticals,interest_coverage,391.0,89.23076923076924
DIVISLAB,Mar 2016,Pharmaceuticals,interest_coverage,284.6,84.61538461538461
DIVISLAB,Mar 2017,Pharmaceuticals,interest_coverage,483.3333333333333,90.76923076923077
DIVISLAB,Mar 2018,Pharmaceuticals,interest_coverage,634.5,93.84615384615384
DIVISLAB,Mar 2019,Pharmaceuticals,interest_coverage,374.8,87.6923076923077
DIVISLAB,Mar 2020,Pharmaceuticals,interest_coverage,260.85714285714283,81.53846153846153
DIVISLAB,Mar 2021,Pharmaceuticals,interest_coverage,1433.5,98.46153846153847
DIVISLAB,Mar 2022,Pharmaceuticals,interest_coverage,1942.5,100.0
DIVISLAB,Mar 2023,Pharmaceuticals,interest_coverage,1185.0,96.92307692307692
DIVISLAB,Mar 2024,Pharmaceuticals,interest_coverage,552.5,92.3076923076923
DIVISLAB,TTM,Pharmaceuticals,interest_coverage,852.6666666666666,95.38461538461539
DRREDDY,Mar 2013,Pharmaceuticals,interest_coverage,26.69,36.92307692307693
DRREDDY,Mar 2014,Pharmaceuticals,interest_coverage,25.598425196850393,35.38461538461539
DRREDDY,Mar 2015,Pharmaceuticals,interest_coverage,32.48148148148148,46.15384615384615
DRREDDY,Mar 2016,Pharmaceuticals,interest_coverage,43.19277108433735,55.38461538461539
DRREDDY,Mar 2017,Pharmaceuticals,interest_coverage,31.29113924050633,43.07692307692308
DRREDDY,Mar 2018,Pharmaceuticals,interest_coverage,29.759493670886076,40.0
DRREDDY,Mar 2019,Pharmaceuticals,interest_coverage,35.70786516853933,49.23076923076923
DRREDDY,Mar 2020,Pharmaceuticals,interest_coverage,25.275510204081634,33.84615384615385
DRREDDY,Mar 2021,Pharmaceuticals,interest_coverage,39.93814432989691,52.307692307692314
DRREDDY,Mar 2022,Pharmaceuticals,interest_coverage,39.25,50.76923076923077
DRREDDY,Mar 2023,Pharmaceuticals,interest_coverage,45.24475524475525,58.46153846153847
DRREDDY,Mar 2024,Pharmaceuticals,interest_coverage,46.39181286549707,60.0
DRREDDY,TTM,Pharmaceuticals,interest_coverage,30.11231884057971,41.53846153846154
SUNPHARMA,Mar 2013,Pharmaceuticals,interest_coverage,111.25581395348837,76.92307692307693
SUNPHARMA,Mar 2014,Pharmaceuticals,interest_coverage,159.1590909090909,78.46153846153847
SUNPHARMA,Mar 2015,Pharmaceuticals,interest_coverage,13.63385146804836,20.0
SUNPHARMA,Mar 2016,Pharmaceuticals,interest_coverage,15.62906309751434,23.076923076923077
SUNPHARMA,Mar 2017,Pharmaceuticals,interest_coverage,25.255,32.30769230769231
SUNPHARMA,Mar 2018,Pharmaceuticals,interest_coverage,10.87065637065637,15.384615384615385
SUNPHARMA,Mar 2019,Pharmaceuticals,interest_coverage,11.49009009009009,16.923076923076923
SUNPHARMA,Mar 2020,Pharmaceuticals,interest_coverage,23.046204620462046,27.692307692307693
SUNPHARMA,Mar 2021,Pharmaceuticals,interest_coverage,60.0709219858156,70.76923076923077
SUNPHARMA,Mar 2022,Pharmaceuticals,interest_coverage,80.77165354330708,75.38461538461539
SUNPHARMA,Mar 2023,Pharmaceuticals,interest_coverage,67.73255813953489,73.84615384615385
SUNPHARMA,Mar 2024,Pharmaceuticals,interest_coverage,54.69747899159664,63.07692307692307
SUNPHARMA,TTM,Pharmaceuticals,interest_coverage,58.82426778242678,69.23076923076923
TORNTPHARM,Mar 2013,Pharmaceuticals,interest_coverage,20.5,26.153846153846157
TORNTPHARM,Mar 2014,Pharmaceuticals,interest_coverage,16.1864406779661,24.615384615384617
TORNTPHARM,Mar 2015,Pharmaceuticals,interest_coverage,5.828571428571428,6.153846153846154
TORNTPHARM,Mar 2016,Pharmaceuticals,interest_coverage,14.853260869565217,21.53846153846154
TORNTPHARM,Mar 2017,Pharmaceuticals,interest_coverage,6.684466019417476,7.6923076923076925
TORNTPHARM,Mar 2018,Pharmaceuticals,interest_coverage,4.37987012987013,3.076923076923077
TORNTPHARM,Mar 2019,Pharmaceuticals,interest_coverage,3.9345238095238093,1.5384615384615385
TORNTPHARM,Mar 2020,Pharmaceuticals,interest_coverage,4.811529933481153,4.615384615384616
TORNTPHARM,Mar 2021,Pharmaceuticals,interest_coverage,7.025495750708215,9.230769230769232
TORNTPHARM,Mar 2022,Pharmaceuticals,interest_coverage,9.533333333333333,13.846153846153847
TORNTPHARM,Mar 2023,Pharmaceuticals,interest_coverage,8.534534534534535,10.76923076923077
TORNTPHARM,Mar 2024,Pharmaceuticals,interest_coverage,9.514124293785311,12.307692307692308
TORNTPHARM,TTM,Pharmaceuticals,interest_coverage,13.18840579710145,18.461538461538463
CIPLA,Mar 2013,Pharmaceuticals,asset_turnover,0.7101561159718648,65.0
CIPLA,Mar 2014,Pharmaceuticals,asset_turnover,0.7591791044776119,80.0
CIPLA,Mar 2015,Pharmaceuticals,asset_turnover,0.7239948947032546,70.0
CIPLA,Mar 2016,Pharmaceuticals,asset_turnover,0.6551380113069505,43.333333333333336
CIPLA,Mar 2017,Pharmaceuticals,asset_turnover,0.6897311802194642,61.66666666666667
CIPLA,Mar 2018,Pharmaceuticals,asset_turnover,0.668460283156177,51.66666666666667
CIPLA,Mar 2019,Pharmaceuticals,asset_turnover,0.6885784024913728,58.333333333333336
CIPLA,Mar 2020,Pharmaceuticals,asset_turnover,0.731417837168595,73.33333333333333
CIPLA,Mar 2021,Pharmaceuticals,asset_turnover,0.7708710521021928,85.0
CIPLA,Mar 2022,Pharmaceuticals,asset_turnover,0.8103287783445656,91.66666666666666
CIPLA,Mar 2023,Pharmaceuticals,asset_turnover,0.7765529010238907,88.33333333333333
CIPLA,Mar 2024,Pharmaceuticals,asset_turnover,0.7922417237881536,90.0
CIPLA,TTM,Pharmaceuticals,asset_turnover,,
DIVISLAB,Mar 2013,Pharmaceuticals,asset_turnover,0.6833386428798981,56.666666666666664
DIVISLAB,Mar 2014,Pharmaceuticals,asset_turnover,0.6824797843665769,55.00000000000001
DIVISLAB,Mar 2015,Pharmaceuticals,asset_turnover,0.7071509648127128,63.33333333333333
DIVISLAB,Mar 2016,Pharmaceuticals,asset_turnover,0.7709269089424254,86.66666666666667
DIVISLAB,Mar 2017,Pharmaceuticals,asset_turnover,0.6602761982128351,50.0
DIVISLAB,Mar 2018,Pharmaceuticals,asset_turnover,0.5734708916728076,31.666666666666664
DIVISLAB,Mar 2019,Pharmaceuticals,asset_turnover,0.6154803384768541,36.666666666666664
DIVISLAB,Mar 2020,Pharmaceuticals,asset_turnover,0.6322822646817489,38.333333333333336
DIVISLAB,Mar 2021,Pharmaceuticals,asset_turnover,0.6470151332281125,41.66666666666667
DIVISLAB,Mar 2022,Pharmaceuticals,asset_turnover,0.6706586826347305,53.333333333333336
DIVISLAB,Mar 2023,Pharmaceuticals,asset_turnover,0.5384402079722703,15.0
DIVISLAB,Mar 2024,Pharmaceuticals,asset_turnover,0.5074385510996119,10.0
DIVISLAB,TTM,Pharmaceuticals,asset_turnover,,
DRREDDY,Mar 2013,Pharmaceuticals,asset_turnover,0.8843796711509716,100.0
DRREDDY,Mar 2014,Pharmaceuticals,asset_turnover,0.84339243052936,96.66666666666667
DRREDDY,Mar 2015,Pharmaceuticals,asset_turnover,0.8139459283740587,93.33333333333333
DRREDDY,Mar 2016,Pharmaceuticals,asset_turnover,0.7657648794884407,81.66666666666667
DRREDDY,Mar 2017,Pharmaceuticals,asset_turnover,0.655583264062067,45.0
DRREDDY,Mar 2018,Pharmaceuticals,asset_turnover,0.6389995078079556,40.0
DRREDDY,Mar 2019,Pharmaceuticals,asset_turnover,0.6890891248104202,60.0
DRREDDY,Mar 2020,Pharmaceuticals,asset_turnover,0.7542953106833742,78.33333333333333
DRREDDY,Mar 2021,Pharmaceuticals,asset_turnover,0.7164134195877839,66.66666666666666
DRREDDY,Mar 2022,Pharmaceuticals,asset_turnover,0.7242990654205608,71.66666666666667
DRREDDY,Mar 2023,Pharmaceuticals,asset_turnover,0.7659349871154025,83.33333333333334
DRREDDY,Mar 2024,Pharmaceuticals,asset_turnover,0.7223053120165034,68.33333333333333
DRREDDY,TTM,Pharmaceuticals,asset_turnover,,
SUNPHARMA,Mar 2013,Pharmaceuticals,asset_turnover,0.5462531285272612,20.0
SUNPHARMA,Mar 2014,Pharmaceuticals,asset_turnover,0.5526722804605603,21.666666666666668
SUNPHARMA,Mar 2015,Pharmaceuticals,asset_turnover,0.5621985509923445,25.0
SUNPHARMA,Mar 2016,Pharmaceuticals,asset_turnover,0.5139460200620625,11.666666666666666
SUNPHARMA,Mar 2017,Pharmaceuticals,asset_turnover,0.5168671740731647,13.333333333333334
SUNPHARMA,Mar 2018,Pharmaceuticals,asset_turnover,0.4119787859464672,1.6666666666666667
SUNPHARMA,Mar 2019,Pharmaceuticals,asset_turnover,0.4500077411363988,5.0
SUNPHARMA,Mar 2020,Pharmaceuticals,asset_turnover,0.48153796521688125,6.666666666666667
SUNPHARMA,Mar 2021,Pharmaceuticals,asset_turnover,0.4953713288574724,8.333333333333332
SUNPHARMA,Mar 2022,Pharmaceuticals,asset_turnover,0.5539727126805778,23.333333333333332
SUNPHARMA,Mar 2023,Pharmaceuticals,asset_turnover,0.5437357518089008,18.333333333333332
SUNPHARMA,Mar 2024,Pharmaceuticals,asset_turnover,0.5684929901064378,28.333333333333332
SUNPHARMA,TTM,Pharmaceuticals,asset_turnover,,
TORNTPHARM,Mar 2013,Pharmaceuticals,asset_turnover,0.8534505728750333,98.33333333333333
TORNTPHARM,Mar 2014,Pharmaceuticals,asset_turnover,0.8307447232178415,95.0
TORNTPHARM,Mar 2015,Pharmaceuticals,asset_turnover,0.5928388746803069,33.33333333333333
TORNTPHARM,Mar 2016,Pharmaceuticals,asset_turnover,0.7525320729237002,76.66666666666667
TORNTPHARM,Mar 2017,Pharmaceuticals,asset_turnover,0.6057702322674722,35.0
TORNTPHARM,Mar 2018,Pharmaceuticals,asset_turnover,0.4177490697184582,3.3333333333333335
TORNTPHARM,Mar 2019,Pharmaceuticals,asset_turnover,0.5436831290299724,16.666666666666664
TORNTPHARM,Mar 2020,Pharmaceuticals,asset_turnover,0.5666666666666667,26.666666666666668
TORNTPHARM,Mar 2021,Pharmaceuticals,asset_turnover,0.5687388987566607,30.0
TORNTPHARM,Mar 2022,Pharmaceuticals,asset_turnover,0.6592282659228266,48.333333333333336
TORNTPHARM,Mar 2023,Pharmaceuticals,asset_turnover,0.6584531143052703,46.666666666666664
TORNTPHARM,Mar 2024,Pharmaceuticals,asset_turnover,0.7396070320579111,75.0
TORNTPHARM,TTM,Pharmaceuticals,asset_turnover,,
CIPLA,Mar 2013,Pharmaceuticals,free_cash_flow,-665.0,8.333333333333332
CIPLA,Mar 2014,Pharmaceuticals,free_cash_flow,298.0,37.5
CIPLA,Mar 2015,Pharmaceuticals,free_cash_flow,223.0,26.666666666666668
CIPLA,Mar 2016,Pharmaceuticals,free_cash_flow,-2792.0,3.3333333333333335
CIPLA,Mar 2017,Pharmaceuticals,free_cash_flow,1078.0,56.666666666666664
CIPLA,Mar 2018,Pharmaceuticals,free_cash_flow,629.0,46.666666666666664
CIPLA,Mar 2019,Pharmaceuticals,free_cash_flow,3.0,16.666666666666664
CIPLA,Mar 2020,Pharmaceuticals,free_cash_flow,2954.0,90.0
CIPLA,Mar 2021,Pharmaceuticals,free_cash_flow,1381.0,65.0
CIPLA,Mar 2022,Pharmaceuticals,free_cash_flow,1468.0,66.66666666666666
CIPLA,Mar 2023,Pharmaceuticals,free_cash_flow,862.0,51.66666666666667
CIPLA,Mar 2024,Pharmaceuticals,free_cash_flow,1152.0,60.0
CIPLA,TTM,Pharmaceuticals,free_cash_flow,,
DIVISLAB,Mar 2013,Pharmaceuticals,free_cash_flow,225.0,28.333333333333332
DIVISLAB,Mar 2014,Pharmaceuticals,free_cash_flow,252.0,31.666666666666664
DIVISLAB,Mar 2015,Pharmaceuticals,free_cash_flow,305.0,40.0
DIVISLAB,Mar 2016,Pharmaceuticals,free_cash_flow,632.0,48.333333333333336
DIVISLAB,Mar 2017,Pharmaceuticals,free_cash_flow,10.0,18.333333333333332
DIVISLAB,Mar 2018,Pharmaceuticals,free_cash_flow,298.0,37.5
DIVISLAB,Mar 2019,Pharmaceuticals,free_cash_flow,269.0,35.0
DIVISLAB,Mar 2020,Pharmaceuticals,free_cash_flow,1133.0,58.333333333333336
DIVISLAB,Mar 2021,Pharmaceuticals,free_cash_flow,1872.0,78.33333333333333
DIVISLAB,Mar 2022,Pharmaceuticals,free_cash_flow,-283.0,10.0
DIVISLAB,Mar 2023,Pharmaceuticals,free_cash_flow,-248.0,11.666666666666666
DIVISLAB,Mar 2024,Pharmaceuticals,free_cash_flow,992.0,55.00000000000001
DIVISLAB,TTM,Pharmaceuticals,free_cash_flow,,
DRREDDY,Mar 2013,Pharmaceuticals,free_cash_flow,-59.0,15.0
DRREDDY,Mar 2014,Pharmaceuticals,free_cash_flow,366.0,43.333333333333336
DRREDDY,Mar 2015,Pharmaceuticals,free_cash_flow,154.0,21.666666666666668
DRREDDY,Mar 2016,Pharmaceuticals,free_cash_flow,1653.0,73.33333333333333
DRREDDY,Mar 2017,Pharmaceuticals,free_cash_flow,254.0,33.33333333333333
DRREDDY,Mar 2018,Pharmaceuticals,free_cash_flow,320.0,41.66666666666667
DRREDDY,Mar 2019,Pharmaceuticals,free_cash_flow,2101.0,83.33333333333334
DRREDDY,Mar 2020,Pharmaceuticals,free_cash_flow,2489.0,85.0
DRREDDY,Mar 2021,Pharmaceuticals,free_cash_flow,1315.0,63.33333333333333
DRREDDY,Mar 2022,Pharmaceuticals,free_cash_flow,246.0,30.0
DRREDDY,Mar 2023,Pharmaceuticals,free_cash_flow,1779.0,75.0
DRREDDY,Mar 2024,Pharmaceuticals,free_cash_flow,509.0,45.0
DRREDDY,TTM,Pharmaceuticals,free_cash_flow,,
SUNPHARMA,Mar 2013,Pharmaceuticals,free_cash_flow,982.0,53.333333333333336
SUNPHARMA,Mar 2014,Pharmaceuticals,free_cash_flow,1783.0,76.66666666666667
SUNPHARMA,Mar 2015,Pharmaceuticals,free_cash_flow,4114.0,95.0
SUNPHARMA,Mar 2016,Pharmaceuticals,free_cash_flow,2737.0,86.66666666666667
SUNPHARMA,Mar 2017,Pharmaceuticals,free_cash_flow,2896.0,88.33333333333333
SUNPHARMA,Mar 2018,Pharmaceuticals,free_cash_flow,803.0,50.0
SUNPHARMA,Mar 2019,Pharmaceuticals,free_cash_flow,1886.0,81.66666666666667
SUNPHARMA,Mar 2020,Pharmaceuticals,free_cash_flow,4330.0,96.66666666666667
SUNPHARMA,Mar 2021,Pharmaceuticals,free_cash_flow,5763.0,98.33333333333333
SUNPHARMA,Mar 2022,Pharmaceuticals,free_cash_flow,3429.0,93.33333333333333
SUNPHARMA,Mar 2023,Pharmaceuticals,free_cash_flow,-2261.0,5.0
SUNPHARMA,Mar 2024,Pharmaceuticals,free_cash_flow,11372.0,100.0
SUNPHARMA,TTM,Pharmaceuticals,free_cash_flow,,
TORNTPHARM,Mar 2013,Pharmaceuticals,free_cash_flow,-94.0,13.333333333333334
TORNTPHARM,Mar 2014,Pharmaceuticals,free_cash_flow,181.0,23.333333333333332
TORNTPHARM,Mar 2015,Pharmaceuticals,free_cash_flow,-1303.0,6.666666666666667
TORNTPHARM,Mar 2016,Pharmaceuticals,free_cash_flow,1873.0,80.0
TORNTPHARM,Mar 2017,Pharmaceuticals,free_cash_flow,211.0,25.0
TORNTPHARM,Mar 2018,Pharmaceuticals,free_cash_flow,-3783.0,1.6666666666666667
TORNTPHARM,Mar 2019,Pharmaceuticals,free_cash_flow,1552.0,68.33333333333333
TORNTPHARM,Mar 2020,Pharmaceuticals,free_cash_flow,1164.0,61.66666666666667
TORNTPHARM,Mar 2021,Pharmaceuticals,free_cash_flow,1561.0,70.0
TORNTPHARM,Mar 2022,Pharmaceuticals,free_cash_flow,1607.0,71.66666666666667
TORNTPHARM,Mar 2023,Pharmaceuticals,free_cash_flow,33.0,20.0
TORNTPHARM,Mar 2024,Pharmaceuticals,free_cash_flow,3106.0,91.66666666666666
TORNTPHARM,TTM,Pharmaceuticals,free_cash_flow,,
CIPLA,Mar 2013,Pharmaceuticals,cfo_quality_score,0.9048543689320389,25.0
CIPLA,Mar 2014,Pharmaceuticals,cfo_quality_score,1.1132478632478633,50.0
CIPLA,Mar 2015,Pharmaceuticals,cfo_quality_score,0.9544344995931652,28.333333333333332
CIPLA,Mar 2016,Pharmaceuticals,cfo_quality_score,1.2588575560375994,56.666666666666664
CIPLA,Mar 2017,Pharmaceuticals,cfo_quality_score,2.301449275362319,93.33333333333333
CIPLA,Mar 2018,Pharmaceuticals,cfo_quality_score,1.0324629498941424,41.66666666666667
CIPLA,Mar 2019,Pharmaceuticals,cfo_quality_score,1.133378016085791,51.66666666666667
CIPLA,Mar 2020,Pharmaceuticals,cfo_quality_score,2.0453333333333332,91.66666666666666
CIPLA,Mar 2021,Pharmaceuticals,cfo_quality_score,1.571787358727501,78.33333333333333
CIPLA,Mar 2022,Pharmaceuticals,cfo_quality_score,1.3058500196309384,61.66666666666667
CIPLA,Mar 2023,Pharmaceuticals,cfo_quality_score,1.1429579950582422,53.333333333333336
CIPLA,Mar 2024,Pharmaceuticals,cfo_quality_score,0.9951853635050554,35.0
CIPLA,TTM,Pharmaceuticals,cfo_quality_score,,
DIVISLAB,Mar 2013,Pharmaceuticals,cfo_quality_score,0.7973421926910299,13.333333333333334
DIVISLAB,Mar 2014,Pharmaceuticals,cfo_quality_score,0.720569210866753,10.0
DIVISLAB,Mar 2015,Pharmaceuticals,cfo_quality_score,0.9694835680751174,31.666666666666664
DIVISLAB,Mar 2016,Pharmaceuticals,cfo_quality_score,0.9218472468916519,26.666666666666668
DIVISLAB,Mar 2017,Pharmaceuticals,cfo_quality_score,1.0849056603773586,48.333333333333336
DIVISLAB,Mar 2018,Pharmaceuticals,cfo_quality_score,0.8848346636259977,18.333333333333332
DIVISLAB,Mar 2019,Pharmaceuticals,cfo_quality_score,0.70509977827051,8.333333333333332
DIVISLAB,Mar 2020,Pharmaceuticals,cfo_quality_score,0.8830791575889615,16.666666666666664
DIVISLAB,Mar 2021,Pharmaceuticals,cfo_quality_score,0.9813508064516129,33.33333333333333
DIVISLAB,Mar 2022,Pharmaceuticals,cfo_quality_score,0.6459459459459459,5.0
DIVISLAB,Mar 2023,Pharmaceuticals,cfo_quality_score,1.3481359649122806,66.66666666666666
DIVISLAB,Mar 2024,Pharmaceuticals,cfo_quality_score,0.788125,11.666666666666666
DIVISLAB,TTM,Pharmaceuticals,cfo_quality_score,,
DRREDDY,Mar 2013,Pharmaceuticals,cfo_quality_score,0.9024230517354289,21.666666666666668
DRREDDY,Mar 2014,Pharmaceuticals,cfo_quality_score,1.0035659704533877,36.666666666666664
DRREDDY,Mar 2015,Pharmaceuticals,cfo_quality_score,1.0804794520547945,46.666666666666664
DRREDDY,Mar 2016,Pharmaceuticals,cfo_quality_score,1.5312060065696855,73.33333333333333
DRREDDY,Mar 2017,Pharmaceuticals,cfo_quality_score,1.6594427244582044,83.33333333333334
DRREDDY,Mar 2018,Pharmaceuticals,cfo_quality_score,1.903907074973601,88.33333333333333
DRREDDY,Mar 2019,Pharmaceuticals,cfo_quality_score,1.471794871794872,70.0
DRREDDY,Mar 2020,Pharmaceuticals,cfo_quality_score,1.472852912142152,71.66666666666667
DRREDDY,Mar 2021,Pharmaceuticals,cfo_quality_score,1.8288934426229508,85.0
DRREDDY,Mar 2022,Pharmaceuticals,cfo_quality_score,1.2882676443629697,60.0
DRREDDY,Mar 2023,Pharmaceuticals,cfo_quality_score,1.3064122476148214,63.33333333333333
DRREDDY,Mar 2024,Pharmaceuticals,cfo_quality_score,0.8144496235209753,15.0
DRREDDY,TTM,Pharmaceuticals,cfo_quality_score,,
SUNPHARMA,Mar 2013,Pharmaceuticals,cfo_quality_score,0.9677140386278467,30.0
SUNPHARMA,Mar 2014,Pharmaceuticals,cfo_quality_score,1.0206238721319927,38.333333333333336
SUNPHARMA,Mar 2015,Pharmaceuticals,cfo_quality_score,1.0255661066471877,40.0
SUNPHARMA,Mar 2016,Pharmaceuticals,cfo_quality_score,1.1816896429833863,55.00000000000001
SUNPHARMA,Mar 2017,Pharmaceuticals,cfo_quality_score,0.9026255416772878,23.333333333333332
SUNPHARMA,Mar 2018,Pharmaceuticals,cfo_quality_score,1.536978756884343,75.0
SUNPHARMA,Mar 2019,Pharmaceuticals,cfo_quality_score,0.6845386533665836,6.666666666666667
SUNPHARMA,Mar 2020,Pharmaceuticals,cfo_quality_score,1.571188878235858,76.66666666666667
SUNPHARMA,Mar 2021,Pharmaceuticals,cfo_quality_score,2.715669014084507,98.33333333333333
SUNPHARMA,Mar 2022,Pharmaceuticals,cfo_quality_score,2.6512245500147538,96.66666666666667
SUNPHARMA,Mar 2023,Pharmaceuticals,cfo_quality_score,0.5825208504639963,3.3333333333333335
SUNPHARMA,Mar 2024,Pharmaceuticals,cfo_quality_score,1.2627471383975026,58.333333333333336
SUNPHARMA,TTM,Pharmaceuticals,cfo_quality_score,,
TORNTPHARM,Mar 2013,Pharmaceuticals,cfo_quality_score,0.35172413793103446,1.6666666666666667
TORNTPHARM,Mar 2014,Pharmaceuticals,cfo_quality_score,0.9021084337349398,20.0
TORNTPHARM,Mar 2015,Pharmaceuticals,cfo_quality_score,1.0785619174434087,43.333333333333336
TORNTPHARM,Mar 2016,Pharmaceuticals,cfo_quality_score,1.5822273514137335,80.0
TORNTPHARM,Mar 2017,Pharmaceuticals,cfo_quality_score,1.0802997858672376,45.0
TORNTPHARM,Mar 2018,Pharmaceuticals,cfo_quality_score,1.3185840707964602,65.0
TORNTPHARM,Mar 2019,Pharmaceuticals,cfo_quality_score,4.123853211009174,100.0
TORNTPHARM,Mar 2020,Pharmaceuticals,cfo_quality_score,1.3590243902439025,68.33333333333333
TORNTPHARM,Mar 2021,Pharmaceuticals,cfo_quality_score,1.601437699680511,81.66666666666667
TORNTPHARM,Mar 2022,Pharmaceuticals,cfo_quality_score,2.3204633204633205,95.0
TORNTPHARM,Mar 2023,Pharmaceuticals,cfo_quality_score,1.902008032128514,86.66666666666667
TORNTPHARM,Mar 2024,Pharmaceuticals,cfo_quality_score,1.9722222222222223,90.0
TORNTPHARM,TTM,Pharmaceuticals,cfo_quality_score,,
ADANIGREEN,Mar 2017,Power & Utilities,return_on_equity_pct,-3.906899418121363,8.620689655172415
ADANIGREEN,Mar 2018,Power & Utilities,return_on_equity_pct,-10.290827740492169,6.896551724137931
ADANIGREEN,Mar 2019,Power & Utilities,return_on_equity_pct,-24.573202276254527,4.310344827586207
ADANIGREEN,Mar 2020,Power & Utilities,return_on_equity_pct,-2.8850233347475602,9.482758620689655
ADANIGREEN,Mar 2021,Power & Utilities,return_on_equity_pct,8.272727272727273,22.413793103448278
ADANIGREEN,Mar 2022,Power & Utilities,return_on_equity_pct,18.706962509563887,93.96551724137932
ADANIGREEN,Mar 2023,Power & Utilities,return_on_equity_pct,13.321467688937568,56.896551724137936
ADANIGREEN,Mar 2024,Power & Utilities,return_on_equity_pct,12.812690665039659,45.689655172413794
ADANIGREEN,TTM,Power & Utilities,return_on_equity_pct,,
ADANIPOWER,Mar 2013,Power & Utilities,return_on_equity_pct,-53.459119496855344,2.586206896551724
ADANIPOWER,Mar 2014,Power & Utilities,return_on_equity_pct,-4.447501146263182,7.758620689655173
ADANIPOWER,Mar 2015,Power & Utilities,return_on_equity_pct,-14.253275109170305,5.172413793103448
ADANIPOWER,Mar 2016,Power & Utilities,return_on_equity_pct,7.378146759507231,19.82758620689655
ADANIPOWER,Mar 2017,Power & Utilities,return_on_equity_pct,-205.79999999999998,1.7241379310344827
ADANIPOWER,Mar 2018,Power & Utilities,return_on_equity_pct,-236.55793025871765,0.8620689655172413
ADANIPOWER,Mar 2019,Power & Utilities,return_on_equity_pct,-12.759336099585061,6.0344827586206895
ADANIPOWER,Mar 2020,Power & Utilities,return_on_equity_pct,-35.102607622280516,3.4482758620689653
ADANIPOWER,Mar 2021,Power & Utilities,return_on_equity_pct,9.685045374818882,30.17241379310345
ADANIPOWER,Mar 2022,Power & Utilities,return_on_equity_pct,26.613209080565635,98.27586206896551
ADANIPOWER,Mar 2023,Power & Utilities,return_on_equity_pct,35.90507430713616,99.13793103448276
ADANIPOWER,Mar 2024,Power & Utilities,return_on_equity_pct,48.27674122146251,100.0
ADANIPOWER,TTM,Power & Utilities,return_on_equity_pct,,
JSWENERGY,Mar 2013,Power & Utilities,return_on_equity_pct,14.522888459058672,62.06896551724138
JSWENERGY,Mar 2014,Power & Utilities,return_on_equity_pct,11.565971693806118,38.793103448275865
JSWENERGY,Mar 2015,Power & Utilities,return_on_equity_pct,18.063314711359403,89.65517241379311
JSWENERGY,Mar 2016,Power & Utilities,return_on_equity_pct,15.045342126957955,66.37931034482759
JSWENERGY,Mar 2017,Power & Utilities,return_on_equity_pct,6.00829395312952,16.379310344827587
JSWENERGY,Mar 2018,Power & Utilities,return_on_equity_pct,0.7650765076507651,11.206896551724139
JSWENERGY,Mar 2019,Power & Utilities,return_on_equity_pct,5.785823041786499,15.517241379310345
JSWENERGY,Mar 2020,Power & Utilities,return_on_equity_pct,9.282156963764383,27.586206896551722
JSWENERGY,Mar 2021,Power & Utilities,return_on_equity_pct,5.67312331977666,13.793103448275861
JSWENERGY,Mar 2022,Power & Utilities,return_on_equity_pct,10.008613264427218,31.03448275862069
JSWENERGY,Mar 2023,Power & Utilities,return_on_equity_pct,7.944602501476193,21.551724137931032
JSWENERGY,Mar 2024,Power & Utilities,return_on_equity_pct,8.280529953917052,23.275862068965516
JSWENERGY,TTM,Power & Utilities,return_on_equity_pct,,
NHPC,Mar 2013,Power & Utilities,return_on_equity_pct,9.64255747608659,29.310344827586203
NHPC,Mar 2014,Power & Utilities,return_on_equity_pct,5.781349571620761,14.655172413793101
NHPC,Mar 2015,Power & Utilities,return_on_equity_pct,9.096820339423891,25.0
NHPC,Mar 2016,Power & Utilities,return_on_equity_pct,7.4740068893594165,20.689655172413794
NHPC,Mar 2017,Power & Utilities,return_on_equity_pct,11.993796312252284,42.241379310344826
NHPC,Mar 2018,Power & Utilities,return_on_equity_pct,9.270663426650245,26.72413793103448
NHPC,Mar 2019,Power & Utilities,return_on_equity_pct,9.208390155204883,25.862068965517242
NHPC,Mar 2020,Power & Utilities,return_on_equity_pct,10.659316146712978,34.48275862068966
NHPC,Mar 2021,Power & Utilities,return_on_equity_pct,10.891598342056696,36.206896551724135
NHPC,Mar 2022,Power & Utilities,return_on_equity_pct,10.807250651470463,35.3448275862069
NHPC,Mar 2023,Power & Utilities,return_on_equity_pct,11.5283677389681,37.93103448275862
NHPC,Mar 2024,Power & Utilities,return_on_equity_pct,10.407730866621879,33.62068965517241
NHPC,TTM,Power & Utilities,return_on_equity_pct,,
NTPC,Mar 2013,Power & Utilities,return_on_equity_pct,15.492368291482029,70.6896551724138
NTPC,Mar 2014,Power & Utilities,return_on_equity_pct,13.057518121128147,46.55172413793103
NTPC,Mar 2015,Power & Utilities,return_on_equity_pct,12.171413257972569,43.103448275862064
NTPC,Mar 2016,Power & Utilities,return_on_equity_pct,11.772863772863772,40.51724137931034
NTPC,Mar 2017,Power & Utilities,return_on_equity_pct,10.950755330239783,37.06896551724138
NTPC,Mar 2018,Power & Utilities,return_on_equity_pct,10.140687311105317,32.758620689655174
NTPC,Mar 2019,Power & Utilities,return_on_equity_pct,12.602710202322262,44.827586206896555
NTPC,Mar 2020,Power & Utilities,return_on_equity_pct,10.015146415348369,31.896551724137932
NTPC,Mar 2021,Power & Utilities,return_on_equity_pct,11.904818711775981,41.37931034482759
NTPC,Mar 2022,Power & Utilities,return_on_equity_pct,12.528255056362376,43.96551724137931
NTPC,Mar 2023,Power & Utilities,return_on_equity_pct,11.645116750440407,39.6551724137931
NTPC,Mar 2024,Power & Utilities,return_on_equity_pct,13.273598407068633,56.03448275862068
NTPC,TTM,Power & Utilities,return_on_equity_pct,,
POWERGRID,Mar 2013,Power & Utilities,return_on_equity_pct,16.3352649320153,73.70689655172413
POWERGRID,Mar 2013,Power & Utilities,return_on_equity_pct,16.3352649320153,73.70689655172413
POWERGRID,Mar 2013,Power & Utilities,return_on_equity_pct,16.3352649320153,73.70689655172413
POWERGRID,Mar 2013,Power & Utilities,return_on_equity_pct,16.3352649320153,73.70689655172413
POWERGRID,Mar 2014,Power & Utilities,return_on_equity_pct,13.107383710876707,48.706896551724135
POWERGRID,Mar 2014,Power & Utilities,return_on_equity_pct,13.107383710876707,48.706896551724135
POWERGRID,Mar 2014,Power & Utilities,return_on_equity_pct,13.107383710876707,48.706896551724135
POWERGRID,Mar 2014,Power & Utilities,return_on_equity_pct,13.107383710876707,48.706896551724135
POWERGRID,Mar 2015,Power & Utilities,return_on_equity_pct,13.127292593459766,52.1551724137931
POWERGRID,Mar 2015,Power & Utilities,return_on_equity_pct,13.127292593459766,52.1551724137931
POWERGRID,Mar 2015,Power & Utilities,return_on_equity_pct,13.127292593459766,52.1551724137931
POWERGRID,Mar 2015,Power & Utilities,return_on_equity_pct,13.127292593459766,52.1551724137931
POWERGRID,Mar 2016,Power & Utilities,return_on_equity_pct,13.552422105981352,59.05172413793104
POWERGRID,Mar 2016,Power & Utilities,return_on_equity_pct,13.552422105981352,59.05172413793104
POWERGRID,Mar 2016,Power & Utilities,return_on_equity_pct,13.552422105981352,59.05172413793104
POWERGRID,Mar 2016,Power & Utilities,return_on_equity_pct,13.552422105981352,59.05172413793104
POWERGRID,Mar 2017,Power & Utilities,return_on_equity_pct,14.94204467974171,64.22413793103449
POWERGRID,Mar 2017,Power & Utilities,return_on_equity_pct,14.94204467974171,64.22413793103449
POWERGRID,Mar 2017,Power & Utilities,return_on_equity_pct,14.94204467974171,64.22413793103449
POWERGRID,Mar 2017,Power & Utilities,return_on_equity_pct,14.94204467974171,64.22413793103449
POWERGRID,Mar 2018,Power & Utilities,return_on_equity_pct,15.073678021533826,68.53448275862068
POWERGRID,Mar 2018,Power & Utilities,return_on_equity_pct,15.073678021533826,68.53448275862068
POWERGRID,Mar 2018,Power & Utilities,return_on_equity_pct,15.073678021533826,68.53448275862068
POWERGRID,Mar 2018,Power & Utilities,return_on_equity_pct,15.073678021533826,68.53448275862068
POWERGRID,Mar 2019,Power & Utilities,return_on_equity_pct,16.981164006837144,77.15517241379311
POWERGRID,Mar 2019,Power & Utilities,return_on_equity_pct,16.981164006837144,77.15517241379311
POWERGRID,Mar 2019,Power & Utilities,return_on_equity_pct,16.981164006837144,77.15517241379311
POWERGRID,Mar 2019,Power & Utilities,return_on_equity_pct,16.981164006837144,77.15517241379311
POWERGRID,Mar 2020,Power & Utilities,return_on_equity_pct,17.0937925064919,80.60344827586206
POWERGRID,Mar 2020,Power & Utilities,return_on_equity_pct,17.0937925064919,80.60344827586206
POWERGRID,Mar 2020,Power & Utilities,return_on_equity_pct,17.0937925064919,80.60344827586206
POWERGRID,Mar 2020,Power & Utilities,return_on_equity_pct,17.0937925064919,80.60344827586206
POWERGRID,Mar 2021,Power & Utilities,return_on_equity_pct,17.210020590253947,84.05172413793103
POWERGRID,Mar 2021,Power & Utilities,return_on_equity_pct,17.210020590253947,84.05172413793103
POWERGRID,Mar 2021,Power & Utilities,return_on_equity_pct,17.210020590253947,84.05172413793103
POWERGRID,Mar 2021,Power & Utilities,return_on_equity_pct,17.210020590253947,84.05172413793103
POWERGRID,Mar 2022,Power & Utilities,return_on_equity_pct,22.065130431361236,96.12068965517241
POWERGRID,Mar 2022,Power & Utilities,return_on_equity_pct,22.065130431361236,96.12068965517241
POWERGRID,Mar 2022,Power & Utilities,return_on_equity_pct,22.065130431361236,96.12068965517241
POWERGRID,Mar 2022,Power & Utilities,return_on_equity_pct,22.065130431361236,96.12068965517241
POWERGRID,Mar 2023,Power & Utilities,return_on_equity_pct,18.57249536289837,91.8103448275862
POWERGRID,Mar 2023,Power & Utilities,return_on_equity_pct,18.57249536289837,91.8103448275862
POWERGRID,Mar 2023,Power & Utilities,return_on_equity_pct,18.57249536289837,91.8103448275862
POWERGRID,Mar 2023,Power & Utilities,return_on_equity_pct,18.57249536289837,91.8103448275862
POWERGRID,Mar 2024,Power & Utilities,return_on_equity_pct,17.870011245496066,87.5
POWERGRID,Mar 2024,Power & Utilities,return_on_equity_pct,17.870011245496066,87.5
POWERGRID,Mar 2024,Power & Utilities,return_on_equity_pct,17.870011245496066,87.5
POWERGRID,Mar 2024,Power & Utilities,return_on_equity_pct,17.870011245496066,87.5
POWERGRID,TTM,Power & Utilities,return_on_equity_pct,,
TATAPOWER,Mar 2013,Power & Utilities,return_on_equity_pct,0.9971625456019456,12.068965517241379
TATAPOWER,Mar 2014,Power & Utilities,return_on_equity_pct,0.0967663898072736,10.344827586206897
TATAPOWER,Mar 2015,Power & Utilities,return_on_equity_pct,3.1917865623690456,12.931034482758621
TATAPOWER,Mar 2016,Power & Utilities,return_on_equity_pct,6.7566405914209575,18.96551724137931
TATAPOWER,Mar 2017,Power & Utilities,return_on_equity_pct,8.32450431360678,24.137931034482758
TATAPOWER,Mar 2018,Power & Utilities,return_on_equity_pct,15.921702542837979,71.55172413793103
TATAPOWER,Mar 2019,Power & Utilities,return_on_equity_pct,14.236547391423107,61.206896551724135
TATAPOWER,Mar 2020,Power & Utilities,return_on_equity_pct,6.725953184094859,18.103448275862068
TATAPOWER,Mar 2021,Power & Utilities,return_on_equity_pct,6.446266182860727,17.24137931034483
TATAPOWER,Mar 2022,Power & Utilities,return_on_equity_pct,9.606986899563319,28.448275862068968
TATAPOWER,Mar 2023,Power & Utilities,return_on_equity_pct,13.234681117132139,55.172413793103445
TATAPOWER,Mar 2024,Power & Utilities,return_on_equity_pct,13.227840276919272,54.310344827586206
TATAPOWER,TTM,Power & Utilities,return_on_equity_pct,,
ADANIGREEN,Mar 2017,Power & Utilities,roce_calculated,7.261261261261261,6.896551724137931
ADANIGREEN,Mar 2018,Power & Utilities,roce_calculated,7.523427041499331,8.620689655172415
ADANIGREEN,Mar 2019,Power & Utilities,roce_calculated,11.671128107074571,50.86206896551724
ADANIGREEN,Mar 2020,Power & Utilities,roce_calculated,8.418974626952332,12.068965517241379
ADANIGREEN,Mar 2021,Power & Utilities,roce_calculated,8.485743496535273,12.931034482758621
ADANIGREEN,Mar 2022,Power & Utilities,roce_calculated,6.334090827111064,4.310344827586207
ADANIGREEN,Mar 2023,Power & Utilities,roce_calculated,8.07775448177223,10.344827586206897
ADANIGREEN,Mar 2024,Power & Utilities,roce_calculated,9.797568682054303,27.586206896551722
ADANIGREEN,TTM,Power & Utilities,roce_calculated,,
ADANIPOWER,Mar 2013,Power & Utilities,roce_calculated,2.0829717063009894,0.8620689655172413
ADANIPOWER,Mar 2014,Power & Utilities,roce_calculated,9.060422543546446,16.379310344827587
ADANIPOWER,Mar 2015,Power & Utilities,roce_calculated,9.26942358372798,18.103448275862068
ADANIPOWER,Mar 2016,Power & Utilities,roce_calculated,14.621991129126036,78.44827586206897
ADANIPOWER,Mar 2017,Power & Utilities,roce_calculated,10.77788191190253,37.06896551724138
ADANIPOWER,Mar 2018,Power & Utilities,roce_calculated,10.118382845655573,32.758620689655174
ADANIPOWER,Mar 2019,Power & Utilities,roce_calculated,9.11102172164119,17.24137931034483
ADANIPOWER,Mar 2020,Power & Utilities,roce_calculated,9.296368352788587,19.82758620689655
ADANIPOWER,Mar 2021,Power & Utilities,roce_calculated,13.237445148707947,66.37931034482759
ADANIPOWER,Mar 2022,Power & Utilities,roce_calculated,14.61643146652466,77.58620689655173
ADANIPOWER,Mar 2023,Power & Utilities,roce_calculated,13.978345748068563,76.72413793103449
ADANIPOWER,Mar 2024,Power & Utilities,roce_calculated,23.441056570774553,100.0
ADANIPOWER,TTM,Power & Utilities,roce_calculated,,
JSWENERGY,Mar 2013,Power & Utilities,roce_calculated,16.892829141788795,87.06896551724138
JSWENERGY,Mar 2014,Power & Utilities,roce_calculated,19.51789890268034,98.27586206896551
JSWENERGY,Mar 2015,Power & Utilities,roce_calculated,21.556031406138473,99.13793103448276
JSWENERGY,Mar 2016,Power & Utilities,roce_calculated,16.40071643735244,86.20689655172413
JSWENERGY,Mar 2017,Power & Utilities,roce_calculated,13.447689942551985,70.6896551724138
JSWENERGY,Mar 2018,Power & Utilities,roce_calculated,11.799243247945027,52.58620689655172
JSWENERGY,Mar 2019,Power & Utilities,roce_calculated,12.75863609956652,59.48275862068966
JSWENERGY,Mar 2020,Power & Utilities,roce_calculated,13.762449967420645,72.41379310344827
JSWENERGY,Mar 2021,Power & Utilities,roce_calculated,12.732756359821662,58.620689655172406
JSWENERGY,Mar 2022,Power & Utilities,roce_calculated,13.551862812049473,71.55172413793103
JSWENERGY,Mar 2023,Power & Utilities,roce_calculated,7.513736263736264,7.758620689655173
JSWENERGY,Mar 2024,Power & Utilities,roce_calculated,10.270012403396622,36.206896551724135
JSWENERGY,TTM,Power & Utilities,roce_calculated,,
NHPC,Mar 2013,Power & Utilities,roce_calculated,8.28163957315249,11.206896551724139
NHPC,Mar 2014,Power & Utilities,roce_calculated,8.849485376541324,15.517241379310345
NHPC,Mar 2015,Power & Utilities,roce_calculated,9.999610455377663,31.03448275862069
NHPC,Mar 2016,Power & Utilities,roce_calculated,9.272794245943274,18.96551724137931
NHPC,Mar 2017,Power & Utilities,roce_calculated,10.123958376518386,33.62068965517241
NHPC,Mar 2018,Power & Utilities,roce_calculated,8.733013999958885,13.793103448275861
NHPC,Mar 2019,Power & Utilities,roce_calculated,9.989170543879352,30.17241379310345
NHPC,Mar 2020,Power & Utilities,roce_calculated,9.973080374310985,29.310344827586203
NHPC,Mar 2021,Power & Utilities,roce_calculated,9.353397851749442,21.551724137931032
NHPC,Mar 2022,Power & Utilities,roce_calculated,6.576855630398086,5.172413793103448
NHPC,Mar 2023,Power & Utilities,roce_calculated,9.299108284085953,20.689655172413794
NHPC,Mar 2024,Power & Utilities,roce_calculated,6.745435920463634,6.0344827586206895
NHPC,TTM,Power & Utilities,roce_calculated,,
NTPC,Mar 2013,Power & Utilities,roce_calculated,11.966978550564095,56.896551724137936
NTPC,Mar 2014,Power & Utilities,roce_calculated,11.687719215091478,51.724137931034484
NTPC,Mar 2015,Power & Utilities,roce_calculated,9.412734748787607,22.413793103448278
NTPC,Mar 2016,Power & Utilities,roce_calculated,9.721516866580453,26.72413793103448
NTPC,Mar 2017,Power & Utilities,roce_calculated,10.206463747158702,35.3448275862069
NTPC,Mar 2018,Power & Utilities,roce_calculated,9.624933650668629,25.862068965517242
NTPC,Mar 2019,Power & Utilities,roce_calculated,7.984810927693688,9.482758620689655
NTPC,Mar 2020,Power & Utilities,roce_calculated,9.814681316495973,28.448275862068968
NTPC,Mar 2021,Power & Utilities,roce_calculated,10.13374133419855,34.48275862068966
NTPC,Mar 2022,Power & Utilities,roce_calculated,11.66258766011425,50.0
NTPC,Mar 2023,Power & Utilities,roce_calculated,12.866009255655031,60.3448275862069
NTPC,Mar 2024,Power & Utilities,roce_calculated,12.933810240774582,61.206896551724135
NTPC,TTM,Power & Utilities,roce_calculated,,
POWERGRID,Mar 2013,Power & Utilities,roce_calculated,11.331506963904806,46.98275862068966
POWERGRID,Mar 2013,Power & Utilities,roce_calculated,11.331506963904806,46.98275862068966
POWERGRID,Mar 2013,Power & Utilities,roce_calculated,11.331506963904806,46.98275862068966
POWERGRID,Mar 2013,Power & Utilities,roce_calculated,11.331506963904806,46.98275862068966
POWERGRID,Mar 2014,Power & Utilities,roce_calculated,10.904152441177954,39.224137931034484
POWERGRID,Mar 2014,Power & Utilities,roce_calculated,10.904152441177954,39.224137931034484
POWERGRID,Mar 2014,Power & Utilities,roce_calculated,10.904152441177954,39.224137931034484
POWERGRID,Mar 2014,Power & Utilities,roce_calculated,10.904152441177954,39.224137931034484
POWERGRID,Mar 2015,Power & Utilities,roce_calculated,11.083143998455622,42.672413793103445
POWERGRID,Mar 2015,Power & Utilities,roce_calculated,11.083143998455622,42.672413793103445
POWERGRID,Mar 2015,Power & Utilities,roce_calculated,11.083143998455622,42.672413793103445
POWERGRID,Mar 2015,Power & Utilities,roce_calculated,11.083143998455622,42.672413793103445
POWERGRID,Mar 2016,Power & Utilities,roce_calculated,11.922761695570927,54.741379310344826
POWERGRID,Mar 2016,Power & Utilities,roce_calculated,11.922761695570927,54.741379310344826
POWERGRID,Mar 2016,Power & Utilities,roce_calculated,11.922761695570927,54.741379310344826
POWERGRID,Mar 2016,Power & Utilities,roce_calculated,11.922761695570927,54.741379310344826
POWERGRID,Mar 2017,Power & Utilities,roce_calculated,13.295509730299548,68.53448275862068
POWERGRID,Mar 2017,Power & Utilities,roce_calculated,13.295509730299548,68.53448275862068
POWERGRID,Mar 2017,Power & Utilities,roce_calculated,13.295509730299548,68.53448275862068
POWERGRID,Mar 2017,Power & Utilities,roce_calculated,13.295509730299548,68.53448275862068
POWERGRID,Mar 2018,Power & Utilities,roce_calculated,13.962856789419616,74.56896551724138
POWERGRID,Mar 2018,Power & Utilities,roce_calculated,13.962856789419616,74.56896551724138
POWERGRID,Mar 2018,Power & Utilities,roce_calculated,13.962856789419616,74.56896551724138
POWERGRID,Mar 2018,Power & Utilities,roce_calculated,13.962856789419616,74.56896551724138
POWERGRID,Mar 2019,Power & Utilities,roce_calculated,13.10198817316818,63.36206896551724
POWERGRID,Mar 2019,Power & Utilities,roce_calculated,13.10198817316818,63.36206896551724
POWERGRID,Mar 2019,Power & Utilities,roce_calculated,13.10198817316818,63.36206896551724
POWERGRID,Mar 2019,Power & Utilities,roce_calculated,13.10198817316818,63.36206896551724
POWERGRID,Mar 2020,Power & Utilities,roce_calculated,15.44190152418696,80.60344827586206
POWERGRID,Mar 2020,Power & Utilities,roce_calculated,15.44190152418696,80.60344827586206
POWERGRID,Mar 2020,Power & Utilities,roce_calculated,15.44190152418696,80.60344827586206
POWERGRID,Mar 2020,Power & Utilities,roce_calculated,15.44190152418696,80.60344827586206
POWERGRID,Mar 2021,Power & Utilities,roce_calculated,16.374878030473617,84.05172413793103
POWERGRID,Mar 2021,Power & Utilities,roce_calculated,16.374878030473617,84.05172413793103
POWERGRID,Mar 2021,Power & Utilities,roce_calculated,16.374878030473617,84.05172413793103
POWERGRID,Mar 2021,Power & Utilities,roce_calculated,16.374878030473617,84.05172413793103
POWERGRID,Mar 2022,Power & Utilities,roce_calculated,16.98373494261483,89.22413793103449
POWERGRID,Mar 2022,Power & Utilities,roce_calculated,16.98373494261483,89.22413793103449
POWERGRID,Mar 2022,Power & Utilities,roce_calculated,16.98373494261483,89.22413793103449
POWERGRID,Mar 2022,Power & Utilities,roce_calculated,16.98373494261483,89.22413793103449
POWERGRID,Mar 2023,Power & Utilities,roce_calculated,18.702329757572894,92.67241379310344
POWERGRID,Mar 2023,Power & Utilities,roce_calculated,18.702329757572894,92.67241379310344
POWERGRID,Mar 2023,Power & Utilities,roce_calculated,18.702329757572894,92.67241379310344
POWERGRID,Mar 2023,Power & Utilities,roce_calculated,18.702329757572894,92.67241379310344
POWERGRID,Mar 2024,Power & Utilities,roce_calculated,18.905165620757423,96.12068965517241
POWERGRID,Mar 2024,Power & Utilities,roce_calculated,18.905165620757423,96.12068965517241
POWERGRID,Mar 2024,Power & Utilities,roce_calculated,18.905165620757423,96.12068965517241
POWERGRID,Mar 2024,Power & Utilities,roce_calculated,18.905165620757423,96.12068965517241
POWERGRID,TTM,Power & Utilities,roce_calculated,,
TATAPOWER,Mar 2013,Power & Utilities,roce_calculated,11.141645259573451,44.827586206896555
TATAPOWER,Mar 2014,Power & Utilities,roce_calculated,13.15479134172785,65.51724137931035
TATAPOWER,Mar 2015,Power & Utilities,roce_calculated,11.47200728265817,49.137931034482754
TATAPOWER,Mar 2016,Power & Utilities,roce_calculated,4.169803098133988,2.586206896551724
TATAPOWER,Mar 2017,Power & Utilities,roce_calculated,8.823292331006465,14.655172413793101
TATAPOWER,Mar 2018,Power & Utilities,roce_calculated,3.5314211854496214,1.7241379310344827
TATAPOWER,Mar 2019,Power & Utilities,roce_calculated,4.595051713041266,3.4482758620689653
TATAPOWER,Mar 2020,Power & Utilities,roce_calculated,9.517216301641913,24.137931034482758
TATAPOWER,Mar 2021,Power & Utilities,roce_calculated,10.02593037910504,31.896551724137932
TATAPOWER,Mar 2022,Power & Utilities,roce_calculated,9.548189089723916,25.0
TATAPOWER,Mar 2023,Power & Utilities,roce_calculated,9.457722950398354,23.275862068965516
TATAPOWER,Mar 2024,Power & Utilities,roce_calculated,12.476029984310536,57.758620689655174
TATAPOWER,TTM,Power & Utilities,roce_calculated,,
ADANIGREEN,Mar 2017,Power & Utilities,operating_profit_margin_pct,80.2788844621514,63.41463414634146
ADANIGREEN,Mar 2018,Power & Utilities,operating_profit_margin_pct,56.95945945945946,50.40650406504065
ADANIGREEN,Mar 2019,Power & Utilities,operating_profit_margin_pct,74.14965986394559,57.72357723577236
ADANIGREEN,Mar 2020,Power & Utilities,operating_profit_margin_pct,56.88505296194586,49.59349593495935
ADANIGREEN,Mar 2021,Power & Utilities,operating_profit_margin_pct,71.73495518565942,56.91056910569105
ADANIGREEN,Mar 2022,Power & Utilities,operating_profit_margin_pct,68.42002727449834,56.09756097560976
ADANIGREEN,Mar 2023,Power & Utilities,operating_profit_margin_pct,63.91460905349794,54.47154471544715
ADANIGREEN,Mar 2024,Power & Utilities,operating_profit_margin_pct,79.3709327548807,62.601626016260155
ADANIGREEN,TTM,Power & Utilities,operating_profit_margin_pct,75.12520868113522,58.536585365853654
ADANIPOWER,Mar 2013,Power & Utilities,operating_profit_margin_pct,14.34548714883443,4.0650406504065035
ADANIPOWER,Mar 2014,Power & Utilities,operating_profit_margin_pct,29.964770354906058,26.01626016260163
ADANIPOWER,Mar 2015,Power & Utilities,operating_profit_margin_pct,25.03880533104962,15.447154471544716
ADANIPOWER,Mar 2016,Power & Utilities,operating_profit_margin_pct,34.6849509398274,32.52032520325203
ADANIPOWER,Mar 2017,Power & Utilities,operating_profit_margin_pct,26.44145737530951,21.138211382113823
ADANIPOWER,Mar 2018,Power & Utilities,operating_profit_margin_pct,26.773049645390074,21.951219512195124
ADANIPOWER,Mar 2019,Power & Utilities,operating_profit_margin_pct,20.86333947412494,10.569105691056912
ADANIPOWER,Mar 2020,Power & Utilities,operating_profit_margin_pct,21.66389602538915,12.195121951219512
ADANIPOWER,Mar 2021,Power & Utilities,operating_profit_margin_pct,33.13374775942947,30.89430894308943
ADANIPOWER,Mar 2022,Power & Utilities,operating_profit_margin_pct,35.6573201977554,33.33333333333333
ADANIPOWER,Mar 2023,Power & Utilities,operating_profit_margin_pct,26.038738297268715,19.51219512195122
ADANIPOWER,Mar 2024,Power & Utilities,operating_profit_margin_pct,36.20186292228556,34.959349593495936
ADANIPOWER,TTM,Power & Utilities,operating_profit_margin_pct,38.36230558096981,36.58536585365854
JSWENERGY,Mar 2013,Power & Utilities,operating_profit_margin_pct,31.578354002254795,29.268292682926827
JSWENERGY,Mar 2014,Power & Utilities,operating_profit_margin_pct,37.638760407030524,35.77235772357724
JSWENERGY,Mar 2015,Power & Utilities,operating_profit_margin_pct,38.7717984380015,37.39837398373984
JSWENERGY,Mar 2016,Power & Utilities,operating_profit_margin_pct,41.01180781758957,39.02439024390244
JSWENERGY,Mar 2017,Power & Utilities,operating_profit_margin_pct,40.22752027108798,38.21138211382114
JSWENERGY,Mar 2018,Power & Utilities,operating_profit_margin_pct,33.70605044104858,31.70731707317073
JSWENERGY,Mar 2019,Power & Utilities,operating_profit_margin_pct,31.243160428977895,28.455284552845526
JSWENERGY,Mar 2020,Power & Utilities,operating_profit_margin_pct,35.74277771062492,34.146341463414636
JSWENERGY,Mar 2021,Power & Utilities,operating_profit_margin_pct,42.08321294423577,39.83739837398374
JSWENERGY,Mar 2022,Power & Utilities,operating_profit_margin_pct,43.73699032692543,40.65040650406504
JSWENERGY,Mar 2023,Power & Utilities,operating_profit_margin_pct,31.765389082462253,30.081300813008134
JSWENERGY,Mar 2024,Power & Utilities,operating_profit_margin_pct,46.857043357130415,42.27642276422765
JSWENERGY,TTM,Power & Utilities,operating_profit_margin_pct,47.14435879467414,43.08943089430895
NHPC,Mar 2013,Power & Utilities,operating_profit_margin_pct,65.06817113305125,55.28455284552846
NHPC,Mar 2014,Power & Utilities,operating_profit_margin_pct,58.76302611990797,52.84552845528455
NHPC,Mar 2015,Power & Utilities,operating_profit_margin_pct,62.44982362243036,53.65853658536586
NHPC,Mar 2016,Power & Utilities,operating_profit_margin_pct,57.25401005506344,51.21951219512195
NHPC,Mar 2017,Power & Utilities,operating_profit_margin_pct,56.63922068885539,48.78048780487805
NHPC,Mar 2018,Power & Utilities,operating_profit_margin_pct,54.77756286266925,47.15447154471545
NHPC,Mar 2019,Power & Utilities,operating_profit_margin_pct,55.449181787821445,47.96747967479675
NHPC,Mar 2020,Power & Utilities,operating_profit_margin_pct,54.416466826538766,45.52845528455284
NHPC,Mar 2021,Power & Utilities,operating_profit_margin_pct,54.69527363184079,46.34146341463415
NHPC,Mar 2022,Power & Utilities,operating_profit_margin_pct,43.88670166229222,41.46341463414634
NHPC,Mar 2023,Power & Utilities,operating_profit_margin_pct,58.30112190063166,52.03252032520326
NHPC,Mar 2024,Power & Utilities,operating_profit_margin_pct,49.90656146179402,43.90243902439025
NHPC,TTM,Power & Utilities,operating_profit_margin_pct,51.75438596491229,44.71544715447154
NTPC,Mar 2013,Power & Utilities,operating_profit_margin_pct,25.376828211079726,17.88617886178862
NTPC,Mar 2014,Power & Utilities,operating_profit_margin_pct,25.184475935146178,16.260162601626014
NTPC,Mar 2015,Power & Utilities,operating_profit_margin_pct,21.70166464474655,13.008130081300814
NTPC,Mar 2016,Power & Utilities,operating_profit_margin_pct,25.298381383181646,17.073170731707318
NTPC,Mar 2017,Power & Utilities,operating_profit_margin_pct,26.32554057677775,20.32520325203252
NTPC,Mar 2018,Power & Utilities,operating_profit_margin_pct,25.52705970505092,18.69918699186992
NTPC,Mar 2019,Power & Utilities,operating_profit_margin_pct,22.645008824673187,13.821138211382115
NTPC,Mar 2020,Power & Utilities,operating_profit_margin_pct,28.855148724694878,25.203252032520325
NTPC,Mar 2021,Power & Utilities,operating_profit_margin_pct,30.524248863544667,27.64227642276423
NTPC,Mar 2022,Power & Utilities,operating_profit_margin_pct,30.42308301110282,26.82926829268293
NTPC,Mar 2023,Power & Utilities,operating_profit_margin_pct,27.011412713456334,22.76422764227642
NTPC,Mar 2024,Power & Utilities,operating_profit_margin_pct,28.82672926202094,24.390243902439025
NTPC,TTM,Power & Utilities,operating_profit_margin_pct,28.184106900781096,23.577235772357724
POWERGRID,Mar 2013,Power & Utilities,operating_profit_margin_pct,82.84534821496827,65.4471544715447
POWERGRID,Mar 2013,Power & Utilities,operating_profit_margin_pct,82.84534821496827,65.4471544715447
POWERGRID,Mar 2013,Power & Utilities,operating_profit_margin_pct,82.84534821496827,65.4471544715447
POWERGRID,Mar 2013,Power & Utilities,operating_profit_margin_pct,82.84534821496827,65.4471544715447
POWERGRID,Mar 2014,Power & Utilities,operating_profit_margin_pct,83.36226293796207,68.69918699186992
POWERGRID,Mar 2014,Power & Utilities,operating_profit_margin_pct,83.36226293796207,68.69918699186992
POWERGRID,Mar 2014,Power & Utilities,operating_profit_margin_pct,83.36226293796207,68.69918699186992
POWERGRID,Mar 2014,Power & Utilities,operating_profit_margin_pct,83.36226293796207,68.69918699186992
POWERGRID,Mar 2015,Power & Utilities,operating_profit_margin_pct,85.10262257696694,71.95121951219512
POWERGRID,Mar 2015,Power & Utilities,operating_profit_margin_pct,85.10262257696694,71.95121951219512
POWERGRID,Mar 2015,Power & Utilities,operating_profit_margin_pct,85.10262257696694,71.95121951219512
POWERGRID,Mar 2015,Power & Utilities,operating_profit_margin_pct,85.10262257696694,71.95121951219512
POWERGRID,Mar 2016,Power & Utilities,operating_profit_margin_pct,88.04958357544064,95.52845528455285
POWERGRID,Mar 2016,Power & Utilities,operating_profit_margin_pct,88.04958357544064,95.52845528455285
POWERGRID,Mar 2016,Power & Utilities,operating_profit_margin_pct,88.04958357544064,95.52845528455285
POWERGRID,Mar 2016,Power & Utilities,operating_profit_margin_pct,88.04958357544064,95.52845528455285
POWERGRID,Mar 2017,Power & Utilities,operating_profit_margin_pct,87.36428376853328,92.27642276422763
POWERGRID,Mar 2017,Power & Utilities,operating_profit_margin_pct,87.36428376853328,92.27642276422763
POWERGRID,Mar 2017,Power & Utilities,operating_profit_margin_pct,87.36428376853328,92.27642276422763
POWERGRID,Mar 2017,Power & Utilities,operating_profit_margin_pct,87.36428376853328,92.27642276422763
POWERGRID,Mar 2018,Power & Utilities,operating_profit_margin_pct,86.66955999198771,79.26829268292683
POWERGRID,Mar 2018,Power & Utilities,operating_profit_margin_pct,86.66955999198771,79.26829268292683
POWERGRID,Mar 2018,Power & Utilities,operating_profit_margin_pct,86.66955999198771,79.26829268292683
POWERGRID,Mar 2018,Power & Utilities,operating_profit_margin_pct,86.66955999198771,79.26829268292683
POWERGRID,Mar 2019,Power & Utilities,operating_profit_margin_pct,76.78484839841411,60.56910569105691
POWERGRID,Mar 2019,Power & Utilities,operating_profit_margin_pct,76.78484839841411,60.56910569105691
POWERGRID,Mar 2019,Power & Utilities,operating_profit_margin_pct,76.78484839841411,60.56910569105691
POWERGRID,Mar 2019,Power & Utilities,operating_profit_margin_pct,76.78484839841411,60.56910569105691
POWERGRID,Mar 2020,Power & Utilities,operating_profit_margin_pct,87.12908011869436,89.02439024390245
POWERGRID,Mar 2020,Power & Utilities,operating_profit_margin_pct,87.12908011869436,89.02439024390245
POWERGRID,Mar 2020,Power & Utilities,operating_profit_margin_pct,87.12908011869436,89.02439024390245
POWERGRID,Mar 2020,Power & Utilities,operating_profit_margin_pct,87.12908011869436,89.02439024390245
POWERGRID,Mar 2021,Power & Utilities,operating_profit_margin_pct,88.05751765893038,98.78048780487805
POWERGRID,Mar 2021,Power & Utilities,operating_profit_margin_pct,88.05751765893038,98.78048780487805
POWERGRID,Mar 2021,Power & Utilities,operating_profit_margin_pct,88.05751765893038,98.78048780487805
POWERGRID,Mar 2021,Power & Utilities,operating_profit_margin_pct,88.05751765893038,98.78048780487805
POWERGRID,Mar 2022,Power & Utilities,operating_profit_margin_pct,86.07467204843591,76.01626016260163
POWERGRID,Mar 2022,Power & Utilities,operating_profit_margin_pct,86.07467204843591,76.01626016260163
POWERGRID,Mar 2022,Power & Utilities,operating_profit_margin_pct,86.07467204843591,76.01626016260163
POWERGRID,Mar 2022,Power & Utilities,operating_profit_margin_pct,86.07467204843591,76.01626016260163
POWERGRID,Mar 2023,Power & Utilities,operating_profit_margin_pct,86.78376422603776,82.52032520325203
POWERGRID,Mar 2023,Power & Utilities,operating_profit_margin_pct,86.78376422603776,82.52032520325203
POWERGRID,Mar 2023,Power & Utilities,operating_profit_margin_pct,86.78376422603776,82.52032520325203
POWERGRID,Mar 2023,Power & Utilities,operating_profit_margin_pct,86.78376422603776,82.52032520325203
POWERGRID,Mar 2024,Power & Utilities,operating_profit_margin_pct,86.87476823070044,85.77235772357723
POWERGRID,Mar 2024,Power & Utilities,operating_profit_margin_pct,86.87476823070044,85.77235772357723
POWERGRID,Mar 2024,Power & Utilities,operating_profit_margin_pct,86.87476823070044,85.77235772357723
POWERGRID,Mar 2024,Power & Utilities,operating_profit_margin_pct,86.87476823070044,85.77235772357723
POWERGRID,TTM,Power & Utilities,operating_profit_margin_pct,85.64349951977648,73.98373983739837
TATAPOWER,Mar 2013,Power & Utilities,operating_profit_margin_pct,16.864092594267113,5.691056910569105
TATAPOWER,Mar 2014,Power & Utilities,operating_profit_margin_pct,19.35845042825953,8.94308943089431
TATAPOWER,Mar 2015,Power & Utilities,operating_profit_margin_pct,18.756883874616737,8.130081300813007
TATAPOWER,Mar 2016,Power & Utilities,operating_profit_margin_pct,7.137044822675799,0.8130081300813009
TATAPOWER,Mar 2017,Power & Utilities,operating_profit_margin_pct,19.838335508191967,9.75609756097561
TATAPOWER,Mar 2018,Power & Utilities,operating_profit_margin_pct,8.550670640834575,1.6260162601626018
TATAPOWER,Mar 2019,Power & Utilities,operating_profit_margin_pct,10.27408721261002,2.4390243902439024
TATAPOWER,Mar 2020,Power & Utilities,operating_profit_margin_pct,23.355985722130697,14.634146341463413
TATAPOWER,Mar 2021,Power & Utilities,operating_profit_margin_pct,21.163196037060818,11.38211382113821
TATAPOWER,Mar 2022,Power & Utilities,operating_profit_margin_pct,16.421431240657697,4.878048780487805
TATAPOWER,Mar 2023,Power & Utilities,operating_profit_margin_pct,14.023117821045563,3.2520325203252036
TATAPOWER,Mar 2024,Power & Utilities,operating_profit_margin_pct,17.469771680580646,7.317073170731707
TATAPOWER,TTM,Power & Utilities,operating_profit_margin_pct,17.415615303438393,6.504065040650407
ADANIGREEN,Mar 2017,Power & Utilities,net_profit_margin_pct,-9.362549800796813,4.0650406504065035
ADANIGREEN,Mar 2018,Power & Utilities,net_profit_margin_pct,-9.324324324324325,4.878048780487805
ADANIGREEN,Mar 2019,Power & Utilities,net_profit_margin_pct,-23.080660835762874,2.4390243902439024
ADANIGREEN,Mar 2020,Power & Utilities,net_profit_margin_pct,-2.6677128285602194,8.130081300813007
ADANIGREEN,Mar 2021,Power & Utilities,net_profit_margin_pct,5.8258642765685025,18.69918699186992
ADANIGREEN,Mar 2022,Power & Utilities,net_profit_margin_pct,9.526592635885448,25.203252032520325
ADANIGREEN,Mar 2023,Power & Utilities,net_profit_margin_pct,12.512860082304528,33.33333333333333
ADANIGREEN,Mar 2024,Power & Utilities,net_profit_margin_pct,13.665943600867678,37.39837398373984
ADANIGREEN,TTM,Power & Utilities,net_profit_margin_pct,17.881654609534408,46.34146341463415
ADANIPOWER,Mar 2013,Power & Utilities,net_profit_margin_pct,-34.294680215182304,0.8130081300813009
ADANIPOWER,Mar 2014,Power & Utilities,net_profit_margin_pct,-1.8984864300626305,8.94308943089431
ADANIPOWER,Mar 2015,Power & Utilities,net_profit_margin_pct,-4.367606915377617,6.504065040650407
ADANIPOWER,Mar 2016,Power & Utilities,net_profit_margin_pct,2.171257437837412,13.008130081300814
ADANIPOWER,Mar 2017,Power & Utilities,net_profit_margin_pct,-27.299257163070394,1.6260162601626018
ADANIPOWER,Mar 2018,Power & Utilities,net_profit_margin_pct,-10.35756501182033,3.2520325203252036
ADANIPOWER,Mar 2019,Power & Utilities,net_profit_margin_pct,-4.119912912409982,7.317073170731707
ADANIPOWER,Mar 2020,Power & Utilities,net_profit_margin_pct,-8.595284872298626,5.691056910569105
ADANIPOWER,Mar 2021,Power & Utilities,net_profit_margin_pct,4.84344609282636,17.073170731707318
ADANIPOWER,Mar 2022,Power & Utilities,net_profit_margin_pct,17.725812854101257,45.52845528455284
ADANIPOWER,Mar 2023,Power & Utilities,net_profit_margin_pct,27.666159440848016,52.84552845528455
ADANIPOWER,Mar 2024,Power & Utilities,net_profit_margin_pct,41.36759945184802,98.3739837398374
ADANIPOWER,TTM,Power & Utilities,net_profit_margin_pct,23.213174748398902,48.78048780487805
JSWENERGY,Mar 2013,Power & Utilities,net_profit_margin_pct,10.15783540022548,27.64227642276423
JSWENERGY,Mar 2014,Power & Utilities,net_profit_margin_pct,8.788159111933396,24.390243902439025
JSWENERGY,Mar 2015,Power & Utilities,net_profit_margin_pct,14.528725794372527,39.83739837398374
JSWENERGY,Mar 2016,Power & Utilities,net_profit_margin_pct,14.861563517915311,42.27642276422765
JSWENERGY,Mar 2017,Power & Utilities,net_profit_margin_pct,7.53963451530921,22.76422764227642
JSWENERGY,Mar 2018,Power & Utilities,net_profit_margin_pct,1.0560318051931916,11.38211382113821
JSWENERGY,Mar 2019,Power & Utilities,net_profit_margin_pct,7.485226526592252,21.951219512195124
JSWENERGY,Mar 2020,Power & Utilities,net_profit_margin_pct,13.066602199927473,35.77235772357724
JSWENERGY,Mar 2021,Power & Utilities,net_profit_margin_pct,11.889627275353943,29.268292682926827
JSWENERGY,Mar 2022,Power & Utilities,net_profit_margin_pct,21.341986041386065,47.15447154471545
JSWENERGY,Mar 2023,Power & Utilities,net_profit_margin_pct,14.3244289585753,39.02439024390244
JSWENERGY,Mar 2024,Power & Utilities,net_profit_margin_pct,15.018283127285393,43.08943089430895
JSWENERGY,TTM,Power & Utilities,net_profit_margin_pct,17.41415557112824,43.90243902439025
NHPC,Mar 2013,Power & Utilities,net_profit_margin_pct,45.02429086350102,100.0
NHPC,Mar 2014,Power & Utilities,net_profit_margin_pct,22.10041954256327,47.96747967479675
NHPC,Mar 2015,Power & Utilities,net_profit_margin_pct,34.03478895511495,88.6178861788618
NHPC,Mar 2016,Power & Utilities,net_profit_margin_pct,28.309791716542975,53.65853658536586
NHPC,Mar 2017,Power & Utilities,net_profit_margin_pct,40.357184274614404,93.4959349593496
NHPC,Mar 2018,Power & Utilities,net_profit_margin_pct,35.912314635718886,91.05691056910568
NHPC,Mar 2019,Power & Utilities,net_profit_margin_pct,31.570744740064566,77.23577235772358
NHPC,Mar 2020,Power & Utilities,net_profit_margin_pct,33.42326139088729,81.30081300813008
NHPC,Mar 2021,Power & Utilities,net_profit_margin_pct,37.3134328358209,91.869918699187
NHPC,Mar 2022,Power & Utilities,net_profit_margin_pct,41.272965879265094,97.5609756097561
NHPC,Mar 2023,Power & Utilities,net_profit_margin_pct,40.17158480248892,92.6829268292683
NHPC,Mar 2024,Power & Utilities,net_profit_margin_pct,41.81893687707641,99.1869918699187
NHPC,TTM,Power & Utilities,net_profit_margin_pct,35.26315789473684,90.2439024390244
NTPC,Mar 2013,Power & Utilities,net_profit_margin_pct,17.598366844710423,44.71544715447154
NTPC,Mar 2014,Power & Utilities,net_profit_margin_pct,14.557640750670242,40.65040650406504
NTPC,Mar 2015,Power & Utilities,net_profit_margin_pct,12.496716985379642,32.52032520325203
NTPC,Mar 2016,Power & Utilities,net_profit_margin_pct,14.688811379366722,41.46341463414634
NTPC,Mar 2017,Power & Utilities,net_profit_margin_pct,13.059164818020038,34.959349593495936
NTPC,Mar 2018,Power & Utilities,net_profit_margin_pct,11.922845497996208,30.081300813008134
NTPC,Mar 2019,Power & Utilities,net_profit_margin_pct,13.993837685841633,38.21138211382114
NTPC,Mar 2020,Power & Utilities,net_profit_margin_pct,10.872981071402469,28.455284552845526
NTPC,Mar 2021,Power & Utilities,net_profit_margin_pct,13.421380602702387,36.58536585365854
NTPC,Mar 2022,Power & Utilities,net_profit_margin_pct,12.7836947591374,34.146341463414636
NTPC,Mar 2023,Power & Utilities,net_profit_margin_pct,9.716413082340656,26.01626016260163
NTPC,Mar 2024,Power & Utilities,net_profit_margin_pct,11.950633329785267,30.89430894308943
NTPC,TTM,Power & Utilities,net_profit_margin_pct,12.12854775891378,31.70731707317073
POWERGRID,Mar 2013,Power & Utilities,net_profit_margin_pct,32.97148536044645,79.26829268292683
POWERGRID,Mar 2013,Power & Utilities,net_profit_margin_pct,32.97148536044645,79.26829268292683
POWERGRID,Mar 2013,Power & Utilities,net_profit_margin_pct,32.97148536044645,79.26829268292683
POWERGRID,Mar 2013,Power & Utilities,net_profit_margin_pct,32.97148536044645,79.26829268292683
POWERGRID,Mar 2014,Power & Utilities,net_profit_margin_pct,29.238187078109934,68.69918699186992
POWERGRID,Mar 2014,Power & Utilities,net_profit_margin_pct,29.238187078109934,68.69918699186992
POWERGRID,Mar 2014,Power & Utilities,net_profit_margin_pct,29.238187078109934,68.69918699186992
POWERGRID,Mar 2014,Power & Utilities,net_profit_margin_pct,29.238187078109934,68.69918699186992
POWERGRID,Mar 2015,Power & Utilities,net_profit_margin_pct,28.76852907639681,58.94308943089431
POWERGRID,Mar 2015,Power & Utilities,net_profit_margin_pct,28.76852907639681,58.94308943089431
POWERGRID,Mar 2015,Power & Utilities,net_profit_margin_pct,28.76852907639681,58.94308943089431
POWERGRID,Mar 2015,Power & Utilities,net_profit_margin_pct,28.76852907639681,58.94308943089431
POWERGRID,Mar 2016,Power & Utilities,net_profit_margin_pct,28.854348247143136,62.19512195121951
POWERGRID,Mar 2016,Power & Utilities,net_profit_margin_pct,28.854348247143136,62.19512195121951
POWERGRID,Mar 2016,Power & Utilities,net_profit_margin_pct,28.854348247143136,62.19512195121951
POWERGRID,Mar 2016,Power & Utilities,net_profit_margin_pct,28.854348247143136,62.19512195121951
POWERGRID,Mar 2017,Power & Utilities,net_profit_margin_pct,28.995602599525238,65.4471544715447
POWERGRID,Mar 2017,Power & Utilities,net_profit_margin_pct,28.995602599525238,65.4471544715447
POWERGRID,Mar 2017,Power & Utilities,net_profit_margin_pct,28.995602599525238,65.4471544715447
POWERGRID,Mar 2017,Power & Utilities,net_profit_margin_pct,28.995602599525238,65.4471544715447
POWERGRID,Mar 2018,Power & Utilities,net_profit_margin_pct,27.388662616011217,50.81300813008131
POWERGRID,Mar 2018,Power & Utilities,net_profit_margin_pct,27.388662616011217,50.81300813008131
POWERGRID,Mar 2018,Power & Utilities,net_profit_margin_pct,27.388662616011217,50.81300813008131
POWERGRID,Mar 2018,Power & Utilities,net_profit_margin_pct,27.388662616011217,50.81300813008131
POWERGRID,Mar 2019,Power & Utilities,net_profit_margin_pct,28.62032573661542,55.6910569105691
POWERGRID,Mar 2019,Power & Utilities,net_profit_margin_pct,28.62032573661542,55.6910569105691
POWERGRID,Mar 2019,Power & Utilities,net_profit_margin_pct,28.62032573661542,55.6910569105691
POWERGRID,Mar 2019,Power & Utilities,net_profit_margin_pct,28.62032573661542,55.6910569105691
POWERGRID,Mar 2020,Power & Utilities,net_profit_margin_pct,29.300021195421788,71.95121951219512
POWERGRID,Mar 2020,Power & Utilities,net_profit_margin_pct,29.300021195421788,71.95121951219512
POWERGRID,Mar 2020,Power & Utilities,net_profit_margin_pct,29.300021195421788,71.95121951219512
POWERGRID,Mar 2020,Power & Utilities,net_profit_margin_pct,29.300021195421788,71.95121951219512
POWERGRID,Mar 2021,Power & Utilities,net_profit_margin_pct,30.363269424823407,75.20325203252033
POWERGRID,Mar 2021,Power & Utilities,net_profit_margin_pct,30.363269424823407,75.20325203252033
POWERGRID,Mar 2021,Power & Utilities,net_profit_margin_pct,30.363269424823407,75.20325203252033
POWERGRID,Mar 2021,Power & Utilities,net_profit_margin_pct,30.363269424823407,75.20325203252033
POWERGRID,Mar 2022,Power & Utilities,net_profit_margin_pct,40.420931238287444,95.52845528455285
POWERGRID,Mar 2022,Power & Utilities,net_profit_margin_pct,40.420931238287444,95.52845528455285
POWERGRID,Mar 2022,Power & Utilities,net_profit_margin_pct,40.420931238287444,95.52845528455285
POWERGRID,Mar 2022,Power & Utilities,net_profit_margin_pct,40.420931238287444,95.52845528455285
POWERGRID,Mar 2023,Power & Utilities,net_profit_margin_pct,33.81356489704624,83.33333333333334
POWERGRID,Mar 2023,Power & Utilities,net_profit_margin_pct,33.81356489704624,83.33333333333334
POWERGRID,Mar 2023,Power & Utilities,net_profit_margin_pct,33.81356489704624,83.33333333333334
POWERGRID,Mar 2023,Power & Utilities,net_profit_margin_pct,33.81356489704624,83.33333333333334
POWERGRID,Mar 2024,Power & Utilities,net_profit_margin_pct,33.97028990249329,86.58536585365853
POWERGRID,Mar 2024,Power & Utilities,net_profit_margin_pct,33.97028990249329,86.58536585365853
POWERGRID,Mar 2024,Power & Utilities,net_profit_margin_pct,33.97028990249329,86.58536585365853
POWERGRID,Mar 2024,Power & Utilities,net_profit_margin_pct,33.97028990249329,86.58536585365853
POWERGRID,TTM,Power & Utilities,net_profit_margin_pct,34.296690823365054,89.43089430894308
TATAPOWER,Mar 2013,Power & Utilities,net_profit_margin_pct,0.37073876480694457,10.569105691056912
TATAPOWER,Mar 2014,Power & Utilities,net_profit_margin_pct,0.033588982813637126,9.75609756097561
TATAPOWER,Mar 2015,Power & Utilities,net_profit_margin_pct,1.3604024647992141,12.195121951219512
TATAPOWER,Mar 2016,Power & Utilities,net_profit_margin_pct,2.664948803146403,13.821138211382115
TATAPOWER,Mar 2017,Power & Utilities,net_profit_margin_pct,3.9872408293460926,14.634146341463413
TATAPOWER,Mar 2018,Power & Utilities,net_profit_margin_pct,9.728017883755587,26.82926829268293
TATAPOWER,Mar 2019,Power & Utilities,net_profit_margin_pct,8.721261001974499,23.577235772357724
TATAPOWER,Mar 2020,Power & Utilities,net_profit_margin_pct,4.516749038989566,16.260162601626014
TATAPOWER,Mar 2021,Power & Utilities,net_profit_margin_pct,4.400207931994006,15.447154471544716
TATAPOWER,Mar 2022,Power & Utilities,net_profit_margin_pct,5.035500747384155,17.88617886178862
TATAPOWER,Mar 2023,Power & Utilities,net_profit_margin_pct,6.913571285996843,19.51219512195122
TATAPOWER,Mar 2024,Power & Utilities,net_profit_margin_pct,6.965125551270159,21.138211382113823
TATAPOWER,TTM,Power & Utilities,net_profit_margin_pct,6.935059616626502,20.32520325203252
ADANIGREEN,Mar 2017,Power & Utilities,debt_to_equity,3.6134663341645887,14.655172413793105
ADANIGREEN,Mar 2018,Power & Utilities,debt_to_equity,7.355704697986577,6.896551724137934
ADANIGREEN,Mar 2019,Power & Utilities,debt_to_equity,5.764097258147957,12.06896551724138
ADANIGREEN,Mar 2020,Power & Utilities,debt_to_equity,6.307170131523122,10.344827586206895
ADANIGREEN,Mar 2021,Power & Utilities,debt_to_equity,11.004090909090909,2.5862068965517238
ADANIGREEN,Mar 2022,Power & Utilities,debt_to_equity,20.211170619739864,0.8620689655172376
ADANIGREEN,Mar 2023,Power & Utilities,debt_to_equity,7.423740416210296,6.034482758620685
ADANIGREEN,Mar 2024,Power & Utilities,debt_to_equity,6.595281675818589,9.482758620689658
ADANIGREEN,TTM,Power & Utilities,debt_to_equity,,
ADANIPOWER,Mar 2013,Power & Utilities,debt_to_equity,9.735616119263918,3.4482758620689613
ADANIPOWER,Mar 2014,Power & Utilities,debt_to_equity,6.747669264863212,8.62068965517241
ADANIPOWER,Mar 2015,Power & Utilities,debt_to_equity,7.815196506550218,5.1724137931034475
ADANIPOWER,Mar 2016,Power & Utilities,debt_to_equity,7.06065881092662,7.758620689655171
ADANIPOWER,Mar 2017,Power & Utilities,debt_to_equity,17.494666666666667,1.7241379310344862
ADANIPOWER,Mar 2018,Power & Utilities,debt_to_equity,59.43194600674916,0.0
ADANIPOWER,Mar 2019,Power & Utilities,debt_to_equity,6.091804979253112,11.206896551724132
ADANIPOWER,Mar 2020,Power & Utilities,debt_to_equity,8.517049837987965,4.31034482758621
ADANIPOWER,Mar 2021,Power & Utilities,debt_to_equity,4.005109433386716,12.93103448275862
ADANIPOWER,Mar 2022,Power & Utilities,debt_to_equity,2.662675407704394,19.82758620689655
ADANIPOWER,Mar 2023,Power & Utilities,debt_to_equity,1.4175257731958764,72.41379310344827
ADANIPOWER,Mar 2024,Power & Utilities,debt_to_equity,0.8023177656738903,87.93103448275862
ADANIPOWER,TTM,Power & Utilities,debt_to_equity,,
JSWENERGY,Mar 2013,Power & Utilities,debt_to_equity,1.6726305609284333,60.3448275862069
JSWENERGY,Mar 2014,Power & Utilities,debt_to_equity,1.5379698676000608,68.10344827586206
JSWENERGY,Mar 2015,Power & Utilities,debt_to_equity,1.2362330407023145,80.17241379310344
JSWENERGY,Mar 2016,Power & Utilities,debt_to_equity,1.5315333882934872,68.96551724137932
JSWENERGY,Mar 2017,Power & Utilities,debt_to_equity,1.3838364355289807,76.72413793103449
JSWENERGY,Mar 2018,Power & Utilities,debt_to_equity,1.0695769576957697,82.75862068965517
JSWENERGY,Mar 2019,Power & Utilities,debt_to_equity,0.8928269328370834,84.48275862068965
JSWENERGY,Mar 2020,Power & Utilities,debt_to_equity,0.844925296239052,86.20689655172413
JSWENERGY,Mar 2021,Power & Utilities,debt_to_equity,0.5770317777624595,98.27586206896551
JSWENERGY,Mar 2022,Power & Utilities,debt_to_equity,0.5135228251507321,99.13793103448276
JSWENERGY,Mar 2023,Power & Utilities,debt_to_equity,1.3447313328681088,77.58620689655173
JSWENERGY,Mar 2024,Power & Utilities,debt_to_equity,1.5156009984639016,70.6896551724138
JSWENERGY,TTM,Power & Utilities,debt_to_equity,,
NHPC,Mar 2013,Power & Utilities,debt_to_equity,0.6826648766571572,93.10344827586206
NHPC,Mar 2014,Power & Utilities,debt_to_equity,0.7370601147065071,91.37931034482759
NHPC,Mar 2015,Power & Utilities,debt_to_equity,0.669224266857403,93.96551724137932
NHPC,Mar 2016,Power & Utilities,debt_to_equity,0.6300919634674336,95.6896551724138
NHPC,Mar 2017,Power & Utilities,debt_to_equity,0.6626572462519387,94.82758620689656
NHPC,Mar 2018,Power & Utilities,debt_to_equity,0.6192203987883226,96.55172413793103
NHPC,Mar 2019,Power & Utilities,debt_to_equity,0.6190661731281252,97.41379310344827
NHPC,Mar 2020,Power & Utilities,debt_to_equity,0.7401293776488959,90.51724137931035
NHPC,Mar 2021,Power & Utilities,debt_to_equity,0.7068949868393186,92.24137931034483
NHPC,Mar 2022,Power & Utilities,debt_to_equity,0.7472867329114287,89.65517241379311
NHPC,Mar 2023,Power & Utilities,debt_to_equity,0.7992208003030221,88.79310344827587
NHPC,Mar 2024,Power & Utilities,debt_to_equity,0.8413260296625498,87.06896551724138
NHPC,TTM,Power & Utilities,debt_to_equity,,
NTPC,Mar 2013,Power & Utilities,debt_to_equity,0.8668020679468242,85.34482758620689
NTPC,Mar 2014,Power & Utilities,debt_to_equity,0.9327371205441491,83.62068965517241
NTPC,Mar 2015,Power & Utilities,debt_to_equity,1.2455477866835578,79.3103448275862
NTPC,Mar 2016,Power & Utilities,debt_to_equity,1.0857111657111658,81.89655172413794
NTPC,Mar 2017,Power & Utilities,debt_to_equity,1.1628712770089331,81.03448275862068
NTPC,Mar 2018,Power & Utilities,debt_to_equity,1.2557477091239149,78.44827586206897
NTPC,Mar 2019,Power & Utilities,debt_to_equity,1.5540828147310004,63.793103448275865
NTPC,Mar 2020,Power & Utilities,debt_to_equity,1.7080444294850219,59.48275862068966
NTPC,Mar 2021,Power & Utilities,debt_to_equity,1.6717804340737559,61.206896551724135
NTPC,Mar 2022,Power & Utilities,debt_to_equity,1.5564805649533884,62.93103448275862
NTPC,Mar 2023,Power & Utilities,debt_to_equity,1.5161777408976826,69.82758620689656
NTPC,Mar 2024,Power & Utilities,debt_to_equity,1.475521125007778,71.55172413793103
NTPC,TTM,Power & Utilities,debt_to_equity,,
POWERGRID,Mar 2013,Power & Utilities,debt_to_equity,2.6221641480134834,23.70689655172413
POWERGRID,Mar 2013,Power & Utilities,debt_to_equity,2.6221641480134834,23.70689655172413
POWERGRID,Mar 2013,Power & Utilities,debt_to_equity,2.6221641480134834,23.70689655172413
POWERGRID,Mar 2013,Power & Utilities,debt_to_equity,2.6221641480134834,23.70689655172413
POWERGRID,Mar 2014,Power & Utilities,debt_to_equity,2.427229235114416,37.5
POWERGRID,Mar 2014,Power & Utilities,debt_to_equity,2.427229235114416,37.5
POWERGRID,Mar 2014,Power & Utilities,debt_to_equity,2.427229235114416,37.5
POWERGRID,Mar 2014,Power & Utilities,debt_to_equity,2.427229235114416,37.5
POWERGRID,Mar 2015,Power & Utilities,debt_to_equity,2.503785218137829,27.155172413793103
POWERGRID,Mar 2015,Power & Utilities,debt_to_equity,2.503785218137829,27.155172413793103
POWERGRID,Mar 2015,Power & Utilities,debt_to_equity,2.503785218137829,27.155172413793103
POWERGRID,Mar 2015,Power & Utilities,debt_to_equity,2.503785218137829,27.155172413793103
POWERGRID,Mar 2016,Power & Utilities,debt_to_equity,2.468614964748692,34.05172413793104
POWERGRID,Mar 2016,Power & Utilities,debt_to_equity,2.468614964748692,34.05172413793104
POWERGRID,Mar 2016,Power & Utilities,debt_to_equity,2.468614964748692,34.05172413793104
POWERGRID,Mar 2016,Power & Utilities,debt_to_equity,2.468614964748692,34.05172413793104
POWERGRID,Mar 2017,Power & Utilities,debt_to_equity,2.386154895118919,44.396551724137936
POWERGRID,Mar 2017,Power & Utilities,debt_to_equity,2.386154895118919,44.396551724137936
POWERGRID,Mar 2017,Power & Utilities,debt_to_equity,2.386154895118919,44.396551724137936
POWERGRID,Mar 2017,Power & Utilities,debt_to_equity,2.386154895118919,44.396551724137936
POWERGRID,Mar 2018,Power & Utilities,debt_to_equity,2.416179767023114,40.94827586206896
POWERGRID,Mar 2018,Power & Utilities,debt_to_equity,2.416179767023114,40.94827586206896
POWERGRID,Mar 2018,Power & Utilities,debt_to_equity,2.416179767023114,40.94827586206896
POWERGRID,Mar 2018,Power & Utilities,debt_to_equity,2.416179767023114,40.94827586206896
POWERGRID,Mar 2019,Power & Utilities,debt_to_equity,2.477212340706392,30.603448275862068
POWERGRID,Mar 2019,Power & Utilities,debt_to_equity,2.477212340706392,30.603448275862068
POWERGRID,Mar 2019,Power & Utilities,debt_to_equity,2.477212340706392,30.603448275862068
POWERGRID,Mar 2019,Power & Utilities,debt_to_equity,2.477212340706392,30.603448275862068
POWERGRID,Mar 2020,Power & Utilities,debt_to_equity,2.2917954742178805,47.8448275862069
POWERGRID,Mar 2020,Power & Utilities,debt_to_equity,2.2917954742178805,47.8448275862069
POWERGRID,Mar 2020,Power & Utilities,debt_to_equity,2.2917954742178805,47.8448275862069
POWERGRID,Mar 2020,Power & Utilities,debt_to_equity,2.2917954742178805,47.8448275862069
POWERGRID,Mar 2021,Power & Utilities,debt_to_equity,2.0480439258750858,53.01724137931034
POWERGRID,Mar 2021,Power & Utilities,debt_to_equity,2.0480439258750858,53.01724137931034
POWERGRID,Mar 2021,Power & Utilities,debt_to_equity,2.0480439258750858,53.01724137931034
POWERGRID,Mar 2021,Power & Utilities,debt_to_equity,2.0480439258750858,53.01724137931034
POWERGRID,Mar 2022,Power & Utilities,debt_to_equity,1.7665744226002336,57.327586206896555
POWERGRID,Mar 2022,Power & Utilities,debt_to_equity,1.7665744226002336,57.327586206896555
POWERGRID,Mar 2022,Power & Utilities,debt_to_equity,1.7665744226002336,57.327586206896555
POWERGRID,Mar 2022,Power & Utilities,debt_to_equity,1.7665744226002336,57.327586206896555
POWERGRID,Mar 2023,Power & Utilities,debt_to_equity,1.5487196781731023,65.94827586206897
POWERGRID,Mar 2023,Power & Utilities,debt_to_equity,1.5487196781731023,65.94827586206897
POWERGRID,Mar 2023,Power & Utilities,debt_to_equity,1.5487196781731023,65.94827586206897
POWERGRID,Mar 2023,Power & Utilities,debt_to_equity,1.5487196781731023,65.94827586206897
POWERGRID,Mar 2024,Power & Utilities,debt_to_equity,1.4173456039290386,74.56896551724138
POWERGRID,Mar 2024,Power & Utilities,debt_to_equity,1.4173456039290386,74.56896551724138
POWERGRID,Mar 2024,Power & Utilities,debt_to_equity,1.4173456039290386,74.56896551724138
POWERGRID,Mar 2024,Power & Utilities,debt_to_equity,1.4173456039290386,74.56896551724138
POWERGRID,TTM,Power & Utilities,debt_to_equity,,
TATAPOWER,Mar 2013,Power & Utilities,debt_to_equity,3.0710985002026754,17.24137931034483
TATAPOWER,Mar 2014,Power & Utilities,debt_to_equity,3.2394968147730023,16.37931034482759
TATAPOWER,Mar 2015,Power & Utilities,debt_to_equity,2.836080458164548,18.965517241379317
TATAPOWER,Mar 2016,Power & Utilities,debt_to_equity,3.3395512765408752,15.517241379310342
TATAPOWER,Mar 2017,Power & Utilities,debt_to_equity,3.694187982442864,13.793103448275868
TATAPOWER,Mar 2018,Power & Utilities,debt_to_equity,2.962924568571254,18.103448275862068
TATAPOWER,Mar 2019,Power & Utilities,debt_to_equity,2.649877082764272,21.55172413793104
TATAPOWER,Mar 2020,Power & Utilities,debt_to_equity,2.6544004906470406,20.68965517241379
TATAPOWER,Mar 2021,Power & Utilities,debt_to_equity,2.092371097074766,50.86206896551724
TATAPOWER,Mar 2022,Power & Utilities,debt_to_equity,2.281213795561893,50.0
TATAPOWER,Mar 2023,Power & Utilities,debt_to_equity,1.8383701542309296,55.172413793103445
TATAPOWER,Mar 2024,Power & Utilities,debt_to_equity,1.659321300531586,62.06896551724138
TATAPOWER,TTM,Power & Utilities,debt_to_equity,,
ADANIGREEN,Mar 2017,Power & Utilities,interest_coverage,1.2065868263473054,9.75609756097561
ADANIGREEN,Mar 2018,Power & Utilities,interest_coverage,1.5271739130434783,14.634146341463413
ADANIGREEN,Mar 2019,Power & Utilities,interest_coverage,1.3612845673505798,11.38211382113821
ADANIGREEN,Mar 2020,Power & Utilities,interest_coverage,1.4572864321608041,12.195121951219512
ADANIGREEN,Mar 2021,Power & Utilities,interest_coverage,1.1474654377880185,8.94308943089431
ADANIGREEN,Mar 2022,Power & Utilities,interest_coverage,1.3419946503630111,10.569105691056912
ADANIGREEN,Mar 2023,Power & Utilities,interest_coverage,1.7073170731707317,19.51219512195122
ADANIGREEN,Mar 2024,Power & Utilities,interest_coverage,1.4618457850579305,13.008130081300814
ADANIGREEN,TTM,Power & Utilities,interest_coverage,1.633393829401089,17.073170731707318
ADANIPOWER,Mar 2013,Power & Utilities,interest_coverage,0.5637110980622431,0.8130081300813009
ADANIPOWER,Mar 2014,Power & Utilities,interest_coverage,1.1035559827006247,8.130081300813007
ADANIPOWER,Mar 2015,Power & Utilities,interest_coverage,0.9617598684210527,4.878048780487805
ADANIPOWER,Mar 2016,Power & Utilities,interest_coverage,1.5830935251798561,15.447154471544716
ADANIPOWER,Mar 2017,Power & Utilities,interest_coverage,1.013215859030837,6.504065040650407
ADANIPOWER,Mar 2018,Power & Utilities,interest_coverage,0.9759425493716337,5.691056910569105
ADANIPOWER,Mar 2019,Power & Utilities,interest_coverage,0.8808555771610395,4.0650406504065035
ADANIPOWER,Mar 2020,Power & Utilities,interest_coverage,1.0788334901222953,7.317073170731707
ADANIPOWER,Mar 2021,Power & Utilities,interest_coverage,1.701527614571093,17.88617886178862
ADANIPOWER,Mar 2022,Power & Utilities,interest_coverage,2.412942612942613,27.64227642276423
ADANIPOWER,Mar 2023,Power & Utilities,interest_coverage,3.0281943611277744,34.146341463414636
ADANIPOWER,Mar 2024,Power & Utilities,interest_coverage,5.380165289256198,89.43089430894308
ADANIPOWER,TTM,Power & Utilities,interest_coverage,6.4806800618238025,94.3089430894309
JSWENERGY,Mar 2013,Power & Utilities,interest_coverage,2.908618899273105,33.33333333333333
JSWENERGY,Mar 2014,Power & Utilities,interest_coverage,2.699004975124378,31.70731707317073
JSWENERGY,Mar 2015,Power & Utilities,interest_coverage,3.187335092348285,38.21138211382114
JSWENERGY,Mar 2016,Power & Utilities,interest_coverage,2.6895861148197597,30.89430894308943
JSWENERGY,Mar 2017,Power & Utilities,interest_coverage,1.972700296735905,23.577235772357724
JSWENERGY,Mar 2018,Power & Utilities,interest_coverage,1.8633241758241759,22.76422764227642
JSWENERGY,Mar 2019,Power & Utilities,interest_coverage,2.3951342281879193,26.82926829268293
JSWENERGY,Mar 2020,Power & Utilities,interest_coverage,2.813510941960038,32.52032520325203
JSWENERGY,Mar 2021,Power & Utilities,interest_coverage,3.2511160714285716,39.02439024390244
JSWENERGY,Mar 2022,Power & Utilities,interest_coverage,4.597168597168597,86.1788617886179
JSWENERGY,Mar 2023,Power & Utilities,interest_coverage,3.8886255924170614,58.536585365853654
JSWENERGY,Mar 2024,Power & Utilities,interest_coverage,2.621529469069654,30.081300813008134
JSWENERGY,TTM,Power & Utilities,interest_coverage,2.583773403744599,29.268292682926827
NHPC,Mar 2013,Power & Utilities,interest_coverage,6.795417348608838,95.1219512195122
NHPC,Mar 2014,Power & Utilities,interest_coverage,3.6093100581878637,49.59349593495935
NHPC,Mar 2015,Power & Utilities,interest_coverage,3.9614197530864197,59.34959349593496
NHPC,Mar 2016,Power & Utilities,interest_coverage,4.123275862068965,67.47967479674797
NHPC,Mar 2017,Power & Utilities,interest_coverage,4.310679611650485,78.04878048780488
NHPC,Mar 2018,Power & Utilities,interest_coverage,4.597402597402597,86.99186991869918
NHPC,Mar 2019,Power & Utilities,interest_coverage,5.559151785714286,91.05691056910568
NHPC,Mar 2020,Power & Utilities,interest_coverage,6.209806157354618,93.4959349593496
NHPC,Mar 2021,Power & Utilities,interest_coverage,9.145580589254767,99.1869918699187
NHPC,Mar 2022,Power & Utilities,interest_coverage,6.848122866894198,95.9349593495935
NHPC,Mar 2023,Power & Utilities,interest_coverage,13.018947368421053,100.0
NHPC,Mar 2024,Power & Utilities,interest_coverage,7.90625,98.3739837398374
NHPC,TTM,Power & Utilities,interest_coverage,6.984679665738161,96.7479674796748
NTPC,Mar 2013,Power & Utilities,interest_coverage,7.285828984343637,97.5609756097561
NTPC,Mar 2014,Power & Utilities,interest_coverage,6.045663499846767,92.6829268292683
NTPC,Mar 2015,Power & Utilities,interest_coverage,4.7293540474243665,87.8048780487805
NTPC,Mar 2016,Power & Utilities,interest_coverage,5.516339869281046,90.2439024390244
NTPC,Mar 2017,Power & Utilities,interest_coverage,5.754862776445511,91.869918699187
NTPC,Mar 2018,Power & Utilities,interest_coverage,5.056217674836969,88.6178861788618
NTPC,Mar 2019,Power & Utilities,interest_coverage,4.051739518287244,63.41463414634146
NTPC,Mar 2020,Power & Utilities,interest_coverage,3.857125412138234,57.72357723577236
NTPC,Mar 2021,Power & Utilities,interest_coverage,3.6908065915004338,56.91056910569105
NTPC,Mar 2022,Power & Utilities,interest_coverage,4.304820819112628,77.23577235772358
NTPC,Mar 2023,Power & Utilities,interest_coverage,4.157945313182493,68.29268292682927
NTPC,Mar 2024,Power & Utilities,interest_coverage,4.183074546784814,72.35772357723577
NTPC,TTM,Power & Utilities,interest_coverage,4.199759519038076,73.17073170731707
POWERGRID,Mar 2013,Power & Utilities,interest_coverage,4.169680646402463,70.32520325203252
POWERGRID,Mar 2013,Power & Utilities,interest_coverage,4.169680646402463,70.32520325203252
POWERGRID,Mar 2013,Power & Utilities,interest_coverage,4.169680646402463,70.32520325203252
POWERGRID,Mar 2013,Power & Utilities,interest_coverage,4.169680646402463,70.32520325203252
POWERGRID,Mar 2014,Power & Utilities,interest_coverage,3.984941610325753,61.382113821138205
POWERGRID,Mar 2014,Power & Utilities,interest_coverage,3.984941610325753,61.382113821138205
POWERGRID,Mar 2014,Power & Utilities,interest_coverage,3.984941610325753,61.382113821138205
POWERGRID,Mar 2014,Power & Utilities,interest_coverage,3.984941610325753,61.382113821138205
POWERGRID,Mar 2015,Power & Utilities,interest_coverage,3.6576819407008085,54.87804878048781
POWERGRID,Mar 2015,Power & Utilities,interest_coverage,3.6576819407008085,54.87804878048781
POWERGRID,Mar 2015,Power & Utilities,interest_coverage,3.6576819407008085,54.87804878048781
POWERGRID,Mar 2015,Power & Utilities,interest_coverage,3.6576819407008085,54.87804878048781
POWERGRID,Mar 2016,Power & Utilities,interest_coverage,3.5753047581596538,47.5609756097561
POWERGRID,Mar 2016,Power & Utilities,interest_coverage,3.5753047581596538,47.5609756097561
POWERGRID,Mar 2016,Power & Utilities,interest_coverage,3.5753047581596538,47.5609756097561
POWERGRID,Mar 2016,Power & Utilities,interest_coverage,3.5753047581596538,47.5609756097561
POWERGRID,Mar 2017,Power & Utilities,interest_coverage,3.618633139909736,51.6260162601626
POWERGRID,Mar 2017,Power & Utilities,interest_coverage,3.618633139909736,51.6260162601626
POWERGRID,Mar 2017,Power & Utilities,interest_coverage,3.618633139909736,51.6260162601626
POWERGRID,Mar 2017,Power & Utilities,interest_coverage,3.618633139909736,51.6260162601626
POWERGRID,Mar 2018,Power & Utilities,interest_coverage,3.5446477334789734,44.3089430894309
POWERGRID,Mar 2018,Power & Utilities,interest_coverage,3.5446477334789734,44.3089430894309
POWERGRID,Mar 2018,Power & Utilities,interest_coverage,3.5446477334789734,44.3089430894309
POWERGRID,Mar 2018,Power & Utilities,interest_coverage,3.5446477334789734,44.3089430894309
POWERGRID,Mar 2019,Power & Utilities,interest_coverage,3.0811491358589906,36.17886178861789
POWERGRID,Mar 2019,Power & Utilities,interest_coverage,3.0811491358589906,36.17886178861789
POWERGRID,Mar 2019,Power & Utilities,interest_coverage,3.0811491358589906,36.17886178861789
POWERGRID,Mar 2019,Power & Utilities,interest_coverage,3.0811491358589906,36.17886178861789
POWERGRID,Mar 2020,Power & Utilities,interest_coverage,3.458407824166579,41.05691056910569
POWERGRID,Mar 2020,Power & Utilities,interest_coverage,3.458407824166579,41.05691056910569
POWERGRID,Mar 2020,Power & Utilities,interest_coverage,3.458407824166579,41.05691056910569
POWERGRID,Mar 2020,Power & Utilities,interest_coverage,3.458407824166579,41.05691056910569
POWERGRID,Mar 2021,Power & Utilities,interest_coverage,4.290842040565458,75.20325203252033
POWERGRID,Mar 2021,Power & Utilities,interest_coverage,4.290842040565458,75.20325203252033
POWERGRID,Mar 2021,Power & Utilities,interest_coverage,4.290842040565458,75.20325203252033
POWERGRID,Mar 2021,Power & Utilities,interest_coverage,4.290842040565458,75.20325203252033
POWERGRID,Mar 2022,Power & Utilities,interest_coverage,4.458188153310105,80.89430894308943
POWERGRID,Mar 2022,Power & Utilities,interest_coverage,4.458188153310105,80.89430894308943
POWERGRID,Mar 2022,Power & Utilities,interest_coverage,4.458188153310105,80.89430894308943
POWERGRID,Mar 2022,Power & Utilities,interest_coverage,4.458188153310105,80.89430894308943
POWERGRID,Mar 2023,Power & Utilities,interest_coverage,4.107951006850737,65.4471544715447
POWERGRID,Mar 2023,Power & Utilities,interest_coverage,4.107951006850737,65.4471544715447
POWERGRID,Mar 2023,Power & Utilities,interest_coverage,4.107951006850737,65.4471544715447
POWERGRID,Mar 2023,Power & Utilities,interest_coverage,4.107951006850737,65.4471544715447
POWERGRID,Mar 2024,Power & Utilities,interest_coverage,4.539610167559558,84.14634146341463
POWERGRID,Mar 2024,Power & Utilities,interest_coverage,4.539610167559558,84.14634146341463
POWERGRID,Mar 2024,Power & Utilities,interest_coverage,4.539610167559558,84.14634146341463
POWERGRID,Mar 2024,Power & Utilities,interest_coverage,4.539610167559558,84.14634146341463
POWERGRID,TTM,Power & Utilities,interest_coverage,4.431330472103005,78.86178861788618
TATAPOWER,Mar 2013,Power & Utilities,interest_coverage,2.1177138531415594,25.203252032520325
TATAPOWER,Mar 2014,Power & Utilities,interest_coverage,2.01046511627907,24.390243902439025
TATAPOWER,Mar 2015,Power & Utilities,interest_coverage,1.703433360367667,18.69918699186992
TATAPOWER,Mar 2016,Power & Utilities,interest_coverage,0.6504944375772559,2.4390243902439024
TATAPOWER,Mar 2017,Power & Utilities,interest_coverage,1.626448736998514,16.260162601626014
TATAPOWER,Mar 2018,Power & Utilities,interest_coverage,0.6102100505184791,1.6260162601626018
TATAPOWER,Mar 2019,Power & Utilities,interest_coverage,0.7362110311750599,3.2520325203252036
TATAPOWER,Mar 2020,Power & Utilities,interest_coverage,1.5142412105028928,13.821138211382115
TATAPOWER,Mar 2021,Power & Utilities,interest_coverage,1.7259351620947632,20.32520325203252
TATAPOWER,Mar 2022,Power & Utilities,interest_coverage,1.8219746048199015,21.951219512195124
TATAPOWER,Mar 2023,Power & Utilities,interest_coverage,1.767612076852699,21.138211382113823
TATAPOWER,Mar 2024,Power & Utilities,interest_coverage,2.317073170731707,26.01626016260163
TATAPOWER,TTM,Power & Utilities,interest_coverage,2.430644097603869,28.455284552845526
ADANIGREEN,Mar 2017,Power & Utilities,asset_turnover,0.08149350649350649,0.8620689655172413
ADANIGREEN,Mar 2018,Power & Utilities,asset_turnover,0.09421350818002419,2.586206896551724
ADANIGREEN,Mar 2019,Power & Utilities,asset_turnover,0.14040114613180515,37.06896551724138
ADANIGREEN,Mar 2020,Power & Utilities,asset_turnover,0.13835214937038645,36.206896551724135
ADANIGREEN,Mar 2021,Power & Utilities,asset_turnover,0.10888052418792694,6.0344827586206895
ADANIGREEN,Mar 2022,Power & Utilities,asset_turnover,0.08706788343454218,1.7241379310344827
ADANIGREEN,Mar 2023,Power & Utilities,asset_turnover,0.11621754920862665,20.689655172413794
ADANIGREEN,Mar 2024,Power & Utilities,asset_turnover,0.10467043571055559,5.172413793103448
ADANIGREEN,TTM,Power & Utilities,asset_turnover,,
ADANIPOWER,Mar 2013,Power & Utilities,asset_turnover,0.12236688121708601,23.275862068965516
ADANIPOWER,Mar 2014,Power & Utilities,asset_turnover,0.2609509865676978,62.06896551724138
ADANIPOWER,Mar 2015,Power & Utilities,asset_turnover,0.3195095256011219,72.41379310344827
ADANIPOWER,Mar 2016,Power & Utilities,asset_turnover,0.33481542074570547,80.17241379310344
ADANIPOWER,Mar 2017,Power & Utilities,asset_turnover,0.31625903707121983,70.6896551724138
ADANIPOWER,Mar 2018,Power & Utilities,asset_turnover,0.29202623403520883,68.10344827586206
ADANIPOWER,Mar 2019,Power & Utilities,asset_turnover,0.3513127895859381,82.75862068965517
ADANIPOWER,Mar 2020,Power & Utilities,asset_turnover,0.3527890703098967,84.48275862068965
ADANIPOWER,Mar 2021,Power & Utilities,asset_turnover,0.3327284724513362,78.44827586206897
ADANIPOWER,Mar 2022,Power & Utilities,asset_turnover,0.33801734548248985,81.03448275862068
ADANIPOWER,Mar 2023,Power & Utilities,asset_turnover,0.4517891891262045,96.55172413793103
ADANIPOWER,Mar 2024,Power & Utilities,asset_turnover,0.5472399439185297,100.0
ADANIPOWER,TTM,Power & Utilities,asset_turnover,,
JSWENERGY,Mar 2013,Power & Utilities,asset_turnover,0.43527333398763374,93.10344827586206
JSWENERGY,Mar 2014,Power & Utilities,asset_turnover,0.4493868218665558,95.6896551724138
JSWENERGY,Mar 2015,Power & Utilities,asset_turnover,0.48130792996910404,97.41379310344827
JSWENERGY,Mar 2016,Power & Utilities,asset_turnover,0.3442307018465959,81.89655172413794
JSWENERGY,Mar 2017,Power & Utilities,asset_turnover,0.2910634400648138,67.24137931034483
JSWENERGY,Mar 2018,Power & Utilities,asset_turnover,0.30122375659593575,68.96551724137932
JSWENERGY,Mar 2019,Power & Utilities,asset_turnover,0.3524647072436936,83.62068965517241
JSWENERGY,Mar 2020,Power & Utilities,asset_turnover,0.3318358669929004,77.58620689655173
JSWENERGY,Mar 2021,Power & Utilities,asset_turnover,0.2641279047582707,62.93103448275862
JSWENERGY,Mar 2022,Power & Utilities,asset_turnover,0.2676476371501606,63.793103448275865
JSWENERGY,Mar 2023,Power & Utilities,asset_turnover,0.2133961211971002,61.206896551724135
JSWENERGY,Mar 2024,Power & Utilities,asset_turnover,0.19883324389357246,60.3448275862069
JSWENERGY,TTM,Power & Utilities,asset_turnover,,
NHPC,Mar 2013,Power & Utilities,asset_turnover,0.10232356761437437,3.4482758620689653
NHPC,Mar 2014,Power & Utilities,asset_turnover,0.1202891236752568,22.413793103448278
NHPC,Mar 2015,Power & Utilities,asset_turnover,0.13381405039390584,34.48275862068966
NHPC,Mar 2016,Power & Utilities,asset_turnover,0.13297677602152078,33.62068965517241
NHPC,Mar 2017,Power & Utilities,asset_turnover,0.14327014139265953,42.241379310344826
NHPC,Mar 2018,Power & Utilities,asset_turnover,0.12322628827483197,25.0
NHPC,Mar 2019,Power & Utilities,asset_turnover,0.13460904486468667,35.3448275862069
NHPC,Mar 2020,Power & Utilities,asset_turnover,0.1404099499137169,37.93103448275862
NHPC,Mar 2021,Power & Utilities,asset_turnover,0.13191861737037847,29.310344827586203
NHPC,Mar 2022,Power & Utilities,asset_turnover,0.11831073387848048,21.551724137931032
NHPC,Mar 2023,Power & Utilities,asset_turnover,0.12303534351764855,24.137931034482758
NHPC,Mar 2024,Power & Utilities,asset_turnover,0.10324018993108032,4.310344827586207
NHPC,TTM,Power & Utilities,asset_turnover,,
NTPC,Mar 2013,Power & Utilities,asset_turnover,0.4000425112990558,90.51724137931035
NTPC,Mar 2014,Power & Utilities,asset_turnover,0.3914190627529757,88.79310344827587
NTPC,Mar 2015,Power & Utilities,asset_turnover,0.3639173099330032,86.20689655172413
NTPC,Mar 2016,Power & Utilities,asset_turnover,0.32669085082233545,74.13793103448276
NTPC,Mar 2017,Power & Utilities,asset_turnover,0.33001476261157436,75.86206896551724
NTPC,Mar 2018,Power & Utilities,asset_turnover,0.3118070600229387,69.82758620689656
NTPC,Mar 2019,Power & Utilities,asset_turnover,0.2890756738526993,65.51724137931035
NTPC,Mar 2020,Power & Utilities,asset_turnover,0.28991786931660174,66.37931034482759
NTPC,Mar 2021,Power & Utilities,asset_turnover,0.2802131540467612,64.65517241379311
NTPC,Mar 2022,Power & Utilities,asset_turnover,0.3190454776098944,71.55172413793103
NTPC,Mar 2023,Power & Utilities,asset_turnover,0.39403250079943825,89.65517241379311
NTPC,Mar 2024,Power & Utilities,asset_turnover,0.37243729109201756,87.06896551724138
NTPC,TTM,Power & Utilities,asset_turnover,,
POWERGRID,Mar 2013,Power & Utilities,asset_turnover,0.11536901150074085,18.53448275862069
POWERGRID,Mar 2013,Power & Utilities,asset_turnover,0.11536901150074085,18.53448275862069
POWERGRID,Mar 2013,Power & Utilities,asset_turnover,0.11536901150074085,18.53448275862069
POWERGRID,Mar 2013,Power & Utilities,asset_turnover,0.11536901150074085,18.53448275862069
POWERGRID,Mar 2014,Power & Utilities,asset_turnover,0.1099448685326548,11.637931034482758
POWERGRID,Mar 2014,Power & Utilities,asset_turnover,0.1099448685326548,11.637931034482758
POWERGRID,Mar 2014,Power & Utilities,asset_turnover,0.1099448685326548,11.637931034482758
POWERGRID,Mar 2014,Power & Utilities,asset_turnover,0.1099448685326548,11.637931034482758
POWERGRID,Mar 2015,Power & Utilities,asset_turnover,0.10909045676186685,8.189655172413794
POWERGRID,Mar 2015,Power & Utilities,asset_turnover,0.10909045676186685,8.189655172413794
POWERGRID,Mar 2015,Power & Utilities,asset_turnover,0.10909045676186685,8.189655172413794
POWERGRID,Mar 2015,Power & Utilities,asset_turnover,0.10909045676186685,8.189655172413794
POWERGRID,Mar 2016,Power & Utilities,asset_turnover,0.11517355224413313,15.086206896551724
POWERGRID,Mar 2016,Power & Utilities,asset_turnover,0.11517355224413313,15.086206896551724
POWERGRID,Mar 2016,Power & Utilities,asset_turnover,0.11517355224413313,15.086206896551724
POWERGRID,Mar 2016,Power & Utilities,asset_turnover,0.11517355224413313,15.086206896551724
POWERGRID,Mar 2017,Power & Utilities,asset_turnover,0.13133362635565413,27.155172413793103
POWERGRID,Mar 2017,Power & Utilities,asset_turnover,0.13133362635565413,27.155172413793103
POWERGRID,Mar 2017,Power & Utilities,asset_turnover,0.13133362635565413,27.155172413793103
POWERGRID,Mar 2017,Power & Utilities,asset_turnover,0.13133362635565413,27.155172413793103
POWERGRID,Mar 2018,Power & Utilities,asset_turnover,0.13291976179699494,31.46551724137931
POWERGRID,Mar 2018,Power & Utilities,asset_turnover,0.13291976179699494,31.46551724137931
POWERGRID,Mar 2018,Power & Utilities,asset_turnover,0.13291976179699494,31.46551724137931
POWERGRID,Mar 2018,Power & Utilities,asset_turnover,0.13291976179699494,31.46551724137931
POWERGRID,Mar 2019,Power & Utilities,asset_turnover,0.14172123858032176,40.08620689655172
POWERGRID,Mar 2019,Power & Utilities,asset_turnover,0.14172123858032176,40.08620689655172
POWERGRID,Mar 2019,Power & Utilities,asset_turnover,0.14172123858032176,40.08620689655172
POWERGRID,Mar 2019,Power & Utilities,asset_turnover,0.14172123858032176,40.08620689655172
POWERGRID,Mar 2020,Power & Utilities,asset_turnover,0.14705206275738203,44.396551724137936
POWERGRID,Mar 2020,Power & Utilities,asset_turnover,0.14705206275738203,44.396551724137936
POWERGRID,Mar 2020,Power & Utilities,asset_turnover,0.14705206275738203,44.396551724137936
POWERGRID,Mar 2020,Power & Utilities,asset_turnover,0.14705206275738203,44.396551724137936
POWERGRID,Mar 2021,Power & Utilities,asset_turnover,0.15502057033804184,47.8448275862069
POWERGRID,Mar 2021,Power & Utilities,asset_turnover,0.15502057033804184,47.8448275862069
POWERGRID,Mar 2021,Power & Utilities,asset_turnover,0.15502057033804184,47.8448275862069
POWERGRID,Mar 2021,Power & Utilities,asset_turnover,0.15502057033804184,47.8448275862069
POWERGRID,Mar 2022,Power & Utilities,asset_turnover,0.16585774058577407,51.293103448275865
POWERGRID,Mar 2022,Power & Utilities,asset_turnover,0.16585774058577407,51.293103448275865
POWERGRID,Mar 2022,Power & Utilities,asset_turnover,0.16585774058577407,51.293103448275865
POWERGRID,Mar 2022,Power & Utilities,asset_turnover,0.16585774058577407,51.293103448275865
POWERGRID,Mar 2023,Power & Utilities,asset_turnover,0.1808028545941124,54.741379310344826
POWERGRID,Mar 2023,Power & Utilities,asset_turnover,0.1808028545941124,54.741379310344826
POWERGRID,Mar 2023,Power & Utilities,asset_turnover,0.1808028545941124,54.741379310344826
POWERGRID,Mar 2023,Power & Utilities,asset_turnover,0.1808028545941124,54.741379310344826
POWERGRID,Mar 2024,Power & Utilities,asset_turnover,0.18276594811604718,58.189655172413794
POWERGRID,Mar 2024,Power & Utilities,asset_turnover,0.18276594811604718,58.189655172413794
POWERGRID,Mar 2024,Power & Utilities,asset_turnover,0.18276594811604718,58.189655172413794
POWERGRID,Mar 2024,Power & Utilities,asset_turnover,0.18276594811604718,58.189655172413794
POWERGRID,TTM,Power & Utilities,asset_turnover,,
TATAPOWER,Mar 2013,Power & Utilities,asset_turnover,0.49328694410990676,98.27586206896551
TATAPOWER,Mar 2014,Power & Utilities,asset_turnover,0.5004833083507277,99.13793103448276
TATAPOWER,Mar 2015,Power & Utilities,asset_turnover,0.4468045487796768,94.82758620689656
TATAPOWER,Mar 2016,Power & Utilities,asset_turnover,0.42100004282227327,91.37931034482759
TATAPOWER,Mar 2017,Power & Utilities,asset_turnover,0.33307175023240654,79.3103448275862
TATAPOWER,Mar 2018,Power & Utilities,asset_turnover,0.32774874224588485,75.0
TATAPOWER,Mar 2019,Power & Utilities,asset_turnover,0.3554173159040358,85.34482758620689
TATAPOWER,Mar 2020,Power & Utilities,asset_turnover,0.3249102303900796,73.27586206896551
TATAPOWER,Mar 2021,Power & Utilities,asset_turnover,0.3314885206020982,76.72413793103449
TATAPOWER,Mar 2022,Power & Utilities,asset_turnover,0.38041759218125276,87.93103448275862
TATAPOWER,Mar 2023,Power & Utilities,asset_turnover,0.43021640019985014,92.24137931034483
TATAPOWER,Mar 2024,Power & Utilities,asset_turnover,0.4419074604110633,93.96551724137932
TATAPOWER,TTM,Power & Utilities,asset_turnover,,
ADANIGREEN,Mar 2017,Power & Utilities,free_cash_flow,-1483.0,30.17241379310345
ADANIGREEN,Mar 2018,Power & Utilities,free_cash_flow,-3779.0,20.689655172413794
ADANIGREEN,Mar 2019,Power & Utilities,free_cash_flow,-1041.0,33.62068965517241
ADANIGREEN,Mar 2020,Power & Utilities,free_cash_flow,-1778.0,29.310344827586203
ADANIGREEN,Mar 2021,Power & Utilities,free_cash_flow,-7536.0,12.931034482758621
ADANIGREEN,Mar 2022,Power & Utilities,free_cash_flow,-15603.0,0.8620689655172413
ADANIGREEN,Mar 2023,Power & Utilities,free_cash_flow,3408.0,59.48275862068966
ADANIGREEN,Mar 2024,Power & Utilities,free_cash_flow,-13347.0,1.7241379310344827
ADANIGREEN,TTM,Power & Utilities,free_cash_flow,,
ADANIPOWER,Mar 2013,Power & Utilities,free_cash_flow,-1063.0,32.758620689655174
ADANIPOWER,Mar 2014,Power & Utilities,free_cash_flow,-1462.0,31.03448275862069
ADANIPOWER,Mar 2015,Power & Utilities,free_cash_flow,1087.0,44.827586206896555
ADANIPOWER,Mar 2016,Power & Utilities,free_cash_flow,2565.0,51.724137931034484
ADANIPOWER,Mar 2017,Power & Utilities,free_cash_flow,3513.0,61.206896551724135
ADANIPOWER,Mar 2018,Power & Utilities,free_cash_flow,4581.0,68.96551724137932
ADANIPOWER,Mar 2019,Power & Utilities,free_cash_flow,4626.0,69.82758620689656
ADANIPOWER,Mar 2020,Power & Utilities,free_cash_flow,3294.0,58.620689655172406
ADANIPOWER,Mar 2021,Power & Utilities,free_cash_flow,4826.0,70.6896551724138
ADANIPOWER,Mar 2022,Power & Utilities,free_cash_flow,9459.0,79.3103448275862
ADANIPOWER,Mar 2023,Power & Utilities,free_cash_flow,6886.0,76.72413793103449
ADANIPOWER,Mar 2024,Power & Utilities,free_cash_flow,10689.0,80.17241379310344
ADANIPOWER,TTM,Power & Utilities,free_cash_flow,,
JSWENERGY,Mar 2013,Power & Utilities,free_cash_flow,781.0,42.241379310344826
JSWENERGY,Mar 2014,Power & Utilities,free_cash_flow,1906.0,49.137931034482754
JSWENERGY,Mar 2015,Power & Utilities,free_cash_flow,2972.0,56.03448275862068
JSWENERGY,Mar 2016,Power & Utilities,free_cash_flow,266.0,39.6551724137931
JSWENERGY,Mar 2017,Power & Utilities,free_cash_flow,3091.0,56.896551724137936
JSWENERGY,Mar 2018,Power & Utilities,free_cash_flow,3719.0,62.93103448275862
JSWENERGY,Mar 2019,Power & Utilities,free_cash_flow,2436.0,50.86206896551724
JSWENERGY,Mar 2020,Power & Utilities,free_cash_flow,1781.0,48.275862068965516
JSWENERGY,Mar 2021,Power & Utilities,free_cash_flow,2670.0,53.44827586206896
JSWENERGY,Mar 2022,Power & Utilities,free_cash_flow,1565.0,47.41379310344828
JSWENERGY,Mar 2023,Power & Utilities,free_cash_flow,-4694.0,18.96551724137931
JSWENERGY,Mar 2024,Power & Utilities,free_cash_flow,-1963.0,28.448275862068968
JSWENERGY,TTM,Power & Utilities,free_cash_flow,,
NHPC,Mar 2013,Power & Utilities,free_cash_flow,1516.0,46.55172413793103
NHPC,Mar 2014,Power & Utilities,free_cash_flow,2702.0,54.310344827586206
NHPC,Mar 2015,Power & Utilities,free_cash_flow,3293.0,57.758620689655174
NHPC,Mar 2016,Power & Utilities,free_cash_flow,5225.0,73.27586206896551
NHPC,Mar 2017,Power & Utilities,free_cash_flow,6465.0,75.0
NHPC,Mar 2018,Power & Utilities,free_cash_flow,3810.0,63.793103448275865
NHPC,Mar 2019,Power & Utilities,free_cash_flow,2642.0,52.58620689655172
NHPC,Mar 2020,Power & Utilities,free_cash_flow,6.0,38.793103448275865
NHPC,Mar 2021,Power & Utilities,free_cash_flow,3463.0,60.3448275862069
NHPC,Mar 2022,Power & Utilities,free_cash_flow,1506.0,45.689655172413794
NHPC,Mar 2023,Power & Utilities,free_cash_flow,514.0,41.37931034482759
NHPC,Mar 2024,Power & Utilities,free_cash_flow,970.0,43.103448275862064
NHPC,TTM,Power & Utilities,free_cash_flow,,
NTPC,Mar 2013,Power & Utilities,free_cash_flow,-337.0,37.06896551724138
NTPC,Mar 2014,Power & Utilities,free_cash_flow,1022.0,43.96551724137931
NTPC,Mar 2015,Power & Utilities,free_cash_flow,-1088.0,31.896551724137932
NTPC,Mar 2016,Power & Utilities,free_cash_flow,4963.0,72.41379310344827
NTPC,Mar 2017,Power & Utilities,free_cash_flow,-4313.0,19.82758620689655
NTPC,Mar 2018,Power & Utilities,free_cash_flow,-1008.0,34.48275862068966
NTPC,Mar 2019,Power & Utilities,free_cash_flow,-5377.0,18.103448275862068
NTPC,Mar 2020,Power & Utilities,free_cash_flow,-5738.0,17.24137931034483
NTPC,Mar 2021,Power & Utilities,free_cash_flow,11410.0,81.03448275862068
NTPC,Mar 2022,Power & Utilities,free_cash_flow,18897.0,81.89655172413794
NTPC,Mar 2023,Power & Utilities,free_cash_flow,21007.0,89.65517241379311
NTPC,Mar 2024,Power & Utilities,free_cash_flow,8644.0,78.44827586206897
NTPC,TTM,Power & Utilities,free_cash_flow,,
POWERGRID,Mar 2013,Power & Utilities,free_cash_flow,-10394.0,7.327586206896551
POWERGRID,Mar 2013,Power & Utilities,free_cash_flow,-10394.0,7.327586206896551
POWERGRID,Mar 2013,Power & Utilities,free_cash_flow,-10394.0,7.327586206896551
POWERGRID,Mar 2013,Power & Utilities,free_cash_flow,-10394.0,7.327586206896551
POWERGRID,Mar 2014,Power & Utilities,free_cash_flow,-11416.0,3.8793103448275863
POWERGRID,Mar 2014,Power & Utilities,free_cash_flow,-11416.0,3.8793103448275863
POWERGRID,Mar 2014,Power & Utilities,free_cash_flow,-11416.0,3.8793103448275863
POWERGRID,Mar 2014,Power & Utilities,free_cash_flow,-11416.0,3.8793103448275863
POWERGRID,Mar 2015,Power & Utilities,free_cash_flow,-8385.0,10.775862068965516
POWERGRID,Mar 2015,Power & Utilities,free_cash_flow,-8385.0,10.775862068965516
POWERGRID,Mar 2015,Power & Utilities,free_cash_flow,-8385.0,10.775862068965516
POWERGRID,Mar 2015,Power & Utilities,free_cash_flow,-8385.0,10.775862068965516
POWERGRID,Mar 2016,Power & Utilities,free_cash_flow,-6568.0,15.086206896551724
POWERGRID,Mar 2016,Power & Utilities,free_cash_flow,-6568.0,15.086206896551724
POWERGRID,Mar 2016,Power & Utilities,free_cash_flow,-6568.0,15.086206896551724
POWERGRID,Mar 2016,Power & Utilities,free_cash_flow,-6568.0,15.086206896551724
POWERGRID,Mar 2017,Power & Utilities,free_cash_flow,-2261.0,26.29310344827586
POWERGRID,Mar 2017,Power & Utilities,free_cash_flow,-2261.0,26.29310344827586
POWERGRID,Mar 2017,Power & Utilities,free_cash_flow,-2261.0,26.29310344827586
POWERGRID,Mar 2017,Power & Utilities,free_cash_flow,-2261.0,26.29310344827586
POWERGRID,Mar 2018,Power & Utilities,free_cash_flow,-2991.0,22.844827586206897
POWERGRID,Mar 2018,Power & Utilities,free_cash_flow,-2991.0,22.844827586206897
POWERGRID,Mar 2018,Power & Utilities,free_cash_flow,-2991.0,22.844827586206897
POWERGRID,Mar 2018,Power & Utilities,free_cash_flow,-2991.0,22.844827586206897
POWERGRID,Mar 2019,Power & Utilities,free_cash_flow,4544.0,66.8103448275862
POWERGRID,Mar 2019,Power & Utilities,free_cash_flow,4544.0,66.8103448275862
POWERGRID,Mar 2019,Power & Utilities,free_cash_flow,4544.0,66.8103448275862
POWERGRID,Mar 2019,Power & Utilities,free_cash_flow,4544.0,66.8103448275862
POWERGRID,Mar 2020,Power & Utilities,free_cash_flow,20006.0,84.05172413793103
POWERGRID,Mar 2020,Power & Utilities,free_cash_flow,20006.0,84.05172413793103
POWERGRID,Mar 2020,Power & Utilities,free_cash_flow,20006.0,84.05172413793103
POWERGRID,Mar 2020,Power & Utilities,free_cash_flow,20006.0,84.05172413793103
POWERGRID,Mar 2021,Power & Utilities,free_cash_flow,20159.0,87.5
POWERGRID,Mar 2021,Power & Utilities,free_cash_flow,20159.0,87.5
POWERGRID,Mar 2021,Power & Utilities,free_cash_flow,20159.0,87.5
POWERGRID,Mar 2021,Power & Utilities,free_cash_flow,20159.0,87.5
POWERGRID,Mar 2022,Power & Utilities,free_cash_flow,25371.0,95.25862068965517
POWERGRID,Mar 2022,Power & Utilities,free_cash_flow,25371.0,95.25862068965517
POWERGRID,Mar 2022,Power & Utilities,free_cash_flow,25371.0,95.25862068965517
POWERGRID,Mar 2022,Power & Utilities,free_cash_flow,25371.0,95.25862068965517
POWERGRID,Mar 2023,Power & Utilities,free_cash_flow,33065.0,98.70689655172413
POWERGRID,Mar 2023,Power & Utilities,free_cash_flow,33065.0,98.70689655172413
POWERGRID,Mar 2023,Power & Utilities,free_cash_flow,33065.0,98.70689655172413
POWERGRID,Mar 2023,Power & Utilities,free_cash_flow,33065.0,98.70689655172413
POWERGRID,Mar 2024,Power & Utilities,free_cash_flow,24176.0,91.8103448275862
POWERGRID,Mar 2024,Power & Utilities,free_cash_flow,24176.0,91.8103448275862
POWERGRID,Mar 2024,Power & Utilities,free_cash_flow,24176.0,91.8103448275862
POWERGRID,Mar 2024,Power & Utilities,free_cash_flow,24176.0,91.8103448275862
POWERGRID,TTM,Power & Utilities,free_cash_flow,,
TATAPOWER,Mar 2013,Power & Utilities,free_cash_flow,-740.0,35.3448275862069
TATAPOWER,Mar 2014,Power & Utilities,free_cash_flow,2874.0,55.172413793103445
TATAPOWER,Mar 2015,Power & Utilities,free_cash_flow,2116.0,50.0
TATAPOWER,Mar 2016,Power & Utilities,free_cash_flow,5610.0,74.13793103448276
TATAPOWER,Mar 2017,Power & Utilities,free_cash_flow,-359.0,36.206896551724135
TATAPOWER,Mar 2018,Power & Utilities,free_cash_flow,4852.0,71.55172413793103
TATAPOWER,Mar 2019,Power & Utilities,free_cash_flow,4302.0,64.65517241379311
TATAPOWER,Mar 2020,Power & Utilities,free_cash_flow,6882.0,75.86206896551724
TATAPOWER,Mar 2021,Power & Utilities,free_cash_flow,7352.0,77.58620689655173
TATAPOWER,Mar 2022,Power & Utilities,free_cash_flow,443.0,40.51724137931034
TATAPOWER,Mar 2023,Power & Utilities,free_cash_flow,-97.0,37.93103448275862
TATAPOWER,Mar 2024,Power & Utilities,free_cash_flow,3569.0,62.06896551724138
TATAPOWER,TTM,Power & Utilities,free_cash_flow,,
ADANIGREEN,Mar 2017,Power & Utilities,cfo_quality_score,-0.5957446808510638,9.482758620689655
ADANIGREEN,Mar 2018,Power & Utilities,cfo_quality_score,-4.702898550724638,4.310344827586207
ADANIGREEN,Mar 2019,Power & Utilities,cfo_quality_score,-3.4210526315789473,5.172413793103448
ADANIGREEN,Mar 2020,Power & Utilities,cfo_quality_score,-28.897058823529413,0.8620689655172413
ADANIGREEN,Mar 2021,Power & Utilities,cfo_quality_score,8.796703296703297,94.82758620689656
ADANIGREEN,Mar 2022,Power & Utilities,cfo_quality_score,6.394683026584867,93.10344827586206
ADANIGREEN,Mar 2023,Power & Utilities,cfo_quality_score,7.466598150051388,93.96551724137932
ADANIGREEN,Mar 2024,Power & Utilities,cfo_quality_score,6.121428571428571,90.51724137931035
ADANIGREEN,TTM,Power & Utilities,cfo_quality_score,,
ADANIPOWER,Mar 2013,Power & Utilities,cfo_quality_score,-1.3076252723311548,7.758620689655173
ADANIPOWER,Mar 2014,Power & Utilities,cfo_quality_score,-11.127147766323024,1.7241379310344827
ADANIPOWER,Mar 2015,Power & Utilities,cfo_quality_score,-7.137254901960785,2.586206896551724
ADANIPOWER,Mar 2016,Power & Utilities,cfo_quality_score,9.540834845735027,96.55172413793103
ADANIPOWER,Mar 2017,Power & Utilities,cfo_quality_score,-0.7653061224489796,8.620689655172415
ADANIPOWER,Mar 2018,Power & Utilities,cfo_quality_score,-2.425582501188778,6.896551724137931
ADANIPOWER,Mar 2019,Power & Utilities,cfo_quality_score,-5.701219512195122,3.4482758620689653
ADANIPOWER,Mar 2020,Power & Utilities,cfo_quality_score,-2.4606593406593404,6.0344827586206895
ADANIPOWER,Mar 2021,Power & Utilities,cfo_quality_score,5.522834645669291,87.93103448275862
ADANIPOWER,Mar 2022,Power & Utilities,cfo_quality_score,2.0832654723127035,35.3448275862069
ADANIPOWER,Mar 2023,Power & Utilities,cfo_quality_score,0.7859606600167801,11.206896551724139
ADANIPOWER,Mar 2024,Power & Utilities,cfo_quality_score,0.6803015027125642,10.344827586206897
ADANIPOWER,TTM,Power & Utilities,cfo_quality_score,,
JSWENERGY,Mar 2013,Power & Utilities,cfo_quality_score,1.9145394006659266,32.758620689655174
JSWENERGY,Mar 2014,Power & Utilities,cfo_quality_score,2.985526315789474,76.72413793103449
JSWENERGY,Mar 2015,Power & Utilities,cfo_quality_score,2.499263622974963,52.58620689655172
JSWENERGY,Mar 2016,Power & Utilities,cfo_quality_score,2.4232876712328766,46.55172413793103
JSWENERGY,Mar 2017,Power & Utilities,cfo_quality_score,6.184590690208668,91.37931034482759
JSWENERGY,Mar 2018,Power & Utilities,cfo_quality_score,46.28235294117647,99.13793103448276
JSWENERGY,Mar 2019,Power & Utilities,cfo_quality_score,3.641812865497076,86.20689655172413
JSWENERGY,Mar 2020,Power & Utilities,cfo_quality_score,1.9259944495837187,33.62068965517241
JSWENERGY,Mar 2021,Power & Utilities,cfo_quality_score,4.495747266099635,87.06896551724138
JSWENERGY,Mar 2022,Power & Utilities,cfo_quality_score,1.693631669535284,26.72413793103448
JSWENERGY,Mar 2023,Power & Utilities,cfo_quality_score,1.4081081081081082,18.103448275862068
JSWENERGY,Mar 2024,Power & Utilities,cfo_quality_score,3.6139130434782607,85.34482758620689
JSWENERGY,TTM,Power & Utilities,cfo_quality_score,,
NHPC,Mar 2013,Power & Utilities,cfo_quality_score,0.9906021580229725,12.931034482758621
NHPC,Mar 2014,Power & Utilities,cfo_quality_score,2.3417023882424983,41.37931034482759
NHPC,Mar 2015,Power & Utilities,cfo_quality_score,1.4513938527519656,20.689655172413794
NHPC,Mar 2016,Power & Utilities,cfo_quality_score,2.5247357293868924,56.896551724137936
NHPC,Mar 2017,Power & Utilities,cfo_quality_score,2.393390804597701,42.241379310344826
NHPC,Mar 2018,Power & Utilities,cfo_quality_score,1.6861759425493716,25.862068965517242
NHPC,Mar 2019,Power & Utilities,cfo_quality_score,1.3483779971791254,17.24137931034483
NHPC,Mar 2020,Power & Utilities,cfo_quality_score,0.8947683109118086,12.068965517241379
NHPC,Mar 2021,Power & Utilities,cfo_quality_score,1.4083333333333334,18.96551724137931
NHPC,Mar 2022,Power & Utilities,cfo_quality_score,1.2162162162162162,14.655172413793101
NHPC,Mar 2023,Power & Utilities,cfo_quality_score,1.1042008918094344,13.793103448275861
NHPC,Mar 2024,Power & Utilities,cfo_quality_score,1.7224428997020853,27.586206896551722
NHPC,TTM,Power & Utilities,cfo_quality_score,,
NTPC,Mar 2013,Power & Utilities,cfo_quality_score,1.3116160813602415,15.517241379310345
NTPC,Mar 2014,Power & Utilities,cfo_quality_score,1.4497062176620188,19.82758620689655
NTPC,Mar 2015,Power & Utilities,cfo_quality_score,1.4900920736589272,21.551724137931032
NTPC,Mar 2016,Power & Utilities,cfo_quality_score,2.237733048882293,37.06896551724138
NTPC,Mar 2017,Power & Utilities,cfo_quality_score,1.8823035280940825,31.03448275862069
NTPC,Mar 2018,Power & Utilities,cfo_quality_score,1.8729765758903065,29.310344827586203
NTPC,Mar 2019,Power & Utilities,cfo_quality_score,1.331480689753456,16.379310344827587
NTPC,Mar 2020,Power & Utilities,cfo_quality_score,2.007225676356915,34.48275862068966
NTPC,Mar 2021,Power & Utilities,cfo_quality_score,2.1674126528158193,36.206896551724135
NTPC,Mar 2022,Power & Utilities,cfo_quality_score,2.463915094339623,51.724137931034484
NTPC,Mar 2023,Power & Utilities,cfo_quality_score,2.7540447403773145,64.65517241379311
NTPC,Mar 2024,Power & Utilities,cfo_quality_score,1.9119163697731107,31.896551724137932
NTPC,TTM,Power & Utilities,cfo_quality_score,,
POWERGRID,Mar 2013,Power & Utilities,cfo_quality_score,2.7104103872014838,62.5
POWERGRID,Mar 2013,Power & Utilities,cfo_quality_score,2.7104103872014838,62.5
POWERGRID,Mar 2013,Power & Utilities,cfo_quality_score,2.7104103872014838,62.5
POWERGRID,Mar 2013,Power & Utilities,cfo_quality_score,2.7104103872014838,62.5
POWERGRID,Mar 2014,Power & Utilities,cfo_quality_score,3.3471855760773965,83.1896551724138
POWERGRID,Mar 2014,Power & Utilities,cfo_quality_score,3.3471855760773965,83.1896551724138
POWERGRID,Mar 2014,Power & Utilities,cfo_quality_score,3.3471855760773965,83.1896551724138
POWERGRID,Mar 2014,Power & Utilities,cfo_quality_score,3.3471855760773965,83.1896551724138
POWERGRID,Mar 2015,Power & Utilities,cfo_quality_score,3.1311930241775663,79.74137931034483
POWERGRID,Mar 2015,Power & Utilities,cfo_quality_score,3.1311930241775663,79.74137931034483
POWERGRID,Mar 2015,Power & Utilities,cfo_quality_score,3.1311930241775663,79.74137931034483
POWERGRID,Mar 2015,Power & Utilities,cfo_quality_score,3.1311930241775663,79.74137931034483
POWERGRID,Mar 2016,Power & Utilities,cfo_quality_score,2.518543379761705,54.741379310344826
POWERGRID,Mar 2016,Power & Utilities,cfo_quality_score,2.518543379761705,54.741379310344826
POWERGRID,Mar 2016,Power & Utilities,cfo_quality_score,2.518543379761705,54.741379310344826
POWERGRID,Mar 2016,Power & Utilities,cfo_quality_score,2.518543379761705,54.741379310344826
POWERGRID,Mar 2017,Power & Utilities,cfo_quality_score,2.895584485303986,73.70689655172413
POWERGRID,Mar 2017,Power & Utilities,cfo_quality_score,2.895584485303986,73.70689655172413
POWERGRID,Mar 2017,Power & Utilities,cfo_quality_score,2.895584485303986,73.70689655172413
POWERGRID,Mar 2017,Power & Utilities,cfo_quality_score,2.895584485303986,73.70689655172413
POWERGRID,Mar 2018,Power & Utilities,cfo_quality_score,2.7681618722574353,66.8103448275862
POWERGRID,Mar 2018,Power & Utilities,cfo_quality_score,2.7681618722574353,66.8103448275862
POWERGRID,Mar 2018,Power & Utilities,cfo_quality_score,2.7681618722574353,66.8103448275862
POWERGRID,Mar 2018,Power & Utilities,cfo_quality_score,2.7681618722574353,66.8103448275862
POWERGRID,Mar 2019,Power & Utilities,cfo_quality_score,2.3192146701215868,39.224137931034484
POWERGRID,Mar 2019,Power & Utilities,cfo_quality_score,2.3192146701215868,39.224137931034484
POWERGRID,Mar 2019,Power & Utilities,cfo_quality_score,2.3192146701215868,39.224137931034484
POWERGRID,Mar 2019,Power & Utilities,cfo_quality_score,2.3192146701215868,39.224137931034484
POWERGRID,Mar 2020,Power & Utilities,cfo_quality_score,2.7795460710733337,70.25862068965517
POWERGRID,Mar 2020,Power & Utilities,cfo_quality_score,2.7795460710733337,70.25862068965517
POWERGRID,Mar 2020,Power & Utilities,cfo_quality_score,2.7795460710733337,70.25862068965517
POWERGRID,Mar 2020,Power & Utilities,cfo_quality_score,2.7795460710733337,70.25862068965517
POWERGRID,Mar 2021,Power & Utilities,cfo_quality_score,2.442921236291127,49.56896551724138
POWERGRID,Mar 2021,Power & Utilities,cfo_quality_score,2.442921236291127,49.56896551724138
POWERGRID,Mar 2021,Power & Utilities,cfo_quality_score,2.442921236291127,49.56896551724138
POWERGRID,Mar 2021,Power & Utilities,cfo_quality_score,2.442921236291127,49.56896551724138
POWERGRID,Mar 2022,Power & Utilities,cfo_quality_score,1.5527817403708988,23.70689655172414
POWERGRID,Mar 2022,Power & Utilities,cfo_quality_score,1.5527817403708988,23.70689655172414
POWERGRID,Mar 2022,Power & Utilities,cfo_quality_score,1.5527817403708988,23.70689655172414
POWERGRID,Mar 2022,Power & Utilities,cfo_quality_score,1.5527817403708988,23.70689655172414
POWERGRID,Mar 2023,Power & Utilities,cfo_quality_score,2.6071984435797666,59.05172413793104
POWERGRID,Mar 2023,Power & Utilities,cfo_quality_score,2.6071984435797666,59.05172413793104
POWERGRID,Mar 2023,Power & Utilities,cfo_quality_score,2.6071984435797666,59.05172413793104
POWERGRID,Mar 2023,Power & Utilities,cfo_quality_score,2.6071984435797666,59.05172413793104
POWERGRID,Mar 2024,Power & Utilities,cfo_quality_score,2.394528992486997,44.396551724137936
POWERGRID,Mar 2024,Power & Utilities,cfo_quality_score,2.394528992486997,44.396551724137936
POWERGRID,Mar 2024,Power & Utilities,cfo_quality_score,2.394528992486997,44.396551724137936
POWERGRID,Mar 2024,Power & Utilities,cfo_quality_score,2.394528992486997,44.396551724137936
POWERGRID,TTM,Power & Utilities,cfo_quality_score,,
TATAPOWER,Mar 2013,Power & Utilities,cfo_quality_score,26.715447154471544,98.27586206896551
TATAPOWER,Mar 2014,Power & Utilities,cfo_quality_score,540.25,100.0
TATAPOWER,Mar 2015,Power & Utilities,cfo_quality_score,13.087527352297593,97.41379310344827
TATAPOWER,Mar 2016,Power & Utilities,cfo_quality_score,9.43384223918575,95.6896551724138
TATAPOWER,Mar 2017,Power & Utilities,cfo_quality_score,6.376363636363636,92.24137931034483
TATAPOWER,Mar 2018,Power & Utilities,cfo_quality_score,2.4373803140559174,47.41379310344828
TATAPOWER,Mar 2019,Power & Utilities,cfo_quality_score,1.7551803530314658,28.448275862068968
TATAPOWER,Mar 2020,Power & Utilities,cfo_quality_score,5.604103343465046,88.79310344827587
TATAPOWER,Mar 2021,Power & Utilities,cfo_quality_score,5.799166087560806,89.65517241379311
TATAPOWER,Mar 2022,Power & Utilities,cfo_quality_score,3.104359925788497,77.58620689655173
TATAPOWER,Mar 2023,Power & Utilities,cfo_quality_score,1.8808398950131233,30.17241379310345
TATAPOWER,Mar 2024,Power & Utilities,cfo_quality_score,2.9429906542056075,75.86206896551724
TATAPOWER,TTM,Power & Utilities,cfo_quality_score,,
AXISBANK,Mar 2013,Private Banks,return_on_equity_pct,15.6191567645817,78.33333333333333
AXISBANK,Mar 2014,Private Banks,return_on_equity_pct,16.194395249505156,83.33333333333334
AXISBANK,Mar 2015,Private Banks,return_on_equity_pct,16.369663396293575,85.0
AXISBANK,Mar 2016,Private Banks,return_on_equity_pct,15.355029033402415,71.66666666666667
AXISBANK,Mar 2017,Private Banks,return_on_equity_pct,6.525363604114934,8.333333333333332
AXISBANK,Mar 2018,Private Banks,return_on_equity_pct,0.42985967262136526,1.6666666666666667
AXISBANK,Mar 2019,Private Banks,return_on_equity_pct,6.898026606884752,11.666666666666666
AXISBANK,Mar 2020,Private Banks,return_on_equity_pct,1.8844104702339586,3.3333333333333335
AXISBANK,Mar 2021,Private Banks,return_on_equity_pct,6.359441666505782,6.666666666666667
AXISBANK,Mar 2022,Private Banks,return_on_equity_pct,11.01377461716035,23.333333333333332
AXISBANK,Mar 2023,Private Banks,return_on_equity_pct,7.381666037401469,13.333333333333334
AXISBANK,Mar 2024,Private Banks,return_on_equity_pct,15.832712405189048,80.0
AXISBANK,TTM,Private Banks,return_on_equity_pct,,
HDFCBANK,Mar 2013,Private Banks,return_on_equity_pct,18.838523046693776,98.33333333333333
HDFCBANK,Mar 2014,Private Banks,return_on_equity_pct,19.851925645844183,100.0
HDFCBANK,Mar 2015,Private Banks,return_on_equity_pct,16.947461760141874,93.33333333333333
HDFCBANK,Mar 2016,Private Banks,return_on_equity_pct,17.25479112833764,95.0
HDFCBANK,Mar 2017,Private Banks,return_on_equity_pct,16.686275791446064,88.33333333333333
HDFCBANK,Mar 2018,Private Banks,return_on_equity_pct,16.935373497933377,91.66666666666666
HDFCBANK,Mar 2019,Private Banks,return_on_equity_pct,14.60633943503413,60.0
HDFCBANK,Mar 2020,Private Banks,return_on_equity_pct,15.477608047267491,75.0
HDFCBANK,Mar 2021,Private Banks,return_on_equity_pct,15.183737667413375,66.66666666666666
HDFCBANK,Mar 2022,Private Banks,return_on_equity_pct,15.425327602728373,73.33333333333333
HDFCBANK,Mar 2023,Private Banks,return_on_equity_pct,15.944347321360706,81.66666666666667
HDFCBANK,Mar 2024,Private Banks,return_on_equity_pct,14.33974005030719,56.666666666666664
HDFCBANK,TTM,Private Banks,return_on_equity_pct,,
ICICIBANK,Mar 2013,Private Banks,return_on_equity_pct,14.731759812689965,63.33333333333333
ICICIBANK,Mar 2014,Private Banks,return_on_equity_pct,15.278032186314276,68.33333333333333
ICICIBANK,Mar 2015,Private Banks,return_on_equity_pct,15.278909155303703,70.0
ICICIBANK,Mar 2016,Private Banks,return_on_equity_pct,11.610757509749126,25.0
ICICIBANK,Mar 2017,Private Banks,return_on_equity_pct,10.837984555394144,21.666666666666668
ICICIBANK,Mar 2018,Private Banks,return_on_equity_pct,8.225616921269095,15.0
ICICIBANK,Mar 2019,Private Banks,return_on_equity_pct,4.979300324717951,5.0
ICICIBANK,Mar 2020,Private Banks,return_on_equity_pct,9.128985035783995,16.666666666666664
ICICIBANK,Mar 2021,Private Banks,return_on_equity_pct,12.922385729787356,40.0
ICICIBANK,Mar 2022,Private Banks,return_on_equity_pct,14.577073709304432,58.333333333333336
ICICIBANK,Mar 2023,Private Banks,return_on_equity_pct,16.53208887728557,86.66666666666667
ICICIBANK,Mar 2024,Private Banks,return_on_equity_pct,17.99027109750765,96.66666666666667
ICICIBANK,TTM,Private Banks,return_on_equity_pct,,
INDUSINDBK,Mar 2013,Private Banks,return_on_equity_pct,13.905635648754917,50.0
INDUSINDBK,Mar 2014,Private Banks,return_on_equity_pct,15.570054185557892,76.66666666666667
INDUSINDBK,Mar 2015,Private Banks,return_on_equity_pct,16.85456595264938,90.0
INDUSINDBK,Mar 2016,Private Banks,return_on_equity_pct,12.918173598553345,38.333333333333336
INDUSINDBK,Mar 2017,Private Banks,return_on_equity_pct,13.891310665504214,48.333333333333336
INDUSINDBK,Mar 2018,Private Banks,return_on_equity_pct,15.125204479677864,65.0
INDUSINDBK,Mar 2019,Private Banks,return_on_equity_pct,12.369781908116616,28.333333333333332
INDUSINDBK,Mar 2020,Private Banks,return_on_equity_pct,12.729420577981386,35.0
INDUSINDBK,Mar 2021,Private Banks,return_on_equity_pct,6.5398362734924484,10.0
INDUSINDBK,Mar 2022,Private Banks,return_on_equity_pct,9.667071994632899,18.333333333333332
INDUSINDBK,Mar 2023,Private Banks,return_on_equity_pct,13.5293471495002,46.666666666666664
INDUSINDBK,Mar 2024,Private Banks,return_on_equity_pct,14.252273197764223,55.00000000000001
INDUSINDBK,TTM,Private Banks,return_on_equity_pct,,
KOTAKBANK,Mar 2013,Private Banks,return_on_equity_pct,14.659068579288661,61.66666666666667
KOTAKBANK,Mar 2014,Private Banks,return_on_equity_pct,13.241458813665899,43.333333333333336
KOTAKBANK,Mar 2015,Private Banks,return_on_equity_pct,14.014262502256724,53.333333333333336
KOTAKBANK,Mar 2016,Private Banks,return_on_equity_pct,10.562282699916077,20.0
KOTAKBANK,Mar 2017,Private Banks,return_on_equity_pct,13.03907305414112,41.66666666666667
KOTAKBANK,Mar 2018,Private Banks,return_on_equity_pct,12.395024560291553,30.0
KOTAKBANK,Mar 2019,Private Banks,return_on_equity_pct,12.467766220729997,31.666666666666664
KOTAKBANK,Mar 2020,Private Banks,return_on_equity_pct,12.89523838107958,36.666666666666664
KOTAKBANK,Mar 2021,Private Banks,return_on_equity_pct,11.845053889659587,26.666666666666668
KOTAKBANK,Mar 2022,Private Banks,return_on_equity_pct,12.50607769099467,33.33333333333333
KOTAKBANK,Mar 2023,Private Banks,return_on_equity_pct,13.348060171356002,45.0
KOTAKBANK,Mar 2024,Private Banks,return_on_equity_pct,14.013018188532914,51.66666666666667
KOTAKBANK,TTM,Private Banks,return_on_equity_pct,,
AXISBANK,Mar 2013,Private Banks,roce_calculated,2.5235874831517977,5.0
AXISBANK,Mar 2014,Private Banks,roce_calculated,2.5947330470624954,8.333333333333332
AXISBANK,Mar 2015,Private Banks,roce_calculated,2.46397704096885,3.3333333333333335
AXISBANK,Mar 2016,Private Banks,roce_calculated,2.5426614343676825,6.666666666666667
AXISBANK,Mar 2017,Private Banks,roce_calculated,4.077990192132123,53.333333333333336
AXISBANK,Mar 2018,Private Banks,roce_calculated,4.276736448244015,56.666666666666664
AXISBANK,Mar 2019,Private Banks,roce_calculated,3.482312085950464,45.0
AXISBANK,Mar 2020,Private Banks,roce_calculated,3.9681919977548357,50.0
AXISBANK,Mar 2021,Private Banks,roce_calculated,3.3274816720729032,38.333333333333336
AXISBANK,Mar 2022,Private Banks,roce_calculated,2.630082057296147,13.333333333333334
AXISBANK,Mar 2023,Private Banks,roce_calculated,2.2693531614057836,1.6666666666666667
AXISBANK,Mar 2024,Private Banks,roce_calculated,2.612569500628303,11.666666666666666
AXISBANK,TTM,Private Banks,roce_calculated,,
HDFCBANK,Mar 2013,Private Banks,roce_calculated,3.3933229634286235,41.66666666666667
HDFCBANK,Mar 2014,Private Banks,roce_calculated,2.9311437275954555,26.666666666666668
HDFCBANK,Mar 2015,Private Banks,roce_calculated,2.8213560103051756,21.666666666666668
HDFCBANK,Mar 2016,Private Banks,roce_calculated,2.7704447216500827,16.666666666666664
HDFCBANK,Mar 2017,Private Banks,roce_calculated,2.862683357653022,25.0
HDFCBANK,Mar 2018,Private Banks,roce_calculated,2.8007920972367644,20.0
HDFCBANK,Mar 2019,Private Banks,roce_calculated,2.8248459366500582,23.333333333333332
HDFCBANK,Mar 2020,Private Banks,roce_calculated,3.0117285091615935,30.0
HDFCBANK,Mar 2021,Private Banks,roce_calculated,3.0476497012597985,33.33333333333333
HDFCBANK,Mar 2022,Private Banks,roce_calculated,2.7829101750383924,18.333333333333332
HDFCBANK,Mar 2023,Private Banks,roce_calculated,2.5957630782533507,10.0
HDFCBANK,Mar 2024,Private Banks,roce_calculated,4.887792835880029,60.0
HDFCBANK,TTM,Private Banks,roce_calculated,,
ICICIBANK,Mar 2013,Private Banks,roce_calculated,5.6942392644431745,75.0
ICICIBANK,Mar 2014,Private Banks,roce_calculated,5.303114683971363,63.33333333333333
ICICIBANK,Mar 2015,Private Banks,roce_calculated,5.68489775806849,73.33333333333333
ICICIBANK,Mar 2016,Private Banks,roce_calculated,6.825276984610079,86.66666666666667
ICICIBANK,Mar 2017,Private Banks,roce_calculated,7.9255772148190085,98.33333333333333
ICICIBANK,Mar 2018,Private Banks,roce_calculated,7.863879683915371,96.66666666666667
ICICIBANK,Mar 2019,Private Banks,roce_calculated,8.328412337681703,100.0
ICICIBANK,Mar 2020,Private Banks,roce_calculated,7.503630462835664,93.33333333333333
ICICIBANK,Mar 2021,Private Banks,roce_calculated,7.238548088791504,90.0
ICICIBANK,Mar 2022,Private Banks,roce_calculated,5.630440251397017,70.0
ICICIBANK,Mar 2023,Private Banks,roce_calculated,5.442544313896501,66.66666666666666
ICICIBANK,Mar 2024,Private Banks,roce_calculated,5.2203495054405735,61.66666666666667
ICICIBANK,TTM,Private Banks,roce_calculated,,
INDUSINDBK,Mar 2013,Private Banks,roce_calculated,2.7343201415611045,15.0
INDUSINDBK,Mar 2014,Private Banks,roce_calculated,3.0305905796671686,31.666666666666664
INDUSINDBK,Mar 2015,Private Banks,roce_calculated,2.972598580591294,28.333333333333332
INDUSINDBK,Mar 2016,Private Banks,roce_calculated,3.0864015564661145,36.666666666666664
INDUSINDBK,Mar 2017,Private Banks,roce_calculated,3.349992927530765,40.0
INDUSINDBK,Mar 2018,Private Banks,roce_calculated,3.066394098302373,35.0
INDUSINDBK,Mar 2019,Private Banks,roce_calculated,3.45253370525337,43.333333333333336
INDUSINDBK,Mar 2020,Private Banks,roce_calculated,4.238991596638655,55.00000000000001
INDUSINDBK,Mar 2021,Private Banks,roce_calculated,4.558939619770129,58.333333333333336
INDUSINDBK,Mar 2022,Private Banks,roce_calculated,4.075090750521607,51.66666666666667
INDUSINDBK,Mar 2023,Private Banks,roce_calculated,3.5278398258462835,46.666666666666664
INDUSINDBK,Mar 2024,Private Banks,roce_calculated,3.5617860222414732,48.333333333333336
INDUSINDBK,TTM,Private Banks,roce_calculated,,
KOTAKBANK,Mar 2013,Private Banks,roce_calculated,6.548776133613679,81.66666666666667
KOTAKBANK,Mar 2014,Private Banks,roce_calculated,6.7157996972034155,85.0
KOTAKBANK,Mar 2015,Private Banks,roce_calculated,7.687439682313668,95.0
KOTAKBANK,Mar 2016,Private Banks,roce_calculated,5.417216242730341,65.0
KOTAKBANK,Mar 2017,Private Banks,roce_calculated,6.085622143261585,78.33333333333333
KOTAKBANK,Mar 2018,Private Banks,roce_calculated,5.595548866572547,68.33333333333333
KOTAKBANK,Mar 2019,Private Banks,roce_calculated,5.652507266610212,71.66666666666667
KOTAKBANK,Mar 2020,Private Banks,roce_calculated,5.7433721515896154,76.66666666666667
KOTAKBANK,Mar 2021,Private Banks,roce_calculated,7.245612457437009,91.66666666666666
KOTAKBANK,Mar 2022,Private Banks,roce_calculated,6.638884804027577,83.33333333333334
KOTAKBANK,Mar 2023,Private Banks,roce_calculated,6.3105304916315035,80.0
KOTAKBANK,Mar 2024,Private Banks,roce_calculated,7.234918028249577,88.33333333333333
KOTAKBANK,TTM,Private Banks,roce_calculated,,
AXISBANK,Mar 2013,Private Banks,operating_profit_margin_pct,1353.0,69.23076923076923
AXISBANK,Mar 2014,Private Banks,operating_profit_margin_pct,2307.0,72.3076923076923
AXISBANK,Mar 2015,Private Banks,operating_profit_margin_pct,3097.0,75.38461538461539
AXISBANK,Mar 2016,Private Banks,operating_profit_margin_pct,3466.0,78.46153846153847
AXISBANK,Mar 2017,Private Banks,operating_profit_margin_pct,-5715.0,35.38461538461539
AXISBANK,Mar 2018,Private Banks,operating_profit_margin_pct,-10277.0,27.692307692307693
AXISBANK,Mar 2019,Private Banks,operating_profit_margin_pct,-5447.0,36.92307692307693
AXISBANK,Mar 2020,Private Banks,operating_profit_margin_pct,-9859.0,30.76923076923077
AXISBANK,Mar 2021,Private Banks,operating_profit_margin_pct,-2510.0,46.15384615384615
AXISBANK,Mar 2022,Private Banks,operating_profit_margin_pct,3170.0,76.92307692307693
AXISBANK,Mar 2023,Private Banks,operating_profit_margin_pct,13857.0,92.3076923076923
AXISBANK,Mar 2024,Private Banks,operating_profit_margin_pct,11952.0,89.23076923076924
AXISBANK,TTM,Private Banks,operating_profit_margin_pct,9061.0,86.15384615384616
HDFCBANK,Mar 2013,Private Banks,operating_profit_margin_pct,3534.0,80.0
HDFCBANK,Mar 2014,Private Banks,operating_profit_margin_pct,5602.0,81.53846153846153
HDFCBANK,Mar 2015,Private Banks,operating_profit_margin_pct,7214.0,83.07692307692308
HDFCBANK,Mar 2016,Private Banks,operating_profit_margin_pct,9037.0,84.61538461538461
HDFCBANK,Mar 2017,Private Banks,operating_profit_margin_pct,11374.0,87.6923076923077
HDFCBANK,Mar 2018,Private Banks,operating_profit_margin_pct,13374.0,90.76923076923077
HDFCBANK,Mar 2019,Private Banks,operating_profit_margin_pct,16592.0,95.38461538461539
HDFCBANK,Mar 2020,Private Banks,operating_profit_margin_pct,14593.0,93.84615384615384
HDFCBANK,Mar 2021,Private Banks,operating_profit_margin_pct,16848.0,96.92307692307692
HDFCBANK,Mar 2022,Private Banks,operating_profit_margin_pct,20795.0,98.46153846153847
HDFCBANK,Mar 2023,Private Banks,operating_profit_margin_pct,29932.0,100.0
HDFCBANK,Mar 2024,Private Banks,operating_profit_margin_pct,-44685.0,9.230769230769232
HDFCBANK,TTM,Private Banks,operating_profit_margin_pct,-57587.0,1.5384615384615385
ICICIBANK,Mar 2013,Private Banks,operating_profit_margin_pct,-15085.0,20.0
ICICIBANK,Mar 2014,Private Banks,operating_profit_margin_pct,-13084.0,26.153846153846157
ICICIBANK,Mar 2015,Private Banks,operating_profit_margin_pct,-16120.0,18.461538461538463
ICICIBANK,Mar 2016,Private Banks,operating_profit_margin_pct,-26955.0,13.846153846153847
ICICIBANK,Mar 2017,Private Banks,operating_profit_margin_pct,-37737.0,10.76923076923077
ICICIBANK,Mar 2018,Private Banks,operating_profit_margin_pct,-44906.0,6.153846153846154
ICICIBANK,Mar 2019,Private Banks,operating_profit_margin_pct,-50971.0,3.076923076923077
ICICIBANK,Mar 2020,Private Banks,operating_profit_margin_pct,-45190.0,4.615384615384616
ICICIBANK,Mar 2021,Private Banks,operating_profit_margin_pct,-44805.0,7.6923076923076925
ICICIBANK,Mar 2022,Private Banks,operating_profit_margin_pct,-26558.0,15.384615384615385
ICICIBANK,Mar 2023,Private Banks,operating_profit_margin_pct,-17341.0,16.923076923076923
ICICIBANK,Mar 2024,Private Banks,operating_profit_margin_pct,-14152.0,21.53846153846154
ICICIBANK,TTM,Private Banks,operating_profit_margin_pct,-31575.0,12.307692307692308
INDUSINDBK,Mar 2013,Private Banks,operating_profit_margin_pct,286.0,58.46153846153847
INDUSINDBK,Mar 2014,Private Banks,operating_profit_margin_pct,335.0,63.07692307692307
INDUSINDBK,Mar 2015,Private Banks,operating_profit_margin_pct,288.0,60.0
INDUSINDBK,Mar 2016,Private Banks,operating_profit_margin_pct,329.0,61.53846153846154
INDUSINDBK,Mar 2017,Private Banks,operating_profit_margin_pct,379.0,64.61538461538461
INDUSINDBK,Mar 2018,Private Banks,operating_profit_margin_pct,942.0,66.15384615384615
INDUSINDBK,Mar 2019,Private Banks,operating_profit_margin_pct,-437.0,56.92307692307692
INDUSINDBK,Mar 2020,Private Banks,operating_profit_margin_pct,-553.0,55.38461538461539
INDUSINDBK,Mar 2021,Private Banks,operating_profit_margin_pct,-2469.0,47.69230769230769
INDUSINDBK,Mar 2022,Private Banks,operating_profit_margin_pct,-839.0,53.84615384615385
INDUSINDBK,Mar 2023,Private Banks,operating_profit_margin_pct,2067.0,70.76923076923077
INDUSINDBK,Mar 2024,Private Banks,operating_profit_margin_pct,2978.0,73.84615384615385
INDUSINDBK,TTM,Private Banks,operating_profit_margin_pct,1323.0,67.6923076923077
KOTAKBANK,Mar 2013,Private Banks,operating_profit_margin_pct,-1789.0,50.76923076923077
KOTAKBANK,Mar 2014,Private Banks,operating_profit_margin_pct,-1379.0,52.307692307692314
KOTAKBANK,Mar 2015,Private Banks,operating_profit_margin_pct,-3366.0,44.61538461538462
KOTAKBANK,Mar 2016,Private Banks,operating_profit_margin_pct,-2263.0,49.23076923076923
KOTAKBANK,Mar 2017,Private Banks,operating_profit_margin_pct,-3965.0,43.07692307692308
KOTAKBANK,Mar 2018,Private Banks,operating_profit_margin_pct,-4141.0,41.53846153846154
KOTAKBANK,Mar 2019,Private Banks,operating_profit_margin_pct,-5114.0,38.46153846153847
KOTAKBANK,Mar 2020,Private Banks,operating_profit_margin_pct,-5005.0,40.0
KOTAKBANK,Mar 2021,Private Banks,operating_profit_margin_pct,-9958.0,29.230769230769234
KOTAKBANK,Mar 2022,Private Banks,operating_profit_margin_pct,-8512.0,32.30769230769231
KOTAKBANK,Mar 2023,Private Banks,operating_profit_margin_pct,-5746.0,33.84615384615385
KOTAKBANK,Mar 2024,Private Banks,operating_profit_margin_pct,-13382.0,24.615384615384617
KOTAKBANK,TTM,Private Banks,operating_profit_margin_pct,-14146.0,23.076923076923077
AXISBANK,Mar 2013,Private Banks,net_profit_margin_pct,19.05234889452967,32.30769230769231
AXISBANK,Mar 2014,Private Banks,net_profit_margin_pct,20.293071374955126,43.07692307692308
AXISBANK,Mar 2015,Private Banks,net_profit_margin_pct,20.739028721215366,50.76923076923077
AXISBANK,Mar 2016,Private Banks,net_profit_margin_pct,20.064409095344978,41.53846153846154
AXISBANK,Mar 2017,Private Banks,net_profit_margin_pct,8.259620133806294,6.153846153846154
AXISBANK,Mar 2018,Private Banks,net_profit_margin_pct,0.6028833551769331,1.5384615384615385
AXISBANK,Mar 2019,Private Banks,net_profit_margin_pct,8.505801476739535,7.6923076923076925
AXISBANK,Mar 2020,Private Banks,net_profit_margin_pct,2.5975892073122058,3.076923076923077
AXISBANK,Mar 2021,Private Banks,net_profit_margin_pct,10.400025258106274,10.76923076923077
AXISBANK,Mar 2022,Private Banks,net_profit_margin_pct,19.33152262641554,36.92307692307693
AXISBANK,Mar 2023,Private Banks,net_profit_margin_pct,11.248884505189986,12.307692307692308
AXISBANK,Mar 2024,Private Banks,net_profit_margin_pct,22.73130411725443,69.23076923076923
AXISBANK,TTM,Private Banks,net_profit_margin_pct,21.86824024730853,61.53846153846154
HDFCBANK,Mar 2013,Private Banks,net_profit_margin_pct,19.249323777920306,33.84615384615385
HDFCBANK,Mar 2014,Private Banks,net_profit_margin_pct,20.60392433321584,47.69230769230769
HDFCBANK,Mar 2015,Private Banks,net_profit_margin_pct,21.12462006079027,56.92307692307692
HDFCBANK,Mar 2016,Private Banks,net_profit_margin_pct,20.298597257844907,44.61538461538462
HDFCBANK,Mar 2017,Private Banks,net_profit_margin_pct,20.904587080836894,53.84615384615385
HDFCBANK,Mar 2018,Private Banks,net_profit_margin_pct,21.76273332708001,60.0
HDFCBANK,Mar 2019,Private Banks,net_profit_margin_pct,21.34441475451926,58.46153846153847
HDFCBANK,Mar 2020,Private Banks,net_profit_margin_pct,22.339163099788035,64.61538461538461
HDFCBANK,Mar 2021,Private Banks,net_profit_margin_pct,24.78141141328023,80.0
HDFCBANK,Mar 2022,Private Banks,net_profit_margin_pct,28.06541313559322,87.6923076923077
HDFCBANK,Mar 2023,Private Banks,net_profit_margin_pct,27.026599669700268,84.61538461538461
HDFCBANK,Mar 2024,Private Banks,net_profit_margin_pct,23.07288232992184,72.3076923076923
HDFCBANK,TTM,Private Banks,net_profit_margin_pct,21.934095592391998,63.07692307692307
ICICIBANK,Mar 2013,Private Banks,net_profit_margin_pct,22.568786899855187,67.6923076923077
ICICIBANK,Mar 2014,Private Banks,net_profit_margin_pct,23.599911073384668,76.92307692307693
ICICIBANK,Mar 2015,Private Banks,net_profit_margin_pct,23.546321228440434,75.38461538461539
ICICIBANK,Mar 2016,Private Banks,net_profit_margin_pct,18.428508786723782,27.692307692307693
ICICIBANK,Mar 2017,Private Banks,net_profit_margin_pct,18.608467344929437,30.76923076923077
ICICIBANK,Mar 2018,Private Banks,net_profit_margin_pct,14.63916862391815,15.384615384615385
ICICIBANK,Mar 2019,Private Banks,net_profit_margin_pct,7.903364730071407,4.615384615384616
ICICIBANK,Mar 2020,Private Banks,net_profit_margin_pct,13.231411193361309,13.846153846153847
ICICIBANK,Mar 2021,Private Banks,net_profit_margin_pct,22.83907001783251,70.76923076923077
ICICIBANK,Mar 2022,Private Banks,net_profit_margin_pct,27.815569088222038,86.15384615384616
ICICIBANK,Mar 2023,Private Banks,net_profit_margin_pct,29.290392922926973,92.3076923076923
ICICIBANK,Mar 2024,Private Banks,net_profit_margin_pct,28.888011233982798,89.23076923076924
ICICIBANK,TTM,Private Banks,net_profit_margin_pct,29.031132477804057,90.76923076923077
INDUSINDBK,Mar 2013,Private Banks,net_profit_margin_pct,15.194042675068022,20.0
INDUSINDBK,Mar 2014,Private Banks,net_profit_margin_pct,17.058395929246426,24.615384615384617
INDUSINDBK,Mar 2015,Private Banks,net_profit_margin_pct,18.510111432108957,29.230769230769234
INDUSINDBK,Mar 2016,Private Banks,net_profit_margin_pct,19.255390835579515,35.38461538461539
INDUSINDBK,Mar 2017,Private Banks,net_profit_margin_pct,19.908371511870055,40.0
INDUSINDBK,Mar 2018,Private Banks,net_profit_margin_pct,20.866847983334296,52.307692307692314
INDUSINDBK,Mar 2019,Private Banks,net_profit_margin_pct,14.82862405103095,16.923076923076923
INDUSINDBK,Mar 2020,Private Banks,net_profit_margin_pct,15.349338150991903,21.53846153846154
INDUSINDBK,Mar 2021,Private Banks,net_profit_margin_pct,9.779310344827588,9.230769230769232
INDUSINDBK,Mar 2022,Private Banks,net_profit_margin_pct,14.960093439750827,18.461538461538463
INDUSINDBK,Mar 2023,Private Banks,net_profit_margin_pct,20.320061592608887,46.15384615384615
INDUSINDBK,Mar 2024,Private Banks,net_profit_margin_pct,19.56369677362945,38.46153846153847
INDUSINDBK,TTM,Private Banks,net_profit_margin_pct,16.57415721165619,23.076923076923077
KOTAKBANK,Mar 2013,Private Banks,net_profit_margin_pct,20.64956634065326,49.23076923076923
KOTAKBANK,Mar 2014,Private Banks,net_profit_margin_pct,21.08293008509928,55.38461538461539
KOTAKBANK,Mar 2015,Private Banks,net_profit_margin_pct,23.312561003078308,73.84615384615385
KOTAKBANK,Mar 2016,Private Banks,net_profit_margin_pct,17.27281639054995,26.153846153846157
KOTAKBANK,Mar 2017,Private Banks,net_profit_margin_pct,22.482530012542558,66.15384615384615
KOTAKBANK,Mar 2018,Private Banks,net_profit_margin_pct,24.901516055867255,81.53846153846153
KOTAKBANK,Mar 2019,Private Banks,net_profit_margin_pct,24.149374811437767,78.46153846153847
KOTAKBANK,Mar 2020,Private Banks,net_profit_margin_pct,25.670669773555595,83.07692307692308
KOTAKBANK,Mar 2021,Private Banks,net_profit_margin_pct,30.438756855575868,93.84615384615384
KOTAKBANK,Mar 2022,Private Banks,net_profit_margin_pct,35.82881360955514,100.0
KOTAKBANK,Mar 2023,Private Banks,net_profit_margin_pct,35.40841261180043,98.46153846153847
KOTAKBANK,Mar 2024,Private Banks,net_profit_margin_pct,32.386151466116615,95.38461538461539
KOTAKBANK,TTM,Private Banks,net_profit_margin_pct,35.173996534120185,96.92307692307692
AXISBANK,Mar 2013,Private Banks,debt_to_equity,,
AXISBANK,Mar 2014,Private Banks,debt_to_equity,,
AXISBANK,Mar 2015,Private Banks,debt_to_equity,,
AXISBANK,Mar 2016,Private Banks,debt_to_equity,,
AXISBANK,Mar 2017,Private Banks,debt_to_equity,,
AXISBANK,Mar 2018,Private Banks,debt_to_equity,,
AXISBANK,Mar 2019,Private Banks,debt_to_equity,,
AXISBANK,Mar 2020,Private Banks,debt_to_equity,,
AXISBANK,Mar 2021,Private Banks,debt_to_equity,,
AXISBANK,Mar 2022,Private Banks,debt_to_equity,,
AXISBANK,Mar 2023,Private Banks,debt_to_equity,,
AXISBANK,Mar 2024,Private Banks,debt_to_equity,,
AXISBANK,TTM,Private Banks,debt_to_equity,,
HDFCBANK,Mar 2013,Private Banks,debt_to_equity,,
HDFCBANK,Mar 2014,Private Banks,debt_to_equity,,
HDFCBANK,Mar 2015,Private Banks,debt_to_equity,,
HDFCBANK,Mar 2016,Private Banks,debt_to_equity,,
HDFCBANK,Mar 2017,Private Banks,debt_to_equity,,
HDFCBANK,Mar 2018,Private Banks,debt_to_equity,,
HDFCBANK,Mar 2019,Private Banks,debt_to_equity,,
HDFCBANK,Mar 2020,Private Banks,debt_to_equity,,
HDFCBANK,Mar 2021,Private Banks,debt_to_equity,,
HDFCBANK,Mar 2022,Private Banks,debt_to_equity,,
HDFCBANK,Mar 2023,Private Banks,debt_to_equity,,
HDFCBANK,Mar 2024,Private Banks,debt_to_equity,,
HDFCBANK,TTM,Private Banks,debt_to_equity,,
ICICIBANK,Mar 2013,Private Banks,debt_to_equity,,
ICICIBANK,Mar 2014,Private Banks,debt_to_equity,,
ICICIBANK,Mar 2015,Private Banks,debt_to_equity,,
ICICIBANK,Mar 2016,Private Banks,debt_to_equity,,
ICICIBANK,Mar 2017,Private Banks,debt_to_equity,,
ICICIBANK,Mar 2018,Private Banks,debt_to_equity,,
ICICIBANK,Mar 2019,Private Banks,debt_to_equity,,
ICICIBANK,Mar 2020,Private Banks,debt_to_equity,,
ICICIBANK,Mar 2021,Private Banks,debt_to_equity,,
ICICIBANK,Mar 2022,Private Banks,debt_to_equity,,
ICICIBANK,Mar 2023,Private Banks,debt_to_equity,,
ICICIBANK,Mar 2024,Private Banks,debt_to_equity,,
ICICIBANK,TTM,Private Banks,debt_to_equity,,
INDUSINDBK,Mar 2013,Private Banks,debt_to_equity,,
INDUSINDBK,Mar 2014,Private Banks,debt_to_equity,,
INDUSINDBK,Mar 2015,Private Banks,debt_to_equity,,
INDUSINDBK,Mar 2016,Private Banks,debt_to_equity,,
INDUSINDBK,Mar 2017,Private Banks,debt_to_equity,,
INDUSINDBK,Mar 2018,Private Banks,debt_to_equity,,
INDUSINDBK,Mar 2019,Private Banks,debt_to_equity,,
INDUSINDBK,Mar 2020,Private Banks,debt_to_equity,,
INDUSINDBK,Mar 2021,Private Banks,debt_to_equity,,
INDUSINDBK,Mar 2022,Private Banks,debt_to_equity,,
INDUSINDBK,Mar 2023,Private Banks,debt_to_equity,,
INDUSINDBK,Mar 2024,Private Banks,debt_to_equity,,
INDUSINDBK,TTM,Private Banks,debt_to_equity,,
KOTAKBANK,Mar 2013,Private Banks,debt_to_equity,,
KOTAKBANK,Mar 2014,Private Banks,debt_to_equity,,
KOTAKBANK,Mar 2015,Private Banks,debt_to_equity,,
KOTAKBANK,Mar 2016,Private Banks,debt_to_equity,,
KOTAKBANK,Mar 2017,Private Banks,debt_to_equity,,
KOTAKBANK,Mar 2018,Private Banks,debt_to_equity,,
KOTAKBANK,Mar 2019,Private Banks,debt_to_equity,,
KOTAKBANK,Mar 2020,Private Banks,debt_to_equity,,
KOTAKBANK,Mar 2021,Private Banks,debt_to_equity,,
KOTAKBANK,Mar 2022,Private Banks,debt_to_equity,,
KOTAKBANK,Mar 2023,Private Banks,debt_to_equity,,
KOTAKBANK,Mar 2024,Private Banks,debt_to_equity,,
KOTAKBANK,TTM,Private Banks,debt_to_equity,,
AXISBANK,Mar 2013,Private Banks,interest_coverage,1.2689665699893147,24.615384615384617
AXISBANK,Mar 2014,Private Banks,interest_coverage,1.3023632680621202,36.92307692307693
AXISBANK,Mar 2015,Private Banks,interest_coverage,1.3301852958756724,40.0
AXISBANK,Mar 2016,Private Banks,interest_coverage,1.4264219400277451,55.38461538461539
AXISBANK,Mar 2017,Private Banks,interest_coverage,2.0364382858609185,89.23076923076924
AXISBANK,Mar 2018,Private Banks,interest_coverage,2.634722348864776,100.0
AXISBANK,Mar 2019,Private Banks,interest_coverage,2.068164508758568,90.76923076923077
AXISBANK,Mar 2020,Private Banks,interest_coverage,2.256935058248053,95.38461538461539
AXISBANK,Mar 2021,Private Banks,interest_coverage,2.5887964774951078,98.46153846153847
AXISBANK,Mar 2022,Private Banks,interest_coverage,1.9684646212469614,87.6923076923077
AXISBANK,Mar 2023,Private Banks,interest_coverage,1.8019575048008425,72.3076923076923
AXISBANK,Mar 2024,Private Banks,interest_coverage,1.6907138401212014,63.07692307692307
AXISBANK,TTM,Private Banks,interest_coverage,1.7654795388820663,66.15384615384615
HDFCBANK,Mar 2013,Private Banks,interest_coverage,1.770783681480443,67.6923076923077
HDFCBANK,Mar 2014,Private Banks,interest_coverage,1.6278621354543263,60.0
HDFCBANK,Mar 2015,Private Banks,interest_coverage,1.6932746700188561,64.61538461538461
HDFCBANK,Mar 2016,Private Banks,interest_coverage,1.7887085265786657,70.76923076923077
HDFCBANK,Mar 2017,Private Banks,interest_coverage,1.8485858194498257,80.0
HDFCBANK,Mar 2018,Private Banks,interest_coverage,1.8391978576321852,76.92307692307693
HDFCBANK,Mar 2019,Private Banks,interest_coverage,1.8396579933498707,78.46153846153847
HDFCBANK,Mar 2020,Private Banks,interest_coverage,1.8272036657421922,75.38461538461539
HDFCBANK,Mar 2021,Private Banks,interest_coverage,1.9191819412431859,86.15384615384616
HDFCBANK,Mar 2022,Private Banks,interest_coverage,1.7808180358323624,69.23076923076923
HDFCBANK,Mar 2023,Private Banks,interest_coverage,1.8589879688605804,81.53846153846153
HDFCBANK,Mar 2024,Private Banks,interest_coverage,1.4008974956974893,50.76923076923077
HDFCBANK,TTM,Private Banks,interest_coverage,1.4108562701603238,52.307692307692314
ICICIBANK,Mar 2013,Private Banks,interest_coverage,1.0806275579809004,1.5384615384615385
ICICIBANK,Mar 2014,Private Banks,interest_coverage,1.091972743892305,3.076923076923077
ICICIBANK,Mar 2015,Private Banks,interest_coverage,1.0996822875297856,4.615384615384616
ICICIBANK,Mar 2016,Private Banks,interest_coverage,1.241081183791744,20.0
ICICIBANK,Mar 2017,Private Banks,interest_coverage,1.2169926417324335,9.230769230769232
ICICIBANK,Mar 2018,Private Banks,interest_coverage,1.2816378263242205,29.230769230769234
ICICIBANK,Mar 2019,Private Banks,interest_coverage,1.4121365360303413,53.84615384615385
ICICIBANK,Mar 2020,Private Banks,interest_coverage,1.3142571208622016,38.46153846153847
ICICIBANK,Mar 2021,Private Banks,interest_coverage,1.2651231745503921,23.076923076923077
ICICIBANK,Mar 2022,Private Banks,interest_coverage,1.3004876949572663,33.84615384615385
ICICIBANK,Mar 2023,Private Banks,interest_coverage,1.3494286767416144,44.61538461538462
ICICIBANK,Mar 2024,Private Banks,interest_coverage,1.301063746373592,35.38461538461539
ICICIBANK,TTM,Private Banks,interest_coverage,1.2347839751711405,16.923076923076923
INDUSINDBK,Mar 2013,Private Banks,interest_coverage,1.4284666177549523,56.92307692307692
INDUSINDBK,Mar 2014,Private Banks,interest_coverage,1.351136964569011,46.15384615384615
INDUSINDBK,Mar 2015,Private Banks,interest_coverage,1.2295918367346939,13.846153846153847
INDUSINDBK,Mar 2016,Private Banks,interest_coverage,1.27024567788899,26.153846153846157
INDUSINDBK,Mar 2017,Private Banks,interest_coverage,1.3627427475425558,47.69230769230769
INDUSINDBK,Mar 2018,Private Banks,interest_coverage,1.38,49.23076923076923
INDUSINDBK,Mar 2019,Private Banks,interest_coverage,1.6438817071011156,61.53846153846154
INDUSINDBK,Mar 2020,Private Banks,interest_coverage,1.814271327866494,73.84615384615385
INDUSINDBK,Mar 2021,Private Banks,interest_coverage,2.4389388626314985,96.92307692307692
INDUSINDBK,Mar 2022,Private Banks,interest_coverage,2.1598036542132535,93.84615384615384
INDUSINDBK,Mar 2023,Private Banks,interest_coverage,1.9011756061719325,84.61538461538461
INDUSINDBK,Mar 2024,Private Banks,interest_coverage,1.8787814230933106,83.07692307692308
INDUSINDBK,TTM,Private Banks,interest_coverage,2.1115429051570214,92.3076923076923
KOTAKBANK,Mar 2013,Private Banks,interest_coverage,1.2916666666666667,32.30769230769231
KOTAKBANK,Mar 2014,Private Banks,interest_coverage,1.335289663006437,41.53846153846154
KOTAKBANK,Mar 2015,Private Banks,interest_coverage,1.1921000981354268,7.6923076923076925
KOTAKBANK,Mar 2016,Private Banks,interest_coverage,1.512383698073647,58.46153846153847
KOTAKBANK,Mar 2017,Private Banks,interest_coverage,1.2720411663807891,27.692307692307693
KOTAKBANK,Mar 2018,Private Banks,interest_coverage,1.2282561029089314,12.307692307692308
KOTAKBANK,Mar 2019,Private Banks,interest_coverage,1.2235570968540996,10.76923076923077
KOTAKBANK,Mar 2020,Private Banks,interest_coverage,1.3366090457021076,43.07692307692308
KOTAKBANK,Mar 2021,Private Banks,interest_coverage,1.2638629811768696,21.53846153846154
KOTAKBANK,Mar 2022,Private Banks,interest_coverage,1.2308648410248186,15.384615384615385
KOTAKBANK,Mar 2023,Private Banks,interest_coverage,1.2883305759686046,30.76923076923077
KOTAKBANK,Mar 2024,Private Banks,interest_coverage,1.237006073034151,18.461538461538463
KOTAKBANK,TTM,Private Banks,interest_coverage,1.167887233407562,6.153846153846154
AXISBANK,Mar 2013,Private Banks,asset_turnover,0.07981900293048468,66.66666666666666
AXISBANK,Mar 2014,Private Banks,asset_turnover,0.0793089167852983,63.33333333333333
AXISBANK,Mar 2015,Private Banks,asset_turnover,0.07593265174652161,55.00000000000001
AXISBANK,Mar 2016,Private Banks,asset_turnover,0.07501642608627218,50.0
AXISBANK,Mar 2017,Private Banks,asset_turnover,0.07284508276883928,45.0
AXISBANK,Mar 2018,Private Banks,asset_turnover,0.06505585452953874,23.333333333333332
AXISBANK,Mar 2019,Private Banks,asset_turnover,0.06754655142338394,35.0
AXISBANK,Mar 2020,Private Banks,asset_turnover,0.06750392295489033,33.33333333333333
AXISBANK,Mar 2021,Private Banks,asset_turnover,0.06328240118680725,16.666666666666664
AXISBANK,Mar 2022,Private Banks,asset_turnover,0.056345695985629454,5.0
AXISBANK,Mar 2023,Private Banks,asset_turnover,0.06334636995339248,18.333333333333332
AXISBANK,Mar 2024,Private Banks,asset_turnover,0.0720367478374617,43.333333333333336
AXISBANK,TTM,Private Banks,asset_turnover,,
HDFCBANK,Mar 2013,Private Banks,asset_turnover,0.08795432192934909,88.33333333333333
HDFCBANK,Mar 2014,Private Banks,asset_turnover,0.08449823279456734,83.33333333333334
HDFCBANK,Mar 2015,Private Banks,asset_turnover,0.08345618574955897,81.66666666666667
HDFCBANK,Mar 2016,Private Banks,asset_turnover,0.08286670899959592,78.33333333333333
HDFCBANK,Mar 2017,Private Banks,asset_turnover,0.08211071066763491,76.66666666666667
HDFCBANK,Mar 2018,Private Banks,asset_turnover,0.07731062576936255,60.0
HDFCBANK,Mar 2019,Private Banks,asset_turnover,0.0813432177759076,75.0
HDFCBANK,Mar 2020,Private Banks,asset_turnover,0.07729420620813117,58.333333333333336
HDFCBANK,Mar 2021,Private Banks,asset_turnover,0.0714373436724614,41.66666666666667
HDFCBANK,Mar 2022,Private Banks,asset_turnover,0.06403213665615605,20.0
HDFCBANK,Mar 2023,Private Banks,asset_turnover,0.06748017729778946,31.666666666666664
HDFCBANK,Mar 2024,Private Banks,asset_turnover,0.07038097917866981,40.0
HDFCBANK,TTM,Private Banks,asset_turnover,,
ICICIBANK,Mar 2013,Private Banks,asset_turnover,0.06651383624126066,26.666666666666668
ICICIBANK,Mar 2014,Private Banks,asset_turnover,0.06616944963771895,25.0
ICICIBANK,Mar 2015,Private Banks,asset_turnover,0.06653600926787874,28.333333333333332
ICICIBANK,Mar 2016,Private Banks,asset_turnover,0.06453726560697291,21.666666666666668
ICICIBANK,Mar 2017,Private Banks,asset_turnover,0.06182251642192295,15.0
ICICIBANK,Mar 2018,Private Banks,asset_turnover,0.05529044785067078,3.3333333333333335
ICICIBANK,Mar 2019,Private Banks,asset_turnover,0.05810651327016437,8.333333333333332
ICICIBANK,Mar 2020,Private Banks,asset_turnover,0.06159623376887399,10.0
ICICIBANK,Mar 2021,Private Banks,asset_turnover,0.05665416199647734,6.666666666666667
ICICIBANK,Mar 2022,Private Banks,asset_turnover,0.05443625805001264,1.6666666666666667
ICICIBANK,Mar 2023,Private Banks,asset_turnover,0.061816501488391566,13.333333333333334
ICICIBANK,Mar 2024,Private Banks,asset_turnover,0.06747535915921023,30.0
ICICIBANK,TTM,Private Banks,asset_turnover,,
INDUSINDBK,Mar 2013,Private Banks,asset_turnover,0.09525693317145702,98.33333333333333
INDUSINDBK,Mar 2014,Private Banks,asset_turnover,0.09484521867028245,96.66666666666667
INDUSINDBK,Mar 2015,Private Banks,asset_turnover,0.08670060024868724,86.66666666666667
INDUSINDBK,Mar 2016,Private Banks,asset_turnover,0.08308082045109415,80.0
INDUSINDBK,Mar 2017,Private Banks,asset_turnover,0.08063902198737181,71.66666666666667
INDUSINDBK,Mar 2018,Private Banks,asset_turnover,0.07797370344634655,61.66666666666667
INDUSINDBK,Mar 2019,Private Banks,asset_turnover,0.08012770904797728,70.0
INDUSINDBK,Mar 2020,Private Banks,asset_turnover,0.09373799086817475,95.0
INDUSINDBK,Mar 2021,Private Banks,asset_turnover,0.07989574982161207,68.33333333333333
INDUSINDBK,Mar 2022,Private Banks,asset_turnover,0.07667641022451645,56.666666666666664
INDUSINDBK,Mar 2023,Private Banks,asset_turnover,0.07944010974128667,65.0
INDUSINDBK,Mar 2024,Private Banks,asset_turnover,0.08884228106460039,90.0
INDUSINDBK,TTM,Private Banks,asset_turnover,,
KOTAKBANK,Mar 2013,Private Banks,asset_turnover,0.09356412137954849,93.33333333333333
KOTAKBANK,Mar 2014,Private Banks,asset_turnover,0.09808751442343101,100.0
KOTAKBANK,Mar 2015,Private Banks,asset_turnover,0.08971198405000538,91.66666666666666
KOTAKBANK,Mar 2016,Private Banks,asset_turnover,0.08472450623743792,85.0
KOTAKBANK,Mar 2017,Private Banks,asset_turnover,0.08082900053586688,73.33333333333333
KOTAKBANK,Mar 2018,Private Banks,asset_turnover,0.07441371550396779,48.333333333333336
KOTAKBANK,Mar 2019,Private Banks,asset_turnover,0.07548883900893537,51.66666666666667
KOTAKBANK,Mar 2020,Private Banks,asset_turnover,0.07553257982774221,53.333333333333336
KOTAKBANK,Mar 2021,Private Banks,asset_turnover,0.06853863599343432,38.333333333333336
KOTAKBANK,Mar 2022,Private Banks,asset_turnover,0.061740390632719605,11.666666666666666
KOTAKBANK,Mar 2023,Private Banks,asset_turnover,0.06793836532727301,36.666666666666664
KOTAKBANK,Mar 2024,Private Banks,asset_turnover,0.07325702420450533,46.666666666666664
KOTAKBANK,TTM,Private Banks,asset_turnover,,
AXISBANK,Mar 2013,Private Banks,free_cash_flow,-8366.0,36.666666666666664
AXISBANK,Mar 2014,Private Banks,free_cash_flow,298.0,58.333333333333336
AXISBANK,Mar 2015,Private Banks,free_cash_flow,-23134.0,15.0
AXISBANK,Mar 2016,Private Banks,free_cash_flow,-43706.0,6.666666666666667
AXISBANK,Mar 2017,Private Banks,free_cash_flow,19751.0,88.33333333333333
AXISBANK,Mar 2018,Private Banks,free_cash_flow,-48397.0,5.0
AXISBANK,Mar 2019,Private Banks,free_cash_flow,18451.0,85.0
AXISBANK,Mar 2020,Private Banks,free_cash_flow,20931.0,90.0
AXISBANK,Mar 2021,Private Banks,free_cash_flow,-41655.0,8.333333333333332
AXISBANK,Mar 2022,Private Banks,free_cash_flow,1025.0,60.0
AXISBANK,Mar 2023,Private Banks,free_cash_flow,-10276.0,33.33333333333333
AXISBANK,Mar 2024,Private Banks,free_cash_flow,-14556.0,25.0
AXISBANK,TTM,Private Banks,free_cash_flow,,
HDFCBANK,Mar 2013,Private Banks,free_cash_flow,-6749.0,40.0
HDFCBANK,Mar 2014,Private Banks,free_cash_flow,3112.0,65.0
HDFCBANK,Mar 2015,Private Banks,free_cash_flow,-22081.0,16.666666666666664
HDFCBANK,Mar 2016,Private Banks,free_cash_flow,-35272.0,10.0
HDFCBANK,Mar 2017,Private Banks,free_cash_flow,16136.0,76.66666666666667
HDFCBANK,Mar 2018,Private Banks,free_cash_flow,16372.0,80.0
HDFCBANK,Mar 2019,Private Banks,free_cash_flow,-64375.0,3.3333333333333335
HDFCBANK,Mar 2020,Private Banks,free_cash_flow,-18272.0,20.0
HDFCBANK,Mar 2021,Private Banks,free_cash_flow,40653.0,95.0
HDFCBANK,Mar 2022,Private Banks,free_cash_flow,-14011.0,26.666666666666668
HDFCBANK,Mar 2023,Private Banks,free_cash_flow,17822.0,81.66666666666667
HDFCBANK,Mar 2024,Private Banks,free_cash_flow,2469.0,61.66666666666667
HDFCBANK,TTM,Private Banks,free_cash_flow,,
ICICIBANK,Mar 2013,Private Banks,free_cash_flow,-1069.0,55.00000000000001
ICICIBANK,Mar 2014,Private Banks,free_cash_flow,-8985.0,35.0
ICICIBANK,Mar 2015,Private Banks,free_cash_flow,-25448.0,13.333333333333334
ICICIBANK,Mar 2016,Private Banks,free_cash_flow,11585.0,73.33333333333333
ICICIBANK,Mar 2017,Private Banks,free_cash_flow,50925.0,98.33333333333333
ICICIBANK,Mar 2018,Private Banks,free_cash_flow,-31168.0,11.666666666666666
ICICIBANK,Mar 2019,Private Banks,free_cash_flow,18389.0,83.33333333333334
ICICIBANK,Mar 2020,Private Banks,free_cash_flow,37470.0,93.33333333333333
ICICIBANK,Mar 2021,Private Banks,free_cash_flow,74384.0,100.0
ICICIBANK,Mar 2022,Private Banks,free_cash_flow,18663.0,86.66666666666667
ICICIBANK,Mar 2023,Private Banks,free_cash_flow,-71460.0,1.6666666666666667
ICICIBANK,Mar 2024,Private Banks,free_cash_flow,12547.0,75.0
ICICIBANK,TTM,Private Banks,free_cash_flow,,
INDUSINDBK,Mar 2013,Private Banks,free_cash_flow,-660.0,56.666666666666664
INDUSINDBK,Mar 2014,Private Banks,free_cash_flow,-4280.0,45.0
INDUSINDBK,Mar 2015,Private Banks,free_cash_flow,-1697.0,51.66666666666667
INDUSINDBK,Mar 2016,Private Banks,free_cash_flow,-3185.0,46.666666666666664
INDUSINDBK,Mar 2017,Private Banks,free_cash_flow,11284.0,71.66666666666667
INDUSINDBK,Mar 2018,Private Banks,free_cash_flow,-20917.0,18.333333333333332
INDUSINDBK,Mar 2019,Private Banks,free_cash_flow,-7022.0,38.333333333333336
INDUSINDBK,Mar 2020,Private Banks,free_cash_flow,-12565.0,30.0
INDUSINDBK,Mar 2021,Private Banks,free_cash_flow,44420.0,96.66666666666667
INDUSINDBK,Mar 2022,Private Banks,free_cash_flow,16249.0,78.33333333333333
INDUSINDBK,Mar 2023,Private Banks,free_cash_flow,-12879.0,28.333333333333332
INDUSINDBK,Mar 2024,Private Banks,free_cash_flow,-17468.0,21.666666666666668
INDUSINDBK,TTM,Private Banks,free_cash_flow,,
KOTAKBANK,Mar 2013,Private Banks,free_cash_flow,-6157.0,43.333333333333336
KOTAKBANK,Mar 2014,Private Banks,free_cash_flow,7938.0,70.0
KOTAKBANK,Mar 2015,Private Banks,free_cash_flow,-2165.0,50.0
KOTAKBANK,Mar 2016,Private Banks,free_cash_flow,2672.0,63.33333333333333
KOTAKBANK,Mar 2017,Private Banks,free_cash_flow,7933.0,68.33333333333333
KOTAKBANK,Mar 2018,Private Banks,free_cash_flow,-15867.0,23.333333333333332
KOTAKBANK,Mar 2019,Private Banks,free_cash_flow,-1501.0,53.333333333333336
KOTAKBANK,Mar 2020,Private Banks,free_cash_flow,33551.0,91.66666666666666
KOTAKBANK,Mar 2021,Private Banks,free_cash_flow,-6291.0,41.66666666666667
KOTAKBANK,Mar 2022,Private Banks,free_cash_flow,-2595.0,48.333333333333336
KOTAKBANK,Mar 2023,Private Banks,free_cash_flow,-11623.0,31.666666666666664
KOTAKBANK,Mar 2024,Private Banks,free_cash_flow,6766.0,66.66666666666666
KOTAKBANK,TTM,Private Banks,free_cash_flow,,
AXISBANK,Mar 2013,Private Banks,cfo_quality_score,0.4968140567677158,48.333333333333336
AXISBANK,Mar 2014,Private Banks,cfo_quality_score,2.326149887423609,76.66666666666667
AXISBANK,Mar 2015,Private Banks,cfo_quality_score,-2.060614297363414,13.333333333333334
AXISBANK,Mar 2016,Private Banks,cfo_quality_score,-4.19443093385214,5.0
AXISBANK,Mar 2017,Private Banks,cfo_quality_score,8.754824680619734,96.66666666666667
AXISBANK,Mar 2018,Private Banks,cfo_quality_score,-139.09420289855072,1.6666666666666667
AXISBANK,Mar 2019,Private Banks,cfo_quality_score,7.937780628608082,93.33333333333333
AXISBANK,Mar 2020,Private Banks,cfo_quality_score,18.694529809465273,100.0
AXISBANK,Mar 2021,Private Banks,cfo_quality_score,1.9175774134790529,66.66666666666666
AXISBANK,Mar 2022,Private Banks,cfo_quality_score,2.1602303262955855,70.0
AXISBANK,Mar 2023,Private Banks,cfo_quality_score,2.3042797494780793,75.0
AXISBANK,Mar 2024,Private Banks,cfo_quality_score,-0.2234423394071035,35.0
AXISBANK,TTM,Private Banks,cfo_quality_score,,
HDFCBANK,Mar 2013,Private Banks,cfo_quality_score,-0.8470230334637114,26.666666666666668
HDFCBANK,Mar 2014,Private Banks,cfo_quality_score,0.4802691605839416,45.0
HDFCBANK,Mar 2015,Private Banks,cfo_quality_score,-1.9883210314864992,15.0
HDFCBANK,Mar 2016,Private Banks,cfo_quality_score,-2.6858279385383357,11.666666666666666
HDFCBANK,Mar 2017,Private Banks,cfo_quality_score,1.128288829405236,58.333333333333336
HDFCBANK,Mar 2018,Private Banks,cfo_quality_score,0.9274284790690157,56.666666666666664
HDFCBANK,Mar 2019,Private Banks,cfo_quality_score,-2.801033591731266,8.333333333333332
HDFCBANK,Mar 2020,Private Banks,cfo_quality_score,-0.6180026377491208,30.0
HDFCBANK,Mar 2021,Private Banks,cfo_quality_score,1.3333333333333333,61.66666666666667
HDFCBANK,Mar 2022,Private Banks,cfo_quality_score,-0.3134911273623234,33.33333333333333
HDFCBANK,Mar 2023,Private Banks,cfo_quality_score,0.45101735682246635,43.333333333333336
HDFCBANK,Mar 2024,Private Banks,cfo_quality_score,0.2913699844146319,41.66666666666667
HDFCBANK,TTM,Private Banks,cfo_quality_score,,
ICICIBANK,Mar 2013,Private Banks,cfo_quality_score,1.726949654491609,65.0
ICICIBANK,Mar 2014,Private Banks,cfo_quality_score,0.5793440095915047,50.0
ICICIBANK,Mar 2015,Private Banks,cfo_quality_score,-0.9483078349559574,25.0
ICICIBANK,Mar 2016,Private Banks,cfo_quality_score,2.16390592111284,71.66666666666667
ICICIBANK,Mar 2017,Private Banks,cfo_quality_score,4.641622574955909,86.66666666666667
ICICIBANK,Mar 2018,Private Banks,cfo_quality_score,2.13,68.33333333333333
ICICIBANK,Mar 2019,Private Banks,cfo_quality_score,8.555282123396028,95.0
ICICIBANK,Mar 2020,Private Banks,cfo_quality_score,7.088195991091314,91.66666666666666
ICICIBANK,Mar 2021,Private Banks,cfo_quality_score,6.777401296405421,90.0
ICICIBANK,Mar 2022,Private Banks,cfo_quality_score,2.18972793729746,73.33333333333333
ICICIBANK,Mar 2023,Private Banks,cfo_quality_score,-0.10634217873156425,36.666666666666664
ICICIBANK,Mar 2024,Private Banks,cfo_quality_score,3.4132071786636575,80.0
ICICIBANK,TTM,Private Banks,cfo_quality_score,,
INDUSINDBK,Mar 2013,Private Banks,cfo_quality_score,-0.4580584354382658,31.666666666666664
INDUSINDBK,Mar 2014,Private Banks,cfo_quality_score,-2.9161931818181817,6.666666666666667
INDUSINDBK,Mar 2015,Private Banks,cfo_quality_score,-0.7920847268673356,28.333333333333332
INDUSINDBK,Mar 2016,Private Banks,cfo_quality_score,-1.2804024496937882,23.333333333333332
INDUSINDBK,Mar 2017,Private Banks,cfo_quality_score,4.033821478382148,85.0
INDUSINDBK,Mar 2018,Private Banks,cfo_quality_score,-5.740432612312812,3.3333333333333335
INDUSINDBK,Mar 2019,Private Banks,cfo_quality_score,-1.9354740987579522,16.666666666666664
INDUSINDBK,Mar 2020,Private Banks,cfo_quality_score,-2.724988682661838,10.0
INDUSINDBK,Mar 2021,Private Banks,cfo_quality_score,15.7425952045134,98.33333333333333
INDUSINDBK,Mar 2022,Private Banks,cfo_quality_score,3.600086749078291,83.33333333333334
INDUSINDBK,Mar 2023,Private Banks,cfo_quality_score,-1.683085250338295,20.0
INDUSINDBK,Mar 2024,Private Banks,cfo_quality_score,-1.8818994413407821,18.333333333333332
INDUSINDBK,TTM,Private Banks,cfo_quality_score,,
KOTAKBANK,Mar 2013,Private Banks,cfo_quality_score,1.285969615728329,60.0
KOTAKBANK,Mar 2014,Private Banks,cfo_quality_score,3.588444796201029,81.66666666666667
KOTAKBANK,Mar 2015,Private Banks,cfo_quality_score,0.7413848631239935,53.333333333333336
KOTAKBANK,Mar 2016,Private Banks,cfo_quality_score,1.4259364358683315,63.33333333333333
KOTAKBANK,Mar 2017,Private Banks,cfo_quality_score,2.634389320581789,78.33333333333333
KOTAKBANK,Mar 2018,Private Banks,cfo_quality_score,-1.660594439117929,21.666666666666668
KOTAKBANK,Mar 2019,Private Banks,cfo_quality_score,0.2529150471960022,40.0
KOTAKBANK,Mar 2020,Private Banks,cfo_quality_score,5.425229838240428,88.33333333333333
KOTAKBANK,Mar 2021,Private Banks,cfo_quality_score,0.4885885885885886,46.666666666666664
KOTAKBANK,Mar 2022,Private Banks,cfo_quality_score,0.6872363305484325,51.66666666666667
KOTAKBANK,Mar 2023,Private Banks,cfo_quality_score,-0.08321608040201005,38.333333333333336
KOTAKBANK,Mar 2024,Private Banks,cfo_quality_score,0.8611980453522209,55.00000000000001
KOTAKBANK,TTM,Private Banks,cfo_quality_score,,
BANKBARODA,Mar 2013,Public Sector Banks,return_on_equity_pct,14.509344390361157,37.34567901234568
BANKBARODA,Mar 2014,Public Sector Banks,return_on_equity_pct,13.306206568552328,36.7283950617284
BANKBARODA,Mar 2015,Public Sector Banks,return_on_equity_pct,9.400733019182256,36.11111111111111
BANKBARODA,Mar 2016,Public Sector Banks,return_on_equity_pct,-11.841517069383338,23.456790123456788
BANKBARODA,Mar 2017,Public Sector Banks,return_on_equity_pct,4.307242204007709,26.543209876543212
BANKBARODA,Mar 2018,Public Sector Banks,return_on_equity_pct,-3.9427908774642444,24.691358024691358
BANKBARODA,Mar 2019,Public Sector Banks,return_on_equity_pct,2.1201541930322207,25.925925925925924
BANKBARODA,Mar 2020,Public Sector Banks,return_on_equity_pct,1.2890255439924314,25.0
BANKBARODA,Mar 2021,Public Sector Banks,return_on_equity_pct,1.9662580410243962,25.617283950617285
BANKBARODA,Mar 2022,Public Sector Banks,return_on_equity_pct,8.635121749447583,34.876543209876544
BANKBARODA,Mar 2023,Public Sector Banks,return_on_equity_pct,14.282994621864736,37.03703703703704
BANKBARODA,Mar 2024,Public Sector Banks,return_on_equity_pct,15.761863790899902,37.96296296296296
BANKBARODA,TTM,Public Sector Banks,return_on_equity_pct,,
CANBK,Mar 2013,Public Sector Banks,return_on_equity_pct,11.896250397203687,36.41975308641975
CANBK,Mar 2014,Public Sector Banks,return_on_equity_pct,8.854718981972429,35.49382716049383
CANBK,Mar 2015,Public Sector Banks,return_on_equity_pct,9.020682014034225,35.80246913580247
CANBK,Mar 2016,Public Sector Banks,return_on_equity_pct,-7.821659981487196,24.074074074074073
CANBK,Mar 2017,Public Sector Banks,return_on_equity_pct,4.06804093988756,26.234567901234566
CANBK,Mar 2018,Public Sector Banks,return_on_equity_pct,-10.496788356776973,23.765432098765434
CANBK,Mar 2019,Public Sector Banks,return_on_equity_pct,1.8466926689484995,25.308641975308642
CANBK,Mar 2020,Public Sector Banks,return_on_equity_pct,-4.661942435567636,24.382716049382715
CANBK,Mar 2021,Public Sector Banks,return_on_equity_pct,4.73802275276398,26.851851851851855
CANBK,Mar 2022,Public Sector Banks,return_on_equity_pct,8.802046854676176,35.18518518518518
CANBK,Mar 2023,Public Sector Banks,return_on_equity_pct,14.534809234632434,37.65432098765432
CANBK,Mar 2024,Public Sector Banks,return_on_equity_pct,16.716051794688113,38.2716049382716
CANBK,TTM,Public Sector Banks,return_on_equity_pct,,
PNB,Mar 2013,Public Sector Banks,return_on_equity_pct,812.2977346278317,96.29629629629629
PNB,Mar 2013,Public Sector Banks,return_on_equity_pct,812.2977346278317,96.29629629629629
PNB,Mar 2013,Public Sector Banks,return_on_equity_pct,812.2977346278317,96.29629629629629
PNB,Mar 2013,Public Sector Banks,return_on_equity_pct,812.2977346278317,96.29629629629629
PNB,Mar 2013,Public Sector Banks,return_on_equity_pct,812.2977346278317,96.29629629629629
PNB,Mar 2013,Public Sector Banks,return_on_equity_pct,812.2977346278317,96.29629629629629
PNB,Mar 2013,Public Sector Banks,return_on_equity_pct,812.2977346278317,96.29629629629629
PNB,Mar 2013,Public Sector Banks,return_on_equity_pct,812.2977346278317,96.29629629629629
PNB,Mar 2013,Public Sector Banks,return_on_equity_pct,812.2977346278317,96.29629629629629
PNB,Mar 2013,Public Sector Banks,return_on_equity_pct,812.2977346278317,96.29629629629629
PNB,Mar 2013,Public Sector Banks,return_on_equity_pct,812.2977346278317,96.29629629629629
PNB,Mar 2013,Public Sector Banks,return_on_equity_pct,812.2977346278317,96.29629629629629
PNB,Mar 2013,Public Sector Banks,return_on_equity_pct,812.2977346278317,96.29629629629629
PNB,Mar 2013,Public Sector Banks,return_on_equity_pct,812.2977346278317,96.29629629629629
PNB,Mar 2013,Public Sector Banks,return_on_equity_pct,812.2977346278317,96.29629629629629
PNB,Mar 2013,Public Sector Banks,return_on_equity_pct,812.2977346278317,96.29629629629629
PNB,Mar 2013,Public Sector Banks,return_on_equity_pct,812.2977346278317,96.29629629629629
PNB,Mar 2013,Public Sector Banks,return_on_equity_pct,812.2977346278317,96.29629629629629
PNB,Mar 2013,Public Sector Banks,return_on_equity_pct,812.2977346278317,96.29629629629629
PNB,Mar 2013,Public Sector Banks,return_on_equity_pct,812.2977346278317,96.29629629629629
PNB,Mar 2013,Public Sector Banks,return_on_equity_pct,812.2977346278317,96.29629629629629
PNB,Mar 2013,Public Sector Banks,return_on_equity_pct,812.2977346278317,96.29629629629629
PNB,Mar 2013,Public Sector Banks,return_on_equity_pct,812.2977346278317,96.29629629629629
PNB,Mar 2013,Public Sector Banks,return_on_equity_pct,812.2977346278317,96.29629629629629
PNB,Mar 2013,Public Sector Banks,return_on_equity_pct,812.2977346278317,96.29629629629629
PNB,Mar 2014,Public Sector Banks,return_on_equity_pct,393.3618843683083,88.58024691358025
PNB,Mar 2014,Public Sector Banks,return_on_equity_pct,393.3618843683083,88.58024691358025
PNB,Mar 2014,Public Sector Banks,return_on_equity_pct,393.3618843683083,88.58024691358025
PNB,Mar 2014,Public Sector Banks,return_on_equity_pct,393.3618843683083,88.58024691358025
PNB,Mar 2014,Public Sector Banks,return_on_equity_pct,393.3618843683083,88.58024691358025
PNB,Mar 2014,Public Sector Banks,return_on_equity_pct,393.3618843683083,88.58024691358025
PNB,Mar 2014,Public Sector Banks,return_on_equity_pct,393.3618843683083,88.58024691358025
PNB,Mar 2014,Public Sector Banks,return_on_equity_pct,393.3618843683083,88.58024691358025
PNB,Mar 2014,Public Sector Banks,return_on_equity_pct,393.3618843683083,88.58024691358025
PNB,Mar 2014,Public Sector Banks,return_on_equity_pct,393.3618843683083,88.58024691358025
PNB,Mar 2014,Public Sector Banks,return_on_equity_pct,393.3618843683083,88.58024691358025
PNB,Mar 2014,Public Sector Banks,return_on_equity_pct,393.3618843683083,88.58024691358025
PNB,Mar 2014,Public Sector Banks,return_on_equity_pct,393.3618843683083,88.58024691358025
PNB,Mar 2014,Public Sector Banks,return_on_equity_pct,393.3618843683083,88.58024691358025
PNB,Mar 2014,Public Sector Banks,return_on_equity_pct,393.3618843683083,88.58024691358025
PNB,Mar 2014,Public Sector Banks,return_on_equity_pct,393.3618843683083,88.58024691358025
PNB,Mar 2014,Public Sector Banks,return_on_equity_pct,393.3618843683083,88.58024691358025
PNB,Mar 2014,Public Sector Banks,return_on_equity_pct,393.3618843683083,88.58024691358025
PNB,Mar 2014,Public Sector Banks,return_on_equity_pct,393.3618843683083,88.58024691358025
PNB,Mar 2014,Public Sector Banks,return_on_equity_pct,393.3618843683083,88.58024691358025
PNB,Mar 2014,Public Sector Banks,return_on_equity_pct,393.3618843683083,88.58024691358025
PNB,Mar 2014,Public Sector Banks,return_on_equity_pct,393.3618843683083,88.58024691358025
PNB,Mar 2014,Public Sector Banks,return_on_equity_pct,393.3618843683083,88.58024691358025
PNB,Mar 2014,Public Sector Banks,return_on_equity_pct,393.3618843683083,88.58024691358025
PNB,Mar 2014,Public Sector Banks,return_on_equity_pct,393.3618843683083,88.58024691358025
PNB,Mar 2015,Public Sector Banks,return_on_equity_pct,223.2425585813806,80.8641975308642
PNB,Mar 2015,Public Sector Banks,return_on_equity_pct,223.2425585813806,80.8641975308642
PNB,Mar 2015,Public Sector Banks,return_on_equity_pct,223.2425585813806,80.8641975308642
PNB,Mar 2015,Public Sector Banks,return_on_equity_pct,223.2425585813806,80.8641975308642
PNB,Mar 2015,Public Sector Banks,return_on_equity_pct,223.2425585813806,80.8641975308642
PNB,Mar 2015,Public Sector Banks,return_on_equity_pct,223.2425585813806,80.8641975308642
PNB,Mar 2015,Public Sector Banks,return_on_equity_pct,223.2425585813806,80.8641975308642
PNB,Mar 2015,Public Sector Banks,return_on_equity_pct,223.2425585813806,80.8641975308642
PNB,Mar 2015,Public Sector Banks,return_on_equity_pct,223.2425585813806,80.8641975308642
PNB,Mar 2015,Public Sector Banks,return_on_equity_pct,223.2425585813806,80.8641975308642
PNB,Mar 2015,Public Sector Banks,return_on_equity_pct,223.2425585813806,80.8641975308642
PNB,Mar 2015,Public Sector Banks,return_on_equity_pct,223.2425585813806,80.8641975308642
PNB,Mar 2015,Public Sector Banks,return_on_equity_pct,223.2425585813806,80.8641975308642
PNB,Mar 2015,Public Sector Banks,return_on_equity_pct,223.2425585813806,80.8641975308642
PNB,Mar 2015,Public Sector Banks,return_on_equity_pct,223.2425585813806,80.8641975308642
PNB,Mar 2015,Public Sector Banks,return_on_equity_pct,223.2425585813806,80.8641975308642
PNB,Mar 2015,Public Sector Banks,return_on_equity_pct,223.2425585813806,80.8641975308642
PNB,Mar 2015,Public Sector Banks,return_on_equity_pct,223.2425585813806,80.8641975308642
PNB,Mar 2015,Public Sector Banks,return_on_equity_pct,223.2425585813806,80.8641975308642
PNB,Mar 2015,Public Sector Banks,return_on_equity_pct,223.2425585813806,80.8641975308642
PNB,Mar 2015,Public Sector Banks,return_on_equity_pct,223.2425585813806,80.8641975308642
PNB,Mar 2015,Public Sector Banks,return_on_equity_pct,223.2425585813806,80.8641975308642
PNB,Mar 2015,Public Sector Banks,return_on_equity_pct,223.2425585813806,80.8641975308642
PNB,Mar 2015,Public Sector Banks,return_on_equity_pct,223.2425585813806,80.8641975308642
PNB,Mar 2015,Public Sector Banks,return_on_equity_pct,223.2425585813806,80.8641975308642
PNB,Mar 2016,Public Sector Banks,return_on_equity_pct,-163.56011183597388,11.728395061728394
PNB,Mar 2016,Public Sector Banks,return_on_equity_pct,-163.56011183597388,11.728395061728394
PNB,Mar 2016,Public Sector Banks,return_on_equity_pct,-163.56011183597388,11.728395061728394
PNB,Mar 2016,Public Sector Banks,return_on_equity_pct,-163.56011183597388,11.728395061728394
PNB,Mar 2016,Public Sector Banks,return_on_equity_pct,-163.56011183597388,11.728395061728394
PNB,Mar 2016,Public Sector Banks,return_on_equity_pct,-163.56011183597388,11.728395061728394
PNB,Mar 2016,Public Sector Banks,return_on_equity_pct,-163.56011183597388,11.728395061728394
PNB,Mar 2016,Public Sector Banks,return_on_equity_pct,-163.56011183597388,11.728395061728394
PNB,Mar 2016,Public Sector Banks,return_on_equity_pct,-163.56011183597388,11.728395061728394
PNB,Mar 2016,Public Sector Banks,return_on_equity_pct,-163.56011183597388,11.728395061728394
PNB,Mar 2016,Public Sector Banks,return_on_equity_pct,-163.56011183597388,11.728395061728394
PNB,Mar 2016,Public Sector Banks,return_on_equity_pct,-163.56011183597388,11.728395061728394
PNB,Mar 2016,Public Sector Banks,return_on_equity_pct,-163.56011183597388,11.728395061728394
PNB,Mar 2016,Public Sector Banks,return_on_equity_pct,-163.56011183597388,11.728395061728394
PNB,Mar 2016,Public Sector Banks,return_on_equity_pct,-163.56011183597388,11.728395061728394
PNB,Mar 2016,Public Sector Banks,return_on_equity_pct,-163.56011183597388,11.728395061728394
PNB,Mar 2016,Public Sector Banks,return_on_equity_pct,-163.56011183597388,11.728395061728394
PNB,Mar 2016,Public Sector Banks,return_on_equity_pct,-163.56011183597388,11.728395061728394
PNB,Mar 2016,Public Sector Banks,return_on_equity_pct,-163.56011183597388,11.728395061728394
PNB,Mar 2016,Public Sector Banks,return_on_equity_pct,-163.56011183597388,11.728395061728394
PNB,Mar 2016,Public Sector Banks,return_on_equity_pct,-163.56011183597388,11.728395061728394
PNB,Mar 2016,Public Sector Banks,return_on_equity_pct,-163.56011183597388,11.728395061728394
PNB,Mar 2016,Public Sector Banks,return_on_equity_pct,-163.56011183597388,11.728395061728394
PNB,Mar 2016,Public Sector Banks,return_on_equity_pct,-163.56011183597388,11.728395061728394
PNB,Mar 2016,Public Sector Banks,return_on_equity_pct,-163.56011183597388,11.728395061728394
PNB,Mar 2017,Public Sector Banks,return_on_equity_pct,22.212262459662963,42.28395061728395
PNB,Mar 2017,Public Sector Banks,return_on_equity_pct,22.212262459662963,42.28395061728395
PNB,Mar 2017,Public Sector Banks,return_on_equity_pct,22.212262459662963,42.28395061728395
PNB,Mar 2017,Public Sector Banks,return_on_equity_pct,22.212262459662963,42.28395061728395
PNB,Mar 2017,Public Sector Banks,return_on_equity_pct,22.212262459662963,42.28395061728395
PNB,Mar 2017,Public Sector Banks,return_on_equity_pct,22.212262459662963,42.28395061728395
PNB,Mar 2017,Public Sector Banks,return_on_equity_pct,22.212262459662963,42.28395061728395
PNB,Mar 2017,Public Sector Banks,return_on_equity_pct,22.212262459662963,42.28395061728395
PNB,Mar 2017,Public Sector Banks,return_on_equity_pct,22.212262459662963,42.28395061728395
PNB,Mar 2017,Public Sector Banks,return_on_equity_pct,22.212262459662963,42.28395061728395
PNB,Mar 2017,Public Sector Banks,return_on_equity_pct,22.212262459662963,42.28395061728395
PNB,Mar 2017,Public Sector Banks,return_on_equity_pct,22.212262459662963,42.28395061728395
PNB,Mar 2017,Public Sector Banks,return_on_equity_pct,22.212262459662963,42.28395061728395
PNB,Mar 2017,Public Sector Banks,return_on_equity_pct,22.212262459662963,42.28395061728395
PNB,Mar 2017,Public Sector Banks,return_on_equity_pct,22.212262459662963,42.28395061728395
PNB,Mar 2017,Public Sector Banks,return_on_equity_pct,22.212262459662963,42.28395061728395
PNB,Mar 2017,Public Sector Banks,return_on_equity_pct,22.212262459662963,42.28395061728395
PNB,Mar 2017,Public Sector Banks,return_on_equity_pct,22.212262459662963,42.28395061728395
PNB,Mar 2017,Public Sector Banks,return_on_equity_pct,22.212262459662963,42.28395061728395
PNB,Mar 2017,Public Sector Banks,return_on_equity_pct,22.212262459662963,42.28395061728395
PNB,Mar 2017,Public Sector Banks,return_on_equity_pct,22.212262459662963,42.28395061728395
PNB,Mar 2017,Public Sector Banks,return_on_equity_pct,22.212262459662963,42.28395061728395
PNB,Mar 2017,Public Sector Banks,return_on_equity_pct,22.212262459662963,42.28395061728395
PNB,Mar 2017,Public Sector Banks,return_on_equity_pct,22.212262459662963,42.28395061728395
PNB,Mar 2017,Public Sector Banks,return_on_equity_pct,22.212262459662963,42.28395061728395
PNB,Mar 2018,Public Sector Banks,return_on_equity_pct,-184.36596133353632,4.012345679012346
PNB,Mar 2018,Public Sector Banks,return_on_equity_pct,-184.36596133353632,4.012345679012346
PNB,Mar 2018,Public Sector Banks,return_on_equity_pct,-184.36596133353632,4.012345679012346
PNB,Mar 2018,Public Sector Banks,return_on_equity_pct,-184.36596133353632,4.012345679012346
PNB,Mar 2018,Public Sector Banks,return_on_equity_pct,-184.36596133353632,4.012345679012346
PNB,Mar 2018,Public Sector Banks,return_on_equity_pct,-184.36596133353632,4.012345679012346
PNB,Mar 2018,Public Sector Banks,return_on_equity_pct,-184.36596133353632,4.012345679012346
PNB,Mar 2018,Public Sector Banks,return_on_equity_pct,-184.36596133353632,4.012345679012346
PNB,Mar 2018,Public Sector Banks,return_on_equity_pct,-184.36596133353632,4.012345679012346
PNB,Mar 2018,Public Sector Banks,return_on_equity_pct,-184.36596133353632,4.012345679012346
PNB,Mar 2018,Public Sector Banks,return_on_equity_pct,-184.36596133353632,4.012345679012346
PNB,Mar 2018,Public Sector Banks,return_on_equity_pct,-184.36596133353632,4.012345679012346
PNB,Mar 2018,Public Sector Banks,return_on_equity_pct,-184.36596133353632,4.012345679012346
PNB,Mar 2018,Public Sector Banks,return_on_equity_pct,-184.36596133353632,4.012345679012346
PNB,Mar 2018,Public Sector Banks,return_on_equity_pct,-184.36596133353632,4.012345679012346
PNB,Mar 2018,Public Sector Banks,return_on_equity_pct,-184.36596133353632,4.012345679012346
PNB,Mar 2018,Public Sector Banks,return_on_equity_pct,-184.36596133353632,4.012345679012346
PNB,Mar 2018,Public Sector Banks,return_on_equity_pct,-184.36596133353632,4.012345679012346
PNB,Mar 2018,Public Sector Banks,return_on_equity_pct,-184.36596133353632,4.012345679012346
PNB,Mar 2018,Public Sector Banks,return_on_equity_pct,-184.36596133353632,4.012345679012346
PNB,Mar 2018,Public Sector Banks,return_on_equity_pct,-184.36596133353632,4.012345679012346
PNB,Mar 2018,Public Sector Banks,return_on_equity_pct,-184.36596133353632,4.012345679012346
PNB,Mar 2018,Public Sector Banks,return_on_equity_pct,-184.36596133353632,4.012345679012346
PNB,Mar 2018,Public Sector Banks,return_on_equity_pct,-184.36596133353632,4.012345679012346
PNB,Mar 2018,Public Sector Banks,return_on_equity_pct,-184.36596133353632,4.012345679012346
PNB,Mar 2019,Public Sector Banks,return_on_equity_pct,-128.4465366509751,19.444444444444446
PNB,Mar 2019,Public Sector Banks,return_on_equity_pct,-128.4465366509751,19.444444444444446
PNB,Mar 2019,Public Sector Banks,return_on_equity_pct,-128.4465366509751,19.444444444444446
PNB,Mar 2019,Public Sector Banks,return_on_equity_pct,-128.4465366509751,19.444444444444446
PNB,Mar 2019,Public Sector Banks,return_on_equity_pct,-128.4465366509751,19.444444444444446
PNB,Mar 2019,Public Sector Banks,return_on_equity_pct,-128.4465366509751,19.444444444444446
PNB,Mar 2019,Public Sector Banks,return_on_equity_pct,-128.4465366509751,19.444444444444446
PNB,Mar 2019,Public Sector Banks,return_on_equity_pct,-128.4465366509751,19.444444444444446
PNB,Mar 2019,Public Sector Banks,return_on_equity_pct,-128.4465366509751,19.444444444444446
PNB,Mar 2019,Public Sector Banks,return_on_equity_pct,-128.4465366509751,19.444444444444446
PNB,Mar 2019,Public Sector Banks,return_on_equity_pct,-128.4465366509751,19.444444444444446
PNB,Mar 2019,Public Sector Banks,return_on_equity_pct,-128.4465366509751,19.444444444444446
PNB,Mar 2019,Public Sector Banks,return_on_equity_pct,-128.4465366509751,19.444444444444446
PNB,Mar 2019,Public Sector Banks,return_on_equity_pct,-128.4465366509751,19.444444444444446
PNB,Mar 2019,Public Sector Banks,return_on_equity_pct,-128.4465366509751,19.444444444444446
PNB,Mar 2019,Public Sector Banks,return_on_equity_pct,-128.4465366509751,19.444444444444446
PNB,Mar 2019,Public Sector Banks,return_on_equity_pct,-128.4465366509751,19.444444444444446
PNB,Mar 2019,Public Sector Banks,return_on_equity_pct,-128.4465366509751,19.444444444444446
PNB,Mar 2019,Public Sector Banks,return_on_equity_pct,-128.4465366509751,19.444444444444446
PNB,Mar 2019,Public Sector Banks,return_on_equity_pct,-128.4465366509751,19.444444444444446
PNB,Mar 2019,Public Sector Banks,return_on_equity_pct,-128.4465366509751,19.444444444444446
PNB,Mar 2019,Public Sector Banks,return_on_equity_pct,-128.4465366509751,19.444444444444446
PNB,Mar 2019,Public Sector Banks,return_on_equity_pct,-128.4465366509751,19.444444444444446
PNB,Mar 2019,Public Sector Banks,return_on_equity_pct,-128.4465366509751,19.444444444444446
PNB,Mar 2019,Public Sector Banks,return_on_equity_pct,-128.4465366509751,19.444444444444446
PNB,Mar 2020,Public Sector Banks,return_on_equity_pct,6.1029319239964765,30.864197530864196
PNB,Mar 2020,Public Sector Banks,return_on_equity_pct,6.1029319239964765,30.864197530864196
PNB,Mar 2020,Public Sector Banks,return_on_equity_pct,6.1029319239964765,30.864197530864196
PNB,Mar 2020,Public Sector Banks,return_on_equity_pct,6.1029319239964765,30.864197530864196
PNB,Mar 2020,Public Sector Banks,return_on_equity_pct,6.1029319239964765,30.864197530864196
PNB,Mar 2020,Public Sector Banks,return_on_equity_pct,6.1029319239964765,30.864197530864196
PNB,Mar 2020,Public Sector Banks,return_on_equity_pct,6.1029319239964765,30.864197530864196
PNB,Mar 2020,Public Sector Banks,return_on_equity_pct,6.1029319239964765,30.864197530864196
PNB,Mar 2020,Public Sector Banks,return_on_equity_pct,6.1029319239964765,30.864197530864196
PNB,Mar 2020,Public Sector Banks,return_on_equity_pct,6.1029319239964765,30.864197530864196
PNB,Mar 2020,Public Sector Banks,return_on_equity_pct,6.1029319239964765,30.864197530864196
PNB,Mar 2020,Public Sector Banks,return_on_equity_pct,6.1029319239964765,30.864197530864196
PNB,Mar 2020,Public Sector Banks,return_on_equity_pct,6.1029319239964765,30.864197530864196
PNB,Mar 2020,Public Sector Banks,return_on_equity_pct,6.1029319239964765,30.864197530864196
PNB,Mar 2020,Public Sector Banks,return_on_equity_pct,6.1029319239964765,30.864197530864196
PNB,Mar 2020,Public Sector Banks,return_on_equity_pct,6.1029319239964765,30.864197530864196
PNB,Mar 2020,Public Sector Banks,return_on_equity_pct,6.1029319239964765,30.864197530864196
PNB,Mar 2020,Public Sector Banks,return_on_equity_pct,6.1029319239964765,30.864197530864196
PNB,Mar 2020,Public Sector Banks,return_on_equity_pct,6.1029319239964765,30.864197530864196
PNB,Mar 2020,Public Sector Banks,return_on_equity_pct,6.1029319239964765,30.864197530864196
PNB,Mar 2020,Public Sector Banks,return_on_equity_pct,6.1029319239964765,30.864197530864196
PNB,Mar 2020,Public Sector Banks,return_on_equity_pct,6.1029319239964765,30.864197530864196
PNB,Mar 2020,Public Sector Banks,return_on_equity_pct,6.1029319239964765,30.864197530864196
PNB,Mar 2020,Public Sector Banks,return_on_equity_pct,6.1029319239964765,30.864197530864196
PNB,Mar 2020,Public Sector Banks,return_on_equity_pct,6.1029319239964765,30.864197530864196
PNB,Mar 2021,Public Sector Banks,return_on_equity_pct,30.393594225780983,50.0
PNB,Mar 2021,Public Sector Banks,return_on_equity_pct,30.393594225780983,50.0
PNB,Mar 2021,Public Sector Banks,return_on_equity_pct,30.393594225780983,50.0
PNB,Mar 2021,Public Sector Banks,return_on_equity_pct,30.393594225780983,50.0
PNB,Mar 2021,Public Sector Banks,return_on_equity_pct,30.393594225780983,50.0
PNB,Mar 2021,Public Sector Banks,return_on_equity_pct,30.393594225780983,50.0
PNB,Mar 2021,Public Sector Banks,return_on_equity_pct,30.393594225780983,50.0
PNB,Mar 2021,Public Sector Banks,return_on_equity_pct,30.393594225780983,50.0
PNB,Mar 2021,Public Sector Banks,return_on_equity_pct,30.393594225780983,50.0
PNB,Mar 2021,Public Sector Banks,return_on_equity_pct,30.393594225780983,50.0
PNB,Mar 2021,Public Sector Banks,return_on_equity_pct,30.393594225780983,50.0
PNB,Mar 2021,Public Sector Banks,return_on_equity_pct,30.393594225780983,50.0
PNB,Mar 2021,Public Sector Banks,return_on_equity_pct,30.393594225780983,50.0
PNB,Mar 2021,Public Sector Banks,return_on_equity_pct,30.393594225780983,50.0
PNB,Mar 2021,Public Sector Banks,return_on_equity_pct,30.393594225780983,50.0
PNB,Mar 2021,Public Sector Banks,return_on_equity_pct,30.393594225780983,50.0
PNB,Mar 2021,Public Sector Banks,return_on_equity_pct,30.393594225780983,50.0
PNB,Mar 2021,Public Sector Banks,return_on_equity_pct,30.393594225780983,50.0
PNB,Mar 2021,Public Sector Banks,return_on_equity_pct,30.393594225780983,50.0
PNB,Mar 2021,Public Sector Banks,return_on_equity_pct,30.393594225780983,50.0
PNB,Mar 2021,Public Sector Banks,return_on_equity_pct,30.393594225780983,50.0
PNB,Mar 2021,Public Sector Banks,return_on_equity_pct,30.393594225780983,50.0
PNB,Mar 2021,Public Sector Banks,return_on_equity_pct,30.393594225780983,50.0
PNB,Mar 2021,Public Sector Banks,return_on_equity_pct,30.393594225780983,50.0
PNB,Mar 2021,Public Sector Banks,return_on_equity_pct,30.393594225780983,50.0
PNB,Mar 2022,Public Sector Banks,return_on_equity_pct,39.87348229772472,65.4320987654321
PNB,Mar 2022,Public Sector Banks,return_on_equity_pct,39.87348229772472,65.4320987654321
PNB,Mar 2022,Public Sector Banks,return_on_equity_pct,39.87348229772472,65.4320987654321
PNB,Mar 2022,Public Sector Banks,return_on_equity_pct,39.87348229772472,65.4320987654321
PNB,Mar 2022,Public Sector Banks,return_on_equity_pct,39.87348229772472,65.4320987654321
PNB,Mar 2022,Public Sector Banks,return_on_equity_pct,39.87348229772472,65.4320987654321
PNB,Mar 2022,Public Sector Banks,return_on_equity_pct,39.87348229772472,65.4320987654321
PNB,Mar 2022,Public Sector Banks,return_on_equity_pct,39.87348229772472,65.4320987654321
PNB,Mar 2022,Public Sector Banks,return_on_equity_pct,39.87348229772472,65.4320987654321
PNB,Mar 2022,Public Sector Banks,return_on_equity_pct,39.87348229772472,65.4320987654321
PNB,Mar 2022,Public Sector Banks,return_on_equity_pct,39.87348229772472,65.4320987654321
PNB,Mar 2022,Public Sector Banks,return_on_equity_pct,39.87348229772472,65.4320987654321
PNB,Mar 2022,Public Sector Banks,return_on_equity_pct,39.87348229772472,65.4320987654321
PNB,Mar 2022,Public Sector Banks,return_on_equity_pct,39.87348229772472,65.4320987654321
PNB,Mar 2022,Public Sector Banks,return_on_equity_pct,39.87348229772472,65.4320987654321
PNB,Mar 2022,Public Sector Banks,return_on_equity_pct,39.87348229772472,65.4320987654321
PNB,Mar 2022,Public Sector Banks,return_on_equity_pct,39.87348229772472,65.4320987654321
PNB,Mar 2022,Public Sector Banks,return_on_equity_pct,39.87348229772472,65.4320987654321
PNB,Mar 2022,Public Sector Banks,return_on_equity_pct,39.87348229772472,65.4320987654321
PNB,Mar 2022,Public Sector Banks,return_on_equity_pct,39.87348229772472,65.4320987654321
PNB,Mar 2022,Public Sector Banks,return_on_equity_pct,39.87348229772472,65.4320987654321
PNB,Mar 2022,Public Sector Banks,return_on_equity_pct,39.87348229772472,65.4320987654321
PNB,Mar 2022,Public Sector Banks,return_on_equity_pct,39.87348229772472,65.4320987654321
PNB,Mar 2022,Public Sector Banks,return_on_equity_pct,39.87348229772472,65.4320987654321
PNB,Mar 2022,Public Sector Banks,return_on_equity_pct,39.87348229772472,65.4320987654321
PNB,Mar 2023,Public Sector Banks,return_on_equity_pct,30.667397060166163,57.71604938271605
PNB,Mar 2023,Public Sector Banks,return_on_equity_pct,30.667397060166163,57.71604938271605
PNB,Mar 2023,Public Sector Banks,return_on_equity_pct,30.667397060166163,57.71604938271605
PNB,Mar 2023,Public Sector Banks,return_on_equity_pct,30.667397060166163,57.71604938271605
PNB,Mar 2023,Public Sector Banks,return_on_equity_pct,30.667397060166163,57.71604938271605
PNB,Mar 2023,Public Sector Banks,return_on_equity_pct,30.667397060166163,57.71604938271605
PNB,Mar 2023,Public Sector Banks,return_on_equity_pct,30.667397060166163,57.71604938271605
PNB,Mar 2023,Public Sector Banks,return_on_equity_pct,30.667397060166163,57.71604938271605
PNB,Mar 2023,Public Sector Banks,return_on_equity_pct,30.667397060166163,57.71604938271605
PNB,Mar 2023,Public Sector Banks,return_on_equity_pct,30.667397060166163,57.71604938271605
PNB,Mar 2023,Public Sector Banks,return_on_equity_pct,30.667397060166163,57.71604938271605
PNB,Mar 2023,Public Sector Banks,return_on_equity_pct,30.667397060166163,57.71604938271605
PNB,Mar 2023,Public Sector Banks,return_on_equity_pct,30.667397060166163,57.71604938271605
PNB,Mar 2023,Public Sector Banks,return_on_equity_pct,30.667397060166163,57.71604938271605
PNB,Mar 2023,Public Sector Banks,return_on_equity_pct,30.667397060166163,57.71604938271605
PNB,Mar 2023,Public Sector Banks,return_on_equity_pct,30.667397060166163,57.71604938271605
PNB,Mar 2023,Public Sector Banks,return_on_equity_pct,30.667397060166163,57.71604938271605
PNB,Mar 2023,Public Sector Banks,return_on_equity_pct,30.667397060166163,57.71604938271605
PNB,Mar 2023,Public Sector Banks,return_on_equity_pct,30.667397060166163,57.71604938271605
PNB,Mar 2023,Public Sector Banks,return_on_equity_pct,30.667397060166163,57.71604938271605
PNB,Mar 2023,Public Sector Banks,return_on_equity_pct,30.667397060166163,57.71604938271605
PNB,Mar 2023,Public Sector Banks,return_on_equity_pct,30.667397060166163,57.71604938271605
PNB,Mar 2023,Public Sector Banks,return_on_equity_pct,30.667397060166163,57.71604938271605
PNB,Mar 2023,Public Sector Banks,return_on_equity_pct,30.667397060166163,57.71604938271605
PNB,Mar 2023,Public Sector Banks,return_on_equity_pct,30.667397060166163,57.71604938271605
PNB,Mar 2024,Public Sector Banks,return_on_equity_pct,61.320565191187306,73.14814814814815
PNB,Mar 2024,Public Sector Banks,return_on_equity_pct,61.320565191187306,73.14814814814815
PNB,Mar 2024,Public Sector Banks,return_on_equity_pct,61.320565191187306,73.14814814814815
PNB,Mar 2024,Public Sector Banks,return_on_equity_pct,61.320565191187306,73.14814814814815
PNB,Mar 2024,Public Sector Banks,return_on_equity_pct,61.320565191187306,73.14814814814815
PNB,Mar 2024,Public Sector Banks,return_on_equity_pct,61.320565191187306,73.14814814814815
PNB,Mar 2024,Public Sector Banks,return_on_equity_pct,61.320565191187306,73.14814814814815
PNB,Mar 2024,Public Sector Banks,return_on_equity_pct,61.320565191187306,73.14814814814815
PNB,Mar 2024,Public Sector Banks,return_on_equity_pct,61.320565191187306,73.14814814814815
PNB,Mar 2024,Public Sector Banks,return_on_equity_pct,61.320565191187306,73.14814814814815
PNB,Mar 2024,Public Sector Banks,return_on_equity_pct,61.320565191187306,73.14814814814815
PNB,Mar 2024,Public Sector Banks,return_on_equity_pct,61.320565191187306,73.14814814814815
PNB,Mar 2024,Public Sector Banks,return_on_equity_pct,61.320565191187306,73.14814814814815
PNB,Mar 2024,Public Sector Banks,return_on_equity_pct,61.320565191187306,73.14814814814815
PNB,Mar 2024,Public Sector Banks,return_on_equity_pct,61.320565191187306,73.14814814814815
PNB,Mar 2024,Public Sector Banks,return_on_equity_pct,61.320565191187306,73.14814814814815
PNB,Mar 2024,Public Sector Banks,return_on_equity_pct,61.320565191187306,73.14814814814815
PNB,Mar 2024,Public Sector Banks,return_on_equity_pct,61.320565191187306,73.14814814814815
PNB,Mar 2024,Public Sector Banks,return_on_equity_pct,61.320565191187306,73.14814814814815
PNB,Mar 2024,Public Sector Banks,return_on_equity_pct,61.320565191187306,73.14814814814815
PNB,Mar 2024,Public Sector Banks,return_on_equity_pct,61.320565191187306,73.14814814814815
PNB,Mar 2024,Public Sector Banks,return_on_equity_pct,61.320565191187306,73.14814814814815
PNB,Mar 2024,Public Sector Banks,return_on_equity_pct,61.320565191187306,73.14814814814815
PNB,Mar 2024,Public Sector Banks,return_on_equity_pct,61.320565191187306,73.14814814814815
PNB,Mar 2024,Public Sector Banks,return_on_equity_pct,61.320565191187306,73.14814814814815
PNB,TTM,Public Sector Banks,return_on_equity_pct,,
SBIN,Mar 2013,Public Sector Banks,return_on_equity_pct,,
SBIN,Mar 2014,Public Sector Banks,return_on_equity_pct,,
SBIN,Mar 2015,Public Sector Banks,return_on_equity_pct,,
SBIN,Mar 2016,Public Sector Banks,return_on_equity_pct,,
SBIN,Mar 2017,Public Sector Banks,return_on_equity_pct,,
SBIN,Mar 2018,Public Sector Banks,return_on_equity_pct,,
SBIN,Mar 2019,Public Sector Banks,return_on_equity_pct,,
SBIN,Mar 2020,Public Sector Banks,return_on_equity_pct,,
SBIN,Mar 2021,Public Sector Banks,return_on_equity_pct,,
SBIN,Mar 2022,Public Sector Banks,return_on_equity_pct,,
SBIN,Mar 2023,Public Sector Banks,return_on_equity_pct,,
SBIN,Mar 2024,Public Sector Banks,return_on_equity_pct,,
SBIN,TTM,Public Sector Banks,return_on_equity_pct,,
BANKBARODA,Mar 2013,Public Sector Banks,roce_calculated,2.0185299203279787,25.0
BANKBARODA,Mar 2014,Public Sector Banks,roce_calculated,1.8400476466815308,8.333333333333332
BANKBARODA,Mar 2015,Public Sector Banks,roce_calculated,1.903318864566976,12.5
BANKBARODA,Mar 2016,Public Sector Banks,roce_calculated,3.8294881598216692,87.5
BANKBARODA,Mar 2017,Public Sector Banks,roce_calculated,2.7835376522269746,37.5
BANKBARODA,Mar 2018,Public Sector Banks,roce_calculated,3.6296890845026337,79.16666666666666
BANKBARODA,Mar 2019,Public Sector Banks,roce_calculated,3.269989815720272,58.333333333333336
BANKBARODA,Mar 2020,Public Sector Banks,roce_calculated,3.5441037128248123,75.0
BANKBARODA,Mar 2021,Public Sector Banks,roce_calculated,3.3116932260345884,66.66666666666666
BANKBARODA,Mar 2022,Public Sector Banks,roce_calculated,2.9375195740682742,45.83333333333333
BANKBARODA,Mar 2023,Public Sector Banks,roce_calculated,2.6409062430274783,29.166666666666668
BANKBARODA,Mar 2024,Public Sector Banks,roce_calculated,2.8204469854601983,41.66666666666667
BANKBARODA,TTM,Public Sector Banks,roce_calculated,,
CANBK,Mar 2013,Public Sector Banks,roce_calculated,1.798781703620992,4.166666666666666
CANBK,Mar 2014,Public Sector Banks,roce_calculated,2.0155243061438353,20.833333333333336
CANBK,Mar 2015,Public Sector Banks,roce_calculated,1.9365389676303622,16.666666666666664
CANBK,Mar 2016,Public Sector Banks,roce_calculated,3.2988822567062743,62.5
CANBK,Mar 2017,Public Sector Banks,roce_calculated,2.755015863595901,33.33333333333333
CANBK,Mar 2018,Public Sector Banks,roce_calculated,4.259031420803692,100.0
CANBK,Mar 2019,Public Sector Banks,roce_calculated,4.012952622611031,95.83333333333334
CANBK,Mar 2020,Public Sector Banks,roce_calculated,3.779236963190184,83.33333333333334
CANBK,Mar 2021,Public Sector Banks,roce_calculated,3.86653824790281,91.66666666666666
CANBK,Mar 2022,Public Sector Banks,roce_calculated,3.428857953728088,70.83333333333334
CANBK,Mar 2023,Public Sector Banks,roce_calculated,3.2520943359787835,54.166666666666664
CANBK,Mar 2024,Public Sector Banks,roce_calculated,3.15654898752525,50.0
CANBK,TTM,Public Sector Banks,roce_calculated,,
PNB,Mar 2013,Public Sector Banks,roce_calculated,,
PNB,Mar 2013,Public Sector Banks,roce_calculated,,
PNB,Mar 2013,Public Sector Banks,roce_calculated,,
PNB,Mar 2013,Public Sector Banks,roce_calculated,,
PNB,Mar 2013,Public Sector Banks,roce_calculated,,
PNB,Mar 2013,Public Sector Banks,roce_calculated,,
PNB,Mar 2013,Public Sector Banks,roce_calculated,,
PNB,Mar 2013,Public Sector Banks,roce_calculated,,
PNB,Mar 2013,Public Sector Banks,roce_calculated,,
PNB,Mar 2013,Public Sector Banks,roce_calculated,,
PNB,Mar 2013,Public Sector Banks,roce_calculated,,
PNB,Mar 2013,Public Sector Banks,roce_calculated,,
PNB,Mar 2013,Public Sector Banks,roce_calculated,,
PNB,Mar 2013,Public Sector Banks,roce_calculated,,
PNB,Mar 2013,Public Sector Banks,roce_calculated,,
PNB,Mar 2013,Public Sector Banks,roce_calculated,,
PNB,Mar 2013,Public Sector Banks,roce_calculated,,
PNB,Mar 2013,Public Sector Banks,roce_calculated,,
PNB,Mar 2013,Public Sector Banks,roce_calculated,,
PNB,Mar 2013,Public Sector Banks,roce_calculated,,
PNB,Mar 2013,Public Sector Banks,roce_calculated,,
PNB,Mar 2013,Public Sector Banks,roce_calculated,,
PNB,Mar 2013,Public Sector Banks,roce_calculated,,
PNB,Mar 2013,Public Sector Banks,roce_calculated,,
PNB,Mar 2013,Public Sector Banks,roce_calculated,,
PNB,Mar 2014,Public Sector Banks,roce_calculated,,
PNB,Mar 2014,Public Sector Banks,roce_calculated,,
PNB,Mar 2014,Public Sector Banks,roce_calculated,,
PNB,Mar 2014,Public Sector Banks,roce_calculated,,
PNB,Mar 2014,Public Sector Banks,roce_calculated,,
PNB,Mar 2014,Public Sector Banks,roce_calculated,,
PNB,Mar 2014,Public Sector Banks,roce_calculated,,
PNB,Mar 2014,Public Sector Banks,roce_calculated,,
PNB,Mar 2014,Public Sector Banks,roce_calculated,,
PNB,Mar 2014,Public Sector Banks,roce_calculated,,
PNB,Mar 2014,Public Sector Banks,roce_calculated,,
PNB,Mar 2014,Public Sector Banks,roce_calculated,,
PNB,Mar 2014,Public Sector Banks,roce_calculated,,
PNB,Mar 2014,Public Sector Banks,roce_calculated,,
PNB,Mar 2014,Public Sector Banks,roce_calculated,,
PNB,Mar 2014,Public Sector Banks,roce_calculated,,
PNB,Mar 2014,Public Sector Banks,roce_calculated,,
PNB,Mar 2014,Public Sector Banks,roce_calculated,,
PNB,Mar 2014,Public Sector Banks,roce_calculated,,
PNB,Mar 2014,Public Sector Banks,roce_calculated,,
PNB,Mar 2014,Public Sector Banks,roce_calculated,,
PNB,Mar 2014,Public Sector Banks,roce_calculated,,
PNB,Mar 2014,Public Sector Banks,roce_calculated,,
PNB,Mar 2014,Public Sector Banks,roce_calculated,,
PNB,Mar 2014,Public Sector Banks,roce_calculated,,
PNB,Mar 2015,Public Sector Banks,roce_calculated,,
PNB,Mar 2015,Public Sector Banks,roce_calculated,,
PNB,Mar 2015,Public Sector Banks,roce_calculated,,
PNB,Mar 2015,Public Sector Banks,roce_calculated,,
PNB,Mar 2015,Public Sector Banks,roce_calculated,,
PNB,Mar 2015,Public Sector Banks,roce_calculated,,
PNB,Mar 2015,Public Sector Banks,roce_calculated,,
PNB,Mar 2015,Public Sector Banks,roce_calculated,,
PNB,Mar 2015,Public Sector Banks,roce_calculated,,
PNB,Mar 2015,Public Sector Banks,roce_calculated,,
PNB,Mar 2015,Public Sector Banks,roce_calculated,,
PNB,Mar 2015,Public Sector Banks,roce_calculated,,
PNB,Mar 2015,Public Sector Banks,roce_calculated,,
PNB,Mar 2015,Public Sector Banks,roce_calculated,,
PNB,Mar 2015,Public Sector Banks,roce_calculated,,
PNB,Mar 2015,Public Sector Banks,roce_calculated,,
PNB,Mar 2015,Public Sector Banks,roce_calculated,,
PNB,Mar 2015,Public Sector Banks,roce_calculated,,
PNB,Mar 2015,Public Sector Banks,roce_calculated,,
PNB,Mar 2015,Public Sector Banks,roce_calculated,,
PNB,Mar 2015,Public Sector Banks,roce_calculated,,
PNB,Mar 2015,Public Sector Banks,roce_calculated,,
PNB,Mar 2015,Public Sector Banks,roce_calculated,,
PNB,Mar 2015,Public Sector Banks,roce_calculated,,
PNB,Mar 2015,Public Sector Banks,roce_calculated,,
PNB,Mar 2016,Public Sector Banks,roce_calculated,,
PNB,Mar 2016,Public Sector Banks,roce_calculated,,
PNB,Mar 2016,Public Sector Banks,roce_calculated,,
PNB,Mar 2016,Public Sector Banks,roce_calculated,,
PNB,Mar 2016,Public Sector Banks,roce_calculated,,
PNB,Mar 2016,Public Sector Banks,roce_calculated,,
PNB,Mar 2016,Public Sector Banks,roce_calculated,,
PNB,Mar 2016,Public Sector Banks,roce_calculated,,
PNB,Mar 2016,Public Sector Banks,roce_calculated,,
PNB,Mar 2016,Public Sector Banks,roce_calculated,,
PNB,Mar 2016,Public Sector Banks,roce_calculated,,
PNB,Mar 2016,Public Sector Banks,roce_calculated,,
PNB,Mar 2016,Public Sector Banks,roce_calculated,,
PNB,Mar 2016,Public Sector Banks,roce_calculated,,
PNB,Mar 2016,Public Sector Banks,roce_calculated,,
PNB,Mar 2016,Public Sector Banks,roce_calculated,,
PNB,Mar 2016,Public Sector Banks,roce_calculated,,
PNB,Mar 2016,Public Sector Banks,roce_calculated,,
PNB,Mar 2016,Public Sector Banks,roce_calculated,,
PNB,Mar 2016,Public Sector Banks,roce_calculated,,
PNB,Mar 2016,Public Sector Banks,roce_calculated,,
PNB,Mar 2016,Public Sector Banks,roce_calculated,,
PNB,Mar 2016,Public Sector Banks,roce_calculated,,
PNB,Mar 2016,Public Sector Banks,roce_calculated,,
PNB,Mar 2016,Public Sector Banks,roce_calculated,,
PNB,Mar 2017,Public Sector Banks,roce_calculated,,
PNB,Mar 2017,Public Sector Banks,roce_calculated,,
PNB,Mar 2017,Public Sector Banks,roce_calculated,,
PNB,Mar 2017,Public Sector Banks,roce_calculated,,
PNB,Mar 2017,Public Sector Banks,roce_calculated,,
PNB,Mar 2017,Public Sector Banks,roce_calculated,,
PNB,Mar 2017,Public Sector Banks,roce_calculated,,
PNB,Mar 2017,Public Sector Banks,roce_calculated,,
PNB,Mar 2017,Public Sector Banks,roce_calculated,,
PNB,Mar 2017,Public Sector Banks,roce_calculated,,
PNB,Mar 2017,Public Sector Banks,roce_calculated,,
PNB,Mar 2017,Public Sector Banks,roce_calculated,,
PNB,Mar 2017,Public Sector Banks,roce_calculated,,
PNB,Mar 2017,Public Sector Banks,roce_calculated,,
PNB,Mar 2017,Public Sector Banks,roce_calculated,,
PNB,Mar 2017,Public Sector Banks,roce_calculated,,
PNB,Mar 2017,Public Sector Banks,roce_calculated,,
PNB,Mar 2017,Public Sector Banks,roce_calculated,,
PNB,Mar 2017,Public Sector Banks,roce_calculated,,
PNB,Mar 2017,Public Sector Banks,roce_calculated,,
PNB,Mar 2017,Public Sector Banks,roce_calculated,,
PNB,Mar 2017,Public Sector Banks,roce_calculated,,
PNB,Mar 2017,Public Sector Banks,roce_calculated,,
PNB,Mar 2017,Public Sector Banks,roce_calculated,,
PNB,Mar 2017,Public Sector Banks,roce_calculated,,
PNB,Mar 2018,Public Sector Banks,roce_calculated,,
PNB,Mar 2018,Public Sector Banks,roce_calculated,,
PNB,Mar 2018,Public Sector Banks,roce_calculated,,
PNB,Mar 2018,Public Sector Banks,roce_calculated,,
PNB,Mar 2018,Public Sector Banks,roce_calculated,,
PNB,Mar 2018,Public Sector Banks,roce_calculated,,
PNB,Mar 2018,Public Sector Banks,roce_calculated,,
PNB,Mar 2018,Public Sector Banks,roce_calculated,,
PNB,Mar 2018,Public Sector Banks,roce_calculated,,
PNB,Mar 2018,Public Sector Banks,roce_calculated,,
PNB,Mar 2018,Public Sector Banks,roce_calculated,,
PNB,Mar 2018,Public Sector Banks,roce_calculated,,
PNB,Mar 2018,Public Sector Banks,roce_calculated,,
PNB,Mar 2018,Public Sector Banks,roce_calculated,,
PNB,Mar 2018,Public Sector Banks,roce_calculated,,
PNB,Mar 2018,Public Sector Banks,roce_calculated,,
PNB,Mar 2018,Public Sector Banks,roce_calculated,,
PNB,Mar 2018,Public Sector Banks,roce_calculated,,
PNB,Mar 2018,Public Sector Banks,roce_calculated,,
PNB,Mar 2018,Public Sector Banks,roce_calculated,,
PNB,Mar 2018,Public Sector Banks,roce_calculated,,
PNB,Mar 2018,Public Sector Banks,roce_calculated,,
PNB,Mar 2018,Public Sector Banks,roce_calculated,,
PNB,Mar 2018,Public Sector Banks,roce_calculated,,
PNB,Mar 2018,Public Sector Banks,roce_calculated,,
PNB,Mar 2019,Public Sector Banks,roce_calculated,,
PNB,Mar 2019,Public Sector Banks,roce_calculated,,
PNB,Mar 2019,Public Sector Banks,roce_calculated,,
PNB,Mar 2019,Public Sector Banks,roce_calculated,,
PNB,Mar 2019,Public Sector Banks,roce_calculated,,
PNB,Mar 2019,Public Sector Banks,roce_calculated,,
PNB,Mar 2019,Public Sector Banks,roce_calculated,,
PNB,Mar 2019,Public Sector Banks,roce_calculated,,
PNB,Mar 2019,Public Sector Banks,roce_calculated,,
PNB,Mar 2019,Public Sector Banks,roce_calculated,,
PNB,Mar 2019,Public Sector Banks,roce_calculated,,
PNB,Mar 2019,Public Sector Banks,roce_calculated,,
PNB,Mar 2019,Public Sector Banks,roce_calculated,,
PNB,Mar 2019,Public Sector Banks,roce_calculated,,
PNB,Mar 2019,Public Sector Banks,roce_calculated,,
PNB,Mar 2019,Public Sector Banks,roce_calculated,,
PNB,Mar 2019,Public Sector Banks,roce_calculated,,
PNB,Mar 2019,Public Sector Banks,roce_calculated,,
PNB,Mar 2019,Public Sector Banks,roce_calculated,,
PNB,Mar 2019,Public Sector Banks,roce_calculated,,
PNB,Mar 2019,Public Sector Banks,roce_calculated,,
PNB,Mar 2019,Public Sector Banks,roce_calculated,,
PNB,Mar 2019,Public Sector Banks,roce_calculated,,
PNB,Mar 2019,Public Sector Banks,roce_calculated,,
PNB,Mar 2019,Public Sector Banks,roce_calculated,,
PNB,Mar 2020,Public Sector Banks,roce_calculated,,
PNB,Mar 2020,Public Sector Banks,roce_calculated,,
PNB,Mar 2020,Public Sector Banks,roce_calculated,,
PNB,Mar 2020,Public Sector Banks,roce_calculated,,
PNB,Mar 2020,Public Sector Banks,roce_calculated,,
PNB,Mar 2020,Public Sector Banks,roce_calculated,,
PNB,Mar 2020,Public Sector Banks,roce_calculated,,
PNB,Mar 2020,Public Sector Banks,roce_calculated,,
PNB,Mar 2020,Public Sector Banks,roce_calculated,,
PNB,Mar 2020,Public Sector Banks,roce_calculated,,
PNB,Mar 2020,Public Sector Banks,roce_calculated,,
PNB,Mar 2020,Public Sector Banks,roce_calculated,,
PNB,Mar 2020,Public Sector Banks,roce_calculated,,
PNB,Mar 2020,Public Sector Banks,roce_calculated,,
PNB,Mar 2020,Public Sector Banks,roce_calculated,,
PNB,Mar 2020,Public Sector Banks,roce_calculated,,
PNB,Mar 2020,Public Sector Banks,roce_calculated,,
PNB,Mar 2020,Public Sector Banks,roce_calculated,,
PNB,Mar 2020,Public Sector Banks,roce_calculated,,
PNB,Mar 2020,Public Sector Banks,roce_calculated,,
PNB,Mar 2020,Public Sector Banks,roce_calculated,,
PNB,Mar 2020,Public Sector Banks,roce_calculated,,
PNB,Mar 2020,Public Sector Banks,roce_calculated,,
PNB,Mar 2020,Public Sector Banks,roce_calculated,,
PNB,Mar 2020,Public Sector Banks,roce_calculated,,
PNB,Mar 2021,Public Sector Banks,roce_calculated,,
PNB,Mar 2021,Public Sector Banks,roce_calculated,,
PNB,Mar 2021,Public Sector Banks,roce_calculated,,
PNB,Mar 2021,Public Sector Banks,roce_calculated,,
PNB,Mar 2021,Public Sector Banks,roce_calculated,,
PNB,Mar 2021,Public Sector Banks,roce_calculated,,
PNB,Mar 2021,Public Sector Banks,roce_calculated,,
PNB,Mar 2021,Public Sector Banks,roce_calculated,,
PNB,Mar 2021,Public Sector Banks,roce_calculated,,
PNB,Mar 2021,Public Sector Banks,roce_calculated,,
PNB,Mar 2021,Public Sector Banks,roce_calculated,,
PNB,Mar 2021,Public Sector Banks,roce_calculated,,
PNB,Mar 2021,Public Sector Banks,roce_calculated,,
PNB,Mar 2021,Public Sector Banks,roce_calculated,,
PNB,Mar 2021,Public Sector Banks,roce_calculated,,
PNB,Mar 2021,Public Sector Banks,roce_calculated,,
PNB,Mar 2021,Public Sector Banks,roce_calculated,,
PNB,Mar 2021,Public Sector Banks,roce_calculated,,
PNB,Mar 2021,Public Sector Banks,roce_calculated,,
PNB,Mar 2021,Public Sector Banks,roce_calculated,,
PNB,Mar 2021,Public Sector Banks,roce_calculated,,
PNB,Mar 2021,Public Sector Banks,roce_calculated,,
PNB,Mar 2021,Public Sector Banks,roce_calculated,,
PNB,Mar 2021,Public Sector Banks,roce_calculated,,
PNB,Mar 2021,Public Sector Banks,roce_calculated,,
PNB,Mar 2022,Public Sector Banks,roce_calculated,,
PNB,Mar 2022,Public Sector Banks,roce_calculated,,
PNB,Mar 2022,Public Sector Banks,roce_calculated,,
PNB,Mar 2022,Public Sector Banks,roce_calculated,,
PNB,Mar 2022,Public Sector Banks,roce_calculated,,
PNB,Mar 2022,Public Sector Banks,roce_calculated,,
PNB,Mar 2022,Public Sector Banks,roce_calculated,,
PNB,Mar 2022,Public Sector Banks,roce_calculated,,
PNB,Mar 2022,Public Sector Banks,roce_calculated,,
PNB,Mar 2022,Public Sector Banks,roce_calculated,,
PNB,Mar 2022,Public Sector Banks,roce_calculated,,
PNB,Mar 2022,Public Sector Banks,roce_calculated,,
PNB,Mar 2022,Public Sector Banks,roce_calculated,,
PNB,Mar 2022,Public Sector Banks,roce_calculated,,
PNB,Mar 2022,Public Sector Banks,roce_calculated,,
PNB,Mar 2022,Public Sector Banks,roce_calculated,,
PNB,Mar 2022,Public Sector Banks,roce_calculated,,
PNB,Mar 2022,Public Sector Banks,roce_calculated,,
PNB,Mar 2022,Public Sector Banks,roce_calculated,,
PNB,Mar 2022,Public Sector Banks,roce_calculated,,
PNB,Mar 2022,Public Sector Banks,roce_calculated,,
PNB,Mar 2022,Public Sector Banks,roce_calculated,,
PNB,Mar 2022,Public Sector Banks,roce_calculated,,
PNB,Mar 2022,Public Sector Banks,roce_calculated,,
PNB,Mar 2022,Public Sector Banks,roce_calculated,,
PNB,Mar 2023,Public Sector Banks,roce_calculated,,
PNB,Mar 2023,Public Sector Banks,roce_calculated,,
PNB,Mar 2023,Public Sector Banks,roce_calculated,,
PNB,Mar 2023,Public Sector Banks,roce_calculated,,
PNB,Mar 2023,Public Sector Banks,roce_calculated,,
PNB,Mar 2023,Public Sector Banks,roce_calculated,,
PNB,Mar 2023,Public Sector Banks,roce_calculated,,
PNB,Mar 2023,Public Sector Banks,roce_calculated,,
PNB,Mar 2023,Public Sector Banks,roce_calculated,,
PNB,Mar 2023,Public Sector Banks,roce_calculated,,
PNB,Mar 2023,Public Sector Banks,roce_calculated,,
PNB,Mar 2023,Public Sector Banks,roce_calculated,,
PNB,Mar 2023,Public Sector Banks,roce_calculated,,
PNB,Mar 2023,Public Sector Banks,roce_calculated,,
PNB,Mar 2023,Public Sector Banks,roce_calculated,,
PNB,Mar 2023,Public Sector Banks,roce_calculated,,
PNB,Mar 2023,Public Sector Banks,roce_calculated,,
PNB,Mar 2023,Public Sector Banks,roce_calculated,,
PNB,Mar 2023,Public Sector Banks,roce_calculated,,
PNB,Mar 2023,Public Sector Banks,roce_calculated,,
PNB,Mar 2023,Public Sector Banks,roce_calculated,,
PNB,Mar 2023,Public Sector Banks,roce_calculated,,
PNB,Mar 2023,Public Sector Banks,roce_calculated,,
PNB,Mar 2023,Public Sector Banks,roce_calculated,,
PNB,Mar 2023,Public Sector Banks,roce_calculated,,
PNB,Mar 2024,Public Sector Banks,roce_calculated,,
PNB,Mar 2024,Public Sector Banks,roce_calculated,,
PNB,Mar 2024,Public Sector Banks,roce_calculated,,
PNB,Mar 2024,Public Sector Banks,roce_calculated,,
PNB,Mar 2024,Public Sector Banks,roce_calculated,,
PNB,Mar 2024,Public Sector Banks,roce_calculated,,
PNB,Mar 2024,Public Sector Banks,roce_calculated,,
PNB,Mar 2024,Public Sector Banks,roce_calculated,,
PNB,Mar 2024,Public Sector Banks,roce_calculated,,
PNB,Mar 2024,Public Sector Banks,roce_calculated,,
PNB,Mar 2024,Public Sector Banks,roce_calculated,,
PNB,Mar 2024,Public Sector Banks,roce_calculated,,
PNB,Mar 2024,Public Sector Banks,roce_calculated,,
PNB,Mar 2024,Public Sector Banks,roce_calculated,,
PNB,Mar 2024,Public Sector Banks,roce_calculated,,
PNB,Mar 2024,Public Sector Banks,roce_calculated,,
PNB,Mar 2024,Public Sector Banks,roce_calculated,,
PNB,Mar 2024,Public Sector Banks,roce_calculated,,
PNB,Mar 2024,Public Sector Banks,roce_calculated,,
PNB,Mar 2024,Public Sector Banks,roce_calculated,,
PNB,Mar 2024,Public Sector Banks,roce_calculated,,
PNB,Mar 2024,Public Sector Banks,roce_calculated,,
PNB,Mar 2024,Public Sector Banks,roce_calculated,,
PNB,Mar 2024,Public Sector Banks,roce_calculated,,
PNB,Mar 2024,Public Sector Banks,roce_calculated,,
PNB,TTM,Public Sector Banks,roce_calculated,,
SBIN,Mar 2013,Public Sector Banks,roce_calculated,,
SBIN,Mar 2014,Public Sector Banks,roce_calculated,,
SBIN,Mar 2015,Public Sector Banks,roce_calculated,,
SBIN,Mar 2016,Public Sector Banks,roce_calculated,,
SBIN,Mar 2017,Public Sector Banks,roce_calculated,,
SBIN,Mar 2018,Public Sector Banks,roce_calculated,,
SBIN,Mar 2019,Public Sector Banks,roce_calculated,,
SBIN,Mar 2020,Public Sector Banks,roce_calculated,,
SBIN,Mar 2021,Public Sector Banks,roce_calculated,,
SBIN,Mar 2022,Public Sector Banks,roce_calculated,,
SBIN,Mar 2023,Public Sector Banks,roce_calculated,,
SBIN,Mar 2024,Public Sector Banks,roce_calculated,,
SBIN,TTM,Public Sector Banks,roce_calculated,,
BANKBARODA,Mar 2013,Public Sector Banks,operating_profit_margin_pct,1006.0,92.3076923076923
BANKBARODA,Mar 2014,Public Sector Banks,operating_profit_margin_pct,809.0,87.17948717948718
BANKBARODA,Mar 2015,Public Sector Banks,operating_profit_margin_pct,902.0,89.74358974358975
BANKBARODA,Mar 2016,Public Sector Banks,operating_profit_margin_pct,-11700.0,15.384615384615385
BANKBARODA,Mar 2017,Public Sector Banks,operating_profit_margin_pct,-4372.0,41.02564102564102
BANKBARODA,Mar 2018,Public Sector Banks,operating_profit_margin_pct,-9197.0,23.076923076923077
BANKBARODA,Mar 2019,Public Sector Banks,operating_profit_margin_pct,-5414.0,38.46153846153847
BANKBARODA,Mar 2020,Public Sector Banks,operating_profit_margin_pct,-11728.0,12.82051282051282
BANKBARODA,Mar 2021,Public Sector Banks,operating_profit_margin_pct,-6957.0,33.33333333333333
BANKBARODA,Mar 2022,Public Sector Banks,operating_profit_margin_pct,-2948.0,43.58974358974359
BANKBARODA,Mar 2023,Public Sector Banks,operating_profit_margin_pct,6329.0,100.0
BANKBARODA,Mar 2024,Public Sector Banks,operating_profit_margin_pct,4102.0,97.43589743589743
BANKBARODA,TTM,Public Sector Banks,operating_profit_margin_pct,3526.0,94.87179487179486
CANBK,Mar 2013,Public Sector Banks,operating_profit_margin_pct,655.0,84.61538461538461
CANBK,Mar 2014,Public Sector Banks,operating_profit_margin_pct,-672.0,46.15384615384615
CANBK,Mar 2015,Public Sector Banks,operating_profit_margin_pct,-621.0,48.717948717948715
CANBK,Mar 2016,Public Sector Banks,operating_profit_margin_pct,-8008.0,28.205128205128204
CANBK,Mar 2017,Public Sector Banks,operating_profit_margin_pct,-5775.0,35.8974358974359
CANBK,Mar 2018,Public Sector Banks,operating_profit_margin_pct,-13350.0,7.6923076923076925
CANBK,Mar 2019,Public Sector Banks,operating_profit_margin_pct,-11590.0,17.94871794871795
CANBK,Mar 2020,Public Sector Banks,operating_profit_margin_pct,-12867.0,10.256410256410255
CANBK,Mar 2021,Public Sector Banks,operating_profit_margin_pct,-18367.0,2.564102564102564
CANBK,Mar 2022,Public Sector Banks,operating_profit_margin_pct,-13657.0,5.128205128205128
CANBK,Mar 2023,Public Sector Banks,operating_profit_margin_pct,-9877.0,20.51282051282051
CANBK,Mar 2024,Public Sector Banks,operating_profit_margin_pct,-7745.0,30.76923076923077
CANBK,TTM,Public Sector Banks,operating_profit_margin_pct,-8985.0,25.64102564102564
PNB,Mar 2013,Public Sector Banks,operating_profit_margin_pct,,
PNB,Mar 2013,Public Sector Banks,operating_profit_margin_pct,,
PNB,Mar 2013,Public Sector Banks,operating_profit_margin_pct,,
PNB,Mar 2013,Public Sector Banks,operating_profit_margin_pct,,
PNB,Mar 2013,Public Sector Banks,operating_profit_margin_pct,,
PNB,Mar 2013,Public Sector Banks,operating_profit_margin_pct,,
PNB,Mar 2013,Public Sector Banks,operating_profit_margin_pct,,
PNB,Mar 2013,Public Sector Banks,operating_profit_margin_pct,,
PNB,Mar 2013,Public Sector Banks,operating_profit_margin_pct,,
PNB,Mar 2013,Public Sector Banks,operating_profit_margin_pct,,
PNB,Mar 2013,Public Sector Banks,operating_profit_margin_pct,,
PNB,Mar 2013,Public Sector Banks,operating_profit_margin_pct,,
PNB,Mar 2013,Public Sector Banks,operating_profit_margin_pct,,
PNB,Mar 2013,Public Sector Banks,operating_profit_margin_pct,,
PNB,Mar 2013,Public Sector Banks,operating_profit_margin_pct,,
PNB,Mar 2013,Public Sector Banks,operating_profit_margin_pct,,
PNB,Mar 2013,Public Sector Banks,operating_profit_margin_pct,,
PNB,Mar 2013,Public Sector Banks,operating_profit_margin_pct,,
PNB,Mar 2013,Public Sector Banks,operating_profit_margin_pct,,
PNB,Mar 2013,Public Sector Banks,operating_profit_margin_pct,,
PNB,Mar 2013,Public Sector Banks,operating_profit_margin_pct,,
PNB,Mar 2013,Public Sector Banks,operating_profit_margin_pct,,
PNB,Mar 2013,Public Sector Banks,operating_profit_margin_pct,,
PNB,Mar 2013,Public Sector Banks,operating_profit_margin_pct,,
PNB,Mar 2013,Public Sector Banks,operating_profit_margin_pct,,
PNB,Mar 2014,Public Sector Banks,operating_profit_margin_pct,,
PNB,Mar 2014,Public Sector Banks,operating_profit_margin_pct,,
PNB,Mar 2014,Public Sector Banks,operating_profit_margin_pct,,
PNB,Mar 2014,Public Sector Banks,operating_profit_margin_pct,,
PNB,Mar 2014,Public Sector Banks,operating_profit_margin_pct,,
PNB,Mar 2014,Public Sector Banks,operating_profit_margin_pct,,
PNB,Mar 2014,Public Sector Banks,operating_profit_margin_pct,,
PNB,Mar 2014,Public Sector Banks,operating_profit_margin_pct,,
PNB,Mar 2014,Public Sector Banks,operating_profit_margin_pct,,
PNB,Mar 2014,Public Sector Banks,operating_profit_margin_pct,,
PNB,Mar 2014,Public Sector Banks,operating_profit_margin_pct,,
PNB,Mar 2014,Public Sector Banks,operating_profit_margin_pct,,
PNB,Mar 2014,Public Sector Banks,operating_profit_margin_pct,,
PNB,Mar 2014,Public Sector Banks,operating_profit_margin_pct,,
PNB,Mar 2014,Public Sector Banks,operating_profit_margin_pct,,
PNB,Mar 2014,Public Sector Banks,operating_profit_margin_pct,,
PNB,Mar 2014,Public Sector Banks,operating_profit_margin_pct,,
PNB,Mar 2014,Public Sector Banks,operating_profit_margin_pct,,
PNB,Mar 2014,Public Sector Banks,operating_profit_margin_pct,,
PNB,Mar 2014,Public Sector Banks,operating_profit_margin_pct,,
PNB,Mar 2014,Public Sector Banks,operating_profit_margin_pct,,
PNB,Mar 2014,Public Sector Banks,operating_profit_margin_pct,,
PNB,Mar 2014,Public Sector Banks,operating_profit_margin_pct,,
PNB,Mar 2014,Public Sector Banks,operating_profit_margin_pct,,
PNB,Mar 2014,Public Sector Banks,operating_profit_margin_pct,,
PNB,Mar 2015,Public Sector Banks,operating_profit_margin_pct,,
PNB,Mar 2015,Public Sector Banks,operating_profit_margin_pct,,
PNB,Mar 2015,Public Sector Banks,operating_profit_margin_pct,,
PNB,Mar 2015,Public Sector Banks,operating_profit_margin_pct,,
PNB,Mar 2015,Public Sector Banks,operating_profit_margin_pct,,
PNB,Mar 2015,Public Sector Banks,operating_profit_margin_pct,,
PNB,Mar 2015,Public Sector Banks,operating_profit_margin_pct,,
PNB,Mar 2015,Public Sector Banks,operating_profit_margin_pct,,
PNB,Mar 2015,Public Sector Banks,operating_profit_margin_pct,,
PNB,Mar 2015,Public Sector Banks,operating_profit_margin_pct,,
PNB,Mar 2015,Public Sector Banks,operating_profit_margin_pct,,
PNB,Mar 2015,Public Sector Banks,operating_profit_margin_pct,,
PNB,Mar 2015,Public Sector Banks,operating_profit_margin_pct,,
PNB,Mar 2015,Public Sector Banks,operating_profit_margin_pct,,
PNB,Mar 2015,Public Sector Banks,operating_profit_margin_pct,,
PNB,Mar 2015,Public Sector Banks,operating_profit_margin_pct,,
PNB,Mar 2015,Public Sector Banks,operating_profit_margin_pct,,
PNB,Mar 2015,Public Sector Banks,operating_profit_margin_pct,,
PNB,Mar 2015,Public Sector Banks,operating_profit_margin_pct,,
PNB,Mar 2015,Public Sector Banks,operating_profit_margin_pct,,
PNB,Mar 2015,Public Sector Banks,operating_profit_margin_pct,,
PNB,Mar 2015,Public Sector Banks,operating_profit_margin_pct,,
PNB,Mar 2015,Public Sector Banks,operating_profit_margin_pct,,
PNB,Mar 2015,Public Sector Banks,operating_profit_margin_pct,,
PNB,Mar 2015,Public Sector Banks,operating_profit_margin_pct,,
PNB,Mar 2016,Public Sector Banks,operating_profit_margin_pct,,
PNB,Mar 2016,Public Sector Banks,operating_profit_margin_pct,,
PNB,Mar 2016,Public Sector Banks,operating_profit_margin_pct,,
PNB,Mar 2016,Public Sector Banks,operating_profit_margin_pct,,
PNB,Mar 2016,Public Sector Banks,operating_profit_margin_pct,,
PNB,Mar 2016,Public Sector Banks,operating_profit_margin_pct,,
PNB,Mar 2016,Public Sector Banks,operating_profit_margin_pct,,
PNB,Mar 2016,Public Sector Banks,operating_profit_margin_pct,,
PNB,Mar 2016,Public Sector Banks,operating_profit_margin_pct,,
PNB,Mar 2016,Public Sector Banks,operating_profit_margin_pct,,
PNB,Mar 2016,Public Sector Banks,operating_profit_margin_pct,,
PNB,Mar 2016,Public Sector Banks,operating_profit_margin_pct,,
PNB,Mar 2016,Public Sector Banks,operating_profit_margin_pct,,
PNB,Mar 2016,Public Sector Banks,operating_profit_margin_pct,,
PNB,Mar 2016,Public Sector Banks,operating_profit_margin_pct,,
PNB,Mar 2016,Public Sector Banks,operating_profit_margin_pct,,
PNB,Mar 2016,Public Sector Banks,operating_profit_margin_pct,,
PNB,Mar 2016,Public Sector Banks,operating_profit_margin_pct,,
PNB,Mar 2016,Public Sector Banks,operating_profit_margin_pct,,
PNB,Mar 2016,Public Sector Banks,operating_profit_margin_pct,,
PNB,Mar 2016,Public Sector Banks,operating_profit_margin_pct,,
PNB,Mar 2016,Public Sector Banks,operating_profit_margin_pct,,
PNB,Mar 2016,Public Sector Banks,operating_profit_margin_pct,,
PNB,Mar 2016,Public Sector Banks,operating_profit_margin_pct,,
PNB,Mar 2016,Public Sector Banks,operating_profit_margin_pct,,
PNB,Mar 2017,Public Sector Banks,operating_profit_margin_pct,,
PNB,Mar 2017,Public Sector Banks,operating_profit_margin_pct,,
PNB,Mar 2017,Public Sector Banks,operating_profit_margin_pct,,
PNB,Mar 2017,Public Sector Banks,operating_profit_margin_pct,,
PNB,Mar 2017,Public Sector Banks,operating_profit_margin_pct,,
PNB,Mar 2017,Public Sector Banks,operating_profit_margin_pct,,
PNB,Mar 2017,Public Sector Banks,operating_profit_margin_pct,,
PNB,Mar 2017,Public Sector Banks,operating_profit_margin_pct,,
PNB,Mar 2017,Public Sector Banks,operating_profit_margin_pct,,
PNB,Mar 2017,Public Sector Banks,operating_profit_margin_pct,,
PNB,Mar 2017,Public Sector Banks,operating_profit_margin_pct,,
PNB,Mar 2017,Public Sector Banks,operating_profit_margin_pct,,
PNB,Mar 2017,Public Sector Banks,operating_profit_margin_pct,,
PNB,Mar 2017,Public Sector Banks,operating_profit_margin_pct,,
PNB,Mar 2017,Public Sector Banks,operating_profit_margin_pct,,
PNB,Mar 2017,Public Sector Banks,operating_profit_margin_pct,,
PNB,Mar 2017,Public Sector Banks,operating_profit_margin_pct,,
PNB,Mar 2017,Public Sector Banks,operating_profit_margin_pct,,
PNB,Mar 2017,Public Sector Banks,operating_profit_margin_pct,,
PNB,Mar 2017,Public Sector Banks,operating_profit_margin_pct,,
PNB,Mar 2017,Public Sector Banks,operating_profit_margin_pct,,
PNB,Mar 2017,Public Sector Banks,operating_profit_margin_pct,,
PNB,Mar 2017,Public Sector Banks,operating_profit_margin_pct,,
PNB,Mar 2017,Public Sector Banks,operating_profit_margin_pct,,
PNB,Mar 2017,Public Sector Banks,operating_profit_margin_pct,,
PNB,Mar 2018,Public Sector Banks,operating_profit_margin_pct,,
PNB,Mar 2018,Public Sector Banks,operating_profit_margin_pct,,
PNB,Mar 2018,Public Sector Banks,operating_profit_margin_pct,,
PNB,Mar 2018,Public Sector Banks,operating_profit_margin_pct,,
PNB,Mar 2018,Public Sector Banks,operating_profit_margin_pct,,
PNB,Mar 2018,Public Sector Banks,operating_profit_margin_pct,,
PNB,Mar 2018,Public Sector Banks,operating_profit_margin_pct,,
PNB,Mar 2018,Public Sector Banks,operating_profit_margin_pct,,
PNB,Mar 2018,Public Sector Banks,operating_profit_margin_pct,,
PNB,Mar 2018,Public Sector Banks,operating_profit_margin_pct,,
PNB,Mar 2018,Public Sector Banks,operating_profit_margin_pct,,
PNB,Mar 2018,Public Sector Banks,operating_profit_margin_pct,,
PNB,Mar 2018,Public Sector Banks,operating_profit_margin_pct,,
PNB,Mar 2018,Public Sector Banks,operating_profit_margin_pct,,
PNB,Mar 2018,Public Sector Banks,operating_profit_margin_pct,,
PNB,Mar 2018,Public Sector Banks,operating_profit_margin_pct,,
PNB,Mar 2018,Public Sector Banks,operating_profit_margin_pct,,
PNB,Mar 2018,Public Sector Banks,operating_profit_margin_pct,,
PNB,Mar 2018,Public Sector Banks,operating_profit_margin_pct,,
PNB,Mar 2018,Public Sector Banks,operating_profit_margin_pct,,
PNB,Mar 2018,Public Sector Banks,operating_profit_margin_pct,,
PNB,Mar 2018,Public Sector Banks,operating_profit_margin_pct,,
PNB,Mar 2018,Public Sector Banks,operating_profit_margin_pct,,
PNB,Mar 2018,Public Sector Banks,operating_profit_margin_pct,,
PNB,Mar 2018,Public Sector Banks,operating_profit_margin_pct,,
PNB,Mar 2019,Public Sector Banks,operating_profit_margin_pct,,
PNB,Mar 2019,Public Sector Banks,operating_profit_margin_pct,,
PNB,Mar 2019,Public Sector Banks,operating_profit_margin_pct,,
PNB,Mar 2019,Public Sector Banks,operating_profit_margin_pct,,
PNB,Mar 2019,Public Sector Banks,operating_profit_margin_pct,,
PNB,Mar 2019,Public Sector Banks,operating_profit_margin_pct,,
PNB,Mar 2019,Public Sector Banks,operating_profit_margin_pct,,
PNB,Mar 2019,Public Sector Banks,operating_profit_margin_pct,,
PNB,Mar 2019,Public Sector Banks,operating_profit_margin_pct,,
PNB,Mar 2019,Public Sector Banks,operating_profit_margin_pct,,
PNB,Mar 2019,Public Sector Banks,operating_profit_margin_pct,,
PNB,Mar 2019,Public Sector Banks,operating_profit_margin_pct,,
PNB,Mar 2019,Public Sector Banks,operating_profit_margin_pct,,
PNB,Mar 2019,Public Sector Banks,operating_profit_margin_pct,,
PNB,Mar 2019,Public Sector Banks,operating_profit_margin_pct,,
PNB,Mar 2019,Public Sector Banks,operating_profit_margin_pct,,
PNB,Mar 2019,Public Sector Banks,operating_profit_margin_pct,,
PNB,Mar 2019,Public Sector Banks,operating_profit_margin_pct,,
PNB,Mar 2019,Public Sector Banks,operating_profit_margin_pct,,
PNB,Mar 2019,Public Sector Banks,operating_profit_margin_pct,,
PNB,Mar 2019,Public Sector Banks,operating_profit_margin_pct,,
PNB,Mar 2019,Public Sector Banks,operating_profit_margin_pct,,
PNB,Mar 2019,Public Sector Banks,operating_profit_margin_pct,,
PNB,Mar 2019,Public Sector Banks,operating_profit_margin_pct,,
PNB,Mar 2019,Public Sector Banks,operating_profit_margin_pct,,
PNB,Mar 2020,Public Sector Banks,operating_profit_margin_pct,,
PNB,Mar 2020,Public Sector Banks,operating_profit_margin_pct,,
PNB,Mar 2020,Public Sector Banks,operating_profit_margin_pct,,
PNB,Mar 2020,Public Sector Banks,operating_profit_margin_pct,,
PNB,Mar 2020,Public Sector Banks,operating_profit_margin_pct,,
PNB,Mar 2020,Public Sector Banks,operating_profit_margin_pct,,
PNB,Mar 2020,Public Sector Banks,operating_profit_margin_pct,,
PNB,Mar 2020,Public Sector Banks,operating_profit_margin_pct,,
PNB,Mar 2020,Public Sector Banks,operating_profit_margin_pct,,
PNB,Mar 2020,Public Sector Banks,operating_profit_margin_pct,,
PNB,Mar 2020,Public Sector Banks,operating_profit_margin_pct,,
PNB,Mar 2020,Public Sector Banks,operating_profit_margin_pct,,
PNB,Mar 2020,Public Sector Banks,operating_profit_margin_pct,,
PNB,Mar 2020,Public Sector Banks,operating_profit_margin_pct,,
PNB,Mar 2020,Public Sector Banks,operating_profit_margin_pct,,
PNB,Mar 2020,Public Sector Banks,operating_profit_margin_pct,,
PNB,Mar 2020,Public Sector Banks,operating_profit_margin_pct,,
PNB,Mar 2020,Public Sector Banks,operating_profit_margin_pct,,
PNB,Mar 2020,Public Sector Banks,operating_profit_margin_pct,,
PNB,Mar 2020,Public Sector Banks,operating_profit_margin_pct,,
PNB,Mar 2020,Public Sector Banks,operating_profit_margin_pct,,
PNB,Mar 2020,Public Sector Banks,operating_profit_margin_pct,,
PNB,Mar 2020,Public Sector Banks,operating_profit_margin_pct,,
PNB,Mar 2020,Public Sector Banks,operating_profit_margin_pct,,
PNB,Mar 2020,Public Sector Banks,operating_profit_margin_pct,,
PNB,Mar 2021,Public Sector Banks,operating_profit_margin_pct,,
PNB,Mar 2021,Public Sector Banks,operating_profit_margin_pct,,
PNB,Mar 2021,Public Sector Banks,operating_profit_margin_pct,,
PNB,Mar 2021,Public Sector Banks,operating_profit_margin_pct,,
PNB,Mar 2021,Public Sector Banks,operating_profit_margin_pct,,
PNB,Mar 2021,Public Sector Banks,operating_profit_margin_pct,,
PNB,Mar 2021,Public Sector Banks,operating_profit_margin_pct,,
PNB,Mar 2021,Public Sector Banks,operating_profit_margin_pct,,
PNB,Mar 2021,Public Sector Banks,operating_profit_margin_pct,,
PNB,Mar 2021,Public Sector Banks,operating_profit_margin_pct,,
PNB,Mar 2021,Public Sector Banks,operating_profit_margin_pct,,
PNB,Mar 2021,Public Sector Banks,operating_profit_margin_pct,,
PNB,Mar 2021,Public Sector Banks,operating_profit_margin_pct,,
PNB,Mar 2021,Public Sector Banks,operating_profit_margin_pct,,
PNB,Mar 2021,Public Sector Banks,operating_profit_margin_pct,,
PNB,Mar 2021,Public Sector Banks,operating_profit_margin_pct,,
PNB,Mar 2021,Public Sector Banks,operating_profit_margin_pct,,
PNB,Mar 2021,Public Sector Banks,operating_profit_margin_pct,,
PNB,Mar 2021,Public Sector Banks,operating_profit_margin_pct,,
PNB,Mar 2021,Public Sector Banks,operating_profit_margin_pct,,
PNB,Mar 2021,Public Sector Banks,operating_profit_margin_pct,,
PNB,Mar 2021,Public Sector Banks,operating_profit_margin_pct,,
PNB,Mar 2021,Public Sector Banks,operating_profit_margin_pct,,
PNB,Mar 2021,Public Sector Banks,operating_profit_margin_pct,,
PNB,Mar 2021,Public Sector Banks,operating_profit_margin_pct,,
PNB,Mar 2022,Public Sector Banks,operating_profit_margin_pct,,
PNB,Mar 2022,Public Sector Banks,operating_profit_margin_pct,,
PNB,Mar 2022,Public Sector Banks,operating_profit_margin_pct,,
PNB,Mar 2022,Public Sector Banks,operating_profit_margin_pct,,
PNB,Mar 2022,Public Sector Banks,operating_profit_margin_pct,,
PNB,Mar 2022,Public Sector Banks,operating_profit_margin_pct,,
PNB,Mar 2022,Public Sector Banks,operating_profit_margin_pct,,
PNB,Mar 2022,Public Sector Banks,operating_profit_margin_pct,,
PNB,Mar 2022,Public Sector Banks,operating_profit_margin_pct,,
PNB,Mar 2022,Public Sector Banks,operating_profit_margin_pct,,
PNB,Mar 2022,Public Sector Banks,operating_profit_margin_pct,,
PNB,Mar 2022,Public Sector Banks,operating_profit_margin_pct,,
PNB,Mar 2022,Public Sector Banks,operating_profit_margin_pct,,
PNB,Mar 2022,Public Sector Banks,operating_profit_margin_pct,,
PNB,Mar 2022,Public Sector Banks,operating_profit_margin_pct,,
PNB,Mar 2022,Public Sector Banks,operating_profit_margin_pct,,
PNB,Mar 2022,Public Sector Banks,operating_profit_margin_pct,,
PNB,Mar 2022,Public Sector Banks,operating_profit_margin_pct,,
PNB,Mar 2022,Public Sector Banks,operating_profit_margin_pct,,
PNB,Mar 2022,Public Sector Banks,operating_profit_margin_pct,,
PNB,Mar 2022,Public Sector Banks,operating_profit_margin_pct,,
PNB,Mar 2022,Public Sector Banks,operating_profit_margin_pct,,
PNB,Mar 2022,Public Sector Banks,operating_profit_margin_pct,,
PNB,Mar 2022,Public Sector Banks,operating_profit_margin_pct,,
PNB,Mar 2022,Public Sector Banks,operating_profit_margin_pct,,
PNB,Mar 2023,Public Sector Banks,operating_profit_margin_pct,,
PNB,Mar 2023,Public Sector Banks,operating_profit_margin_pct,,
PNB,Mar 2023,Public Sector Banks,operating_profit_margin_pct,,
PNB,Mar 2023,Public Sector Banks,operating_profit_margin_pct,,
PNB,Mar 2023,Public Sector Banks,operating_profit_margin_pct,,
PNB,Mar 2023,Public Sector Banks,operating_profit_margin_pct,,
PNB,Mar 2023,Public Sector Banks,operating_profit_margin_pct,,
PNB,Mar 2023,Public Sector Banks,operating_profit_margin_pct,,
PNB,Mar 2023,Public Sector Banks,operating_profit_margin_pct,,
PNB,Mar 2023,Public Sector Banks,operating_profit_margin_pct,,
PNB,Mar 2023,Public Sector Banks,operating_profit_margin_pct,,
PNB,Mar 2023,Public Sector Banks,operating_profit_margin_pct,,
PNB,Mar 2023,Public Sector Banks,operating_profit_margin_pct,,
PNB,Mar 2023,Public Sector Banks,operating_profit_margin_pct,,
PNB,Mar 2023,Public Sector Banks,operating_profit_margin_pct,,
PNB,Mar 2023,Public Sector Banks,operating_profit_margin_pct,,
PNB,Mar 2023,Public Sector Banks,operating_profit_margin_pct,,
PNB,Mar 2023,Public Sector Banks,operating_profit_margin_pct,,
PNB,Mar 2023,Public Sector Banks,operating_profit_margin_pct,,
PNB,Mar 2023,Public Sector Banks,operating_profit_margin_pct,,
PNB,Mar 2023,Public Sector Banks,operating_profit_margin_pct,,
PNB,Mar 2023,Public Sector Banks,operating_profit_margin_pct,,
PNB,Mar 2023,Public Sector Banks,operating_profit_margin_pct,,
PNB,Mar 2023,Public Sector Banks,operating_profit_margin_pct,,
PNB,Mar 2023,Public Sector Banks,operating_profit_margin_pct,,
PNB,Mar 2024,Public Sector Banks,operating_profit_margin_pct,,
PNB,Mar 2024,Public Sector Banks,operating_profit_margin_pct,,
PNB,Mar 2024,Public Sector Banks,operating_profit_margin_pct,,
PNB,Mar 2024,Public Sector Banks,operating_profit_margin_pct,,
PNB,Mar 2024,Public Sector Banks,operating_profit_margin_pct,,
PNB,Mar 2024,Public Sector Banks,operating_profit_margin_pct,,
PNB,Mar 2024,Public Sector Banks,operating_profit_margin_pct,,
PNB,Mar 2024,Public Sector Banks,operating_profit_margin_pct,,
PNB,Mar 2024,Public Sector Banks,operating_profit_margin_pct,,
PNB,Mar 2024,Public Sector Banks,operating_profit_margin_pct,,
PNB,Mar 2024,Public Sector Banks,operating_profit_margin_pct,,
PNB,Mar 2024,Public Sector Banks,operating_profit_margin_pct,,
PNB,Mar 2024,Public Sector Banks,operating_profit_margin_pct,,
PNB,Mar 2024,Public Sector Banks,operating_profit_margin_pct,,
PNB,Mar 2024,Public Sector Banks,operating_profit_margin_pct,,
PNB,Mar 2024,Public Sector Banks,operating_profit_margin_pct,,
PNB,Mar 2024,Public Sector Banks,operating_profit_margin_pct,,
PNB,Mar 2024,Public Sector Banks,operating_profit_margin_pct,,
PNB,Mar 2024,Public Sector Banks,operating_profit_margin_pct,,
PNB,Mar 2024,Public Sector Banks,operating_profit_margin_pct,,
PNB,Mar 2024,Public Sector Banks,operating_profit_margin_pct,,
PNB,Mar 2024,Public Sector Banks,operating_profit_margin_pct,,
PNB,Mar 2024,Public Sector Banks,operating_profit_margin_pct,,
PNB,Mar 2024,Public Sector Banks,operating_profit_margin_pct,,
PNB,Mar 2024,Public Sector Banks,operating_profit_margin_pct,,
PNB,TTM,Public Sector Banks,operating_profit_margin_pct,,
SBIN,Mar 2013,Public Sector Banks,operating_profit_margin_pct,-3.0504357765395054,82.05128205128204
SBIN,Mar 2014,Public Sector Banks,operating_profit_margin_pct,-7.729739450550613,79.48717948717949
SBIN,Mar 2015,Public Sector Banks,operating_profit_margin_pct,-10.520065008126016,76.92307692307693
SBIN,Mar 2016,Public Sector Banks,operating_profit_margin_pct,-14.684566678602023,66.66666666666666
SBIN,Mar 2017,Public Sector Banks,operating_profit_margin_pct,-27.917048171596942,53.84615384615385
SBIN,Mar 2018,Public Sector Banks,operating_profit_margin_pct,-37.86391230292178,51.28205128205128
SBIN,Mar 2019,Public Sector Banks,operating_profit_margin_pct,-27.099501819818254,56.41025641025641
SBIN,Mar 2020,Public Sector Banks,operating_profit_margin_pct,-23.78377777448379,61.53846153846154
SBIN,Mar 2021,Public Sector Banks,operating_profit_margin_pct,-25.426532189921435,58.97435897435898
SBIN,Mar 2022,Public Sector Banks,operating_profit_margin_pct,-21.92273073699965,64.1025641025641
SBIN,Mar 2023,Public Sector Banks,operating_profit_margin_pct,-12.381250979777395,74.35897435897436
SBIN,Mar 2024,Public Sector Banks,operating_profit_margin_pct,-13.729168991026642,69.23076923076923
SBIN,TTM,Public Sector Banks,operating_profit_margin_pct,-12.60367314346553,71.7948717948718
BANKBARODA,Mar 2013,Public Sector Banks,net_profit_margin_pct,13.251193677624718,97.6470588235294
BANKBARODA,Mar 2014,Public Sector Banks,net_profit_margin_pct,12.4459382645874,96.47058823529412
BANKBARODA,Mar 2015,Public Sector Banks,net_profit_margin_pct,8.794389402204164,88.23529411764706
BANKBARODA,Mar 2016,Public Sector Banks,net_profit_margin_pct,-10.98932291098059,15.0
BANKBARODA,Mar 2017,Public Sector Banks,net_profit_margin_pct,4.171070087468801,55.58823529411765
BANKBARODA,Mar 2018,Public Sector Banks,net_profit_margin_pct,-3.986451276706618,23.235294117647058
BANKBARODA,Mar 2019,Public Sector Banks,net_profit_margin_pct,2.203908819415567,32.94117647058823
BANKBARODA,Mar 2020,Public Sector Banks,net_profit_margin_pct,1.2434248051207302,31.76470588235294
BANKBARODA,Mar 2021,Public Sector Banks,net_profit_margin_pct,2.1799391770056786,32.64705882352941
BANKBARODA,Mar 2022,Public Sector Banks,net_profit_margin_pct,10.810111058118144,88.52941176470588
BANKBARODA,Mar 2023,Public Sector Banks,net_profit_margin_pct,15.877802821074463,99.11764705882354
BANKBARODA,Mar 2024,Public Sector Banks,net_profit_margin_pct,15.93948250956673,99.41176470588235
BANKBARODA,TTM,Public Sector Banks,net_profit_margin_pct,16.226317824461916,99.70588235294117
CANBK,Mar 2013,Public Sector Banks,net_profit_margin_pct,8.790724977986498,87.94117647058823
CANBK,Mar 2014,Public Sector Banks,net_profit_margin_pct,6.7525903462218855,64.11764705882354
CANBK,Mar 2015,Public Sector Banks,net_profit_margin_pct,6.689795266245178,63.8235294117647
CANBK,Mar 2016,Public Sector Banks,net_profit_margin_pct,-5.756261495492632,22.941176470588236
CANBK,Mar 2017,Public Sector Banks,net_profit_margin_pct,3.403526545577345,47.94117647058824
CANBK,Mar 2018,Public Sector Banks,net_profit_margin_pct,-9.367517233039061,15.294117647058824
CANBK,Mar 2019,Public Sector Banks,net_profit_margin_pct,1.4514817209234425,32.35294117647059
CANBK,Mar 2020,Public Sector Banks,net_profit_margin_pct,-3.8606081311923472,23.52941176470588
CANBK,Mar 2021,Public Sector Banks,net_profit_margin_pct,4.2090729221527905,55.88235294117647
CANBK,Mar 2022,Public Sector Banks,net_profit_margin_pct,8.720650295975302,87.6470588235294
CANBK,Mar 2023,Public Sector Banks,net_profit_margin_pct,13.209524363975083,97.35294117647058
CANBK,Mar 2024,Public Sector Banks,net_profit_margin_pct,13.935160470145405,98.23529411764706
CANBK,TTM,Public Sector Banks,net_profit_margin_pct,13.879489413025997,97.94117647058823
PNB,Mar 2013,Public Sector Banks,net_profit_margin_pct,11.655174014998492,92.64705882352942
PNB,Mar 2013,Public Sector Banks,net_profit_margin_pct,11.655174014998492,92.64705882352942
PNB,Mar 2013,Public Sector Banks,net_profit_margin_pct,11.655174014998492,92.64705882352942
PNB,Mar 2013,Public Sector Banks,net_profit_margin_pct,11.655174014998492,92.64705882352942
PNB,Mar 2013,Public Sector Banks,net_profit_margin_pct,11.655174014998492,92.64705882352942
PNB,Mar 2013,Public Sector Banks,net_profit_margin_pct,11.655174014998492,92.64705882352942
PNB,Mar 2013,Public Sector Banks,net_profit_margin_pct,11.655174014998492,92.64705882352942
PNB,Mar 2013,Public Sector Banks,net_profit_margin_pct,11.655174014998492,92.64705882352942
PNB,Mar 2013,Public Sector Banks,net_profit_margin_pct,11.655174014998492,92.64705882352942
PNB,Mar 2013,Public Sector Banks,net_profit_margin_pct,11.655174014998492,92.64705882352942
PNB,Mar 2013,Public Sector Banks,net_profit_margin_pct,11.655174014998492,92.64705882352942
PNB,Mar 2013,Public Sector Banks,net_profit_margin_pct,11.655174014998492,92.64705882352942
PNB,Mar 2013,Public Sector Banks,net_profit_margin_pct,11.655174014998492,92.64705882352942
PNB,Mar 2013,Public Sector Banks,net_profit_margin_pct,11.655174014998492,92.64705882352942
PNB,Mar 2013,Public Sector Banks,net_profit_margin_pct,11.655174014998492,92.64705882352942
PNB,Mar 2013,Public Sector Banks,net_profit_margin_pct,11.655174014998492,92.64705882352942
PNB,Mar 2013,Public Sector Banks,net_profit_margin_pct,11.655174014998492,92.64705882352942
PNB,Mar 2013,Public Sector Banks,net_profit_margin_pct,11.655174014998492,92.64705882352942
PNB,Mar 2013,Public Sector Banks,net_profit_margin_pct,11.655174014998492,92.64705882352942
PNB,Mar 2013,Public Sector Banks,net_profit_margin_pct,11.655174014998492,92.64705882352942
PNB,Mar 2013,Public Sector Banks,net_profit_margin_pct,11.655174014998492,92.64705882352942
PNB,Mar 2013,Public Sector Banks,net_profit_margin_pct,11.655174014998492,92.64705882352942
PNB,Mar 2013,Public Sector Banks,net_profit_margin_pct,11.655174014998492,92.64705882352942
PNB,Mar 2013,Public Sector Banks,net_profit_margin_pct,11.655174014998492,92.64705882352942
PNB,Mar 2013,Public Sector Banks,net_profit_margin_pct,11.655174014998492,92.64705882352942
PNB,Mar 2014,Public Sector Banks,net_profit_margin_pct,8.172071711375061,75.88235294117646
PNB,Mar 2014,Public Sector Banks,net_profit_margin_pct,8.172071711375061,75.88235294117646
PNB,Mar 2014,Public Sector Banks,net_profit_margin_pct,8.172071711375061,75.88235294117646
PNB,Mar 2014,Public Sector Banks,net_profit_margin_pct,8.172071711375061,75.88235294117646
PNB,Mar 2014,Public Sector Banks,net_profit_margin_pct,8.172071711375061,75.88235294117646
PNB,Mar 2014,Public Sector Banks,net_profit_margin_pct,8.172071711375061,75.88235294117646
PNB,Mar 2014,Public Sector Banks,net_profit_margin_pct,8.172071711375061,75.88235294117646
PNB,Mar 2014,Public Sector Banks,net_profit_margin_pct,8.172071711375061,75.88235294117646
PNB,Mar 2014,Public Sector Banks,net_profit_margin_pct,8.172071711375061,75.88235294117646
PNB,Mar 2014,Public Sector Banks,net_profit_margin_pct,8.172071711375061,75.88235294117646
PNB,Mar 2014,Public Sector Banks,net_profit_margin_pct,8.172071711375061,75.88235294117646
PNB,Mar 2014,Public Sector Banks,net_profit_margin_pct,8.172071711375061,75.88235294117646
PNB,Mar 2014,Public Sector Banks,net_profit_margin_pct,8.172071711375061,75.88235294117646
PNB,Mar 2014,Public Sector Banks,net_profit_margin_pct,8.172071711375061,75.88235294117646
PNB,Mar 2014,Public Sector Banks,net_profit_margin_pct,8.172071711375061,75.88235294117646
PNB,Mar 2014,Public Sector Banks,net_profit_margin_pct,8.172071711375061,75.88235294117646
PNB,Mar 2014,Public Sector Banks,net_profit_margin_pct,8.172071711375061,75.88235294117646
PNB,Mar 2014,Public Sector Banks,net_profit_margin_pct,8.172071711375061,75.88235294117646
PNB,Mar 2014,Public Sector Banks,net_profit_margin_pct,8.172071711375061,75.88235294117646
PNB,Mar 2014,Public Sector Banks,net_profit_margin_pct,8.172071711375061,75.88235294117646
PNB,Mar 2014,Public Sector Banks,net_profit_margin_pct,8.172071711375061,75.88235294117646
PNB,Mar 2014,Public Sector Banks,net_profit_margin_pct,8.172071711375061,75.88235294117646
PNB,Mar 2014,Public Sector Banks,net_profit_margin_pct,8.172071711375061,75.88235294117646
PNB,Mar 2014,Public Sector Banks,net_profit_margin_pct,8.172071711375061,75.88235294117646
PNB,Mar 2014,Public Sector Banks,net_profit_margin_pct,8.172071711375061,75.88235294117646
PNB,Mar 2015,Public Sector Banks,net_profit_margin_pct,7.236707041675221,67.94117647058823
PNB,Mar 2015,Public Sector Banks,net_profit_margin_pct,7.236707041675221,67.94117647058823
PNB,Mar 2015,Public Sector Banks,net_profit_margin_pct,7.236707041675221,67.94117647058823
PNB,Mar 2015,Public Sector Banks,net_profit_margin_pct,7.236707041675221,67.94117647058823
PNB,Mar 2015,Public Sector Banks,net_profit_margin_pct,7.236707041675221,67.94117647058823
PNB,Mar 2015,Public Sector Banks,net_profit_margin_pct,7.236707041675221,67.94117647058823
PNB,Mar 2015,Public Sector Banks,net_profit_margin_pct,7.236707041675221,67.94117647058823
PNB,Mar 2015,Public Sector Banks,net_profit_margin_pct,7.236707041675221,67.94117647058823
PNB,Mar 2015,Public Sector Banks,net_profit_margin_pct,7.236707041675221,67.94117647058823
PNB,Mar 2015,Public Sector Banks,net_profit_margin_pct,7.236707041675221,67.94117647058823
PNB,Mar 2015,Public Sector Banks,net_profit_margin_pct,7.236707041675221,67.94117647058823
PNB,Mar 2015,Public Sector Banks,net_profit_margin_pct,7.236707041675221,67.94117647058823
PNB,Mar 2015,Public Sector Banks,net_profit_margin_pct,7.236707041675221,67.94117647058823
PNB,Mar 2015,Public Sector Banks,net_profit_margin_pct,7.236707041675221,67.94117647058823
PNB,Mar 2015,Public Sector Banks,net_profit_margin_pct,7.236707041675221,67.94117647058823
PNB,Mar 2015,Public Sector Banks,net_profit_margin_pct,7.236707041675221,67.94117647058823
PNB,Mar 2015,Public Sector Banks,net_profit_margin_pct,7.236707041675221,67.94117647058823
PNB,Mar 2015,Public Sector Banks,net_profit_margin_pct,7.236707041675221,67.94117647058823
PNB,Mar 2015,Public Sector Banks,net_profit_margin_pct,7.236707041675221,67.94117647058823
PNB,Mar 2015,Public Sector Banks,net_profit_margin_pct,7.236707041675221,67.94117647058823
PNB,Mar 2015,Public Sector Banks,net_profit_margin_pct,7.236707041675221,67.94117647058823
PNB,Mar 2015,Public Sector Banks,net_profit_margin_pct,7.236707041675221,67.94117647058823
PNB,Mar 2015,Public Sector Banks,net_profit_margin_pct,7.236707041675221,67.94117647058823
PNB,Mar 2015,Public Sector Banks,net_profit_margin_pct,7.236707041675221,67.94117647058823
PNB,Mar 2015,Public Sector Banks,net_profit_margin_pct,7.236707041675221,67.94117647058823
PNB,Mar 2016,Public Sector Banks,net_profit_margin_pct,-6.908904810644831,19.11764705882353
PNB,Mar 2016,Public Sector Banks,net_profit_margin_pct,-6.908904810644831,19.11764705882353
PNB,Mar 2016,Public Sector Banks,net_profit_margin_pct,-6.908904810644831,19.11764705882353
PNB,Mar 2016,Public Sector Banks,net_profit_margin_pct,-6.908904810644831,19.11764705882353
PNB,Mar 2016,Public Sector Banks,net_profit_margin_pct,-6.908904810644831,19.11764705882353
PNB,Mar 2016,Public Sector Banks,net_profit_margin_pct,-6.908904810644831,19.11764705882353
PNB,Mar 2016,Public Sector Banks,net_profit_margin_pct,-6.908904810644831,19.11764705882353
PNB,Mar 2016,Public Sector Banks,net_profit_margin_pct,-6.908904810644831,19.11764705882353
PNB,Mar 2016,Public Sector Banks,net_profit_margin_pct,-6.908904810644831,19.11764705882353
PNB,Mar 2016,Public Sector Banks,net_profit_margin_pct,-6.908904810644831,19.11764705882353
PNB,Mar 2016,Public Sector Banks,net_profit_margin_pct,-6.908904810644831,19.11764705882353
PNB,Mar 2016,Public Sector Banks,net_profit_margin_pct,-6.908904810644831,19.11764705882353
PNB,Mar 2016,Public Sector Banks,net_profit_margin_pct,-6.908904810644831,19.11764705882353
PNB,Mar 2016,Public Sector Banks,net_profit_margin_pct,-6.908904810644831,19.11764705882353
PNB,Mar 2016,Public Sector Banks,net_profit_margin_pct,-6.908904810644831,19.11764705882353
PNB,Mar 2016,Public Sector Banks,net_profit_margin_pct,-6.908904810644831,19.11764705882353
PNB,Mar 2016,Public Sector Banks,net_profit_margin_pct,-6.908904810644831,19.11764705882353
PNB,Mar 2016,Public Sector Banks,net_profit_margin_pct,-6.908904810644831,19.11764705882353
PNB,Mar 2016,Public Sector Banks,net_profit_margin_pct,-6.908904810644831,19.11764705882353
PNB,Mar 2016,Public Sector Banks,net_profit_margin_pct,-6.908904810644831,19.11764705882353
PNB,Mar 2016,Public Sector Banks,net_profit_margin_pct,-6.908904810644831,19.11764705882353
PNB,Mar 2016,Public Sector Banks,net_profit_margin_pct,-6.908904810644831,19.11764705882353
PNB,Mar 2016,Public Sector Banks,net_profit_margin_pct,-6.908904810644831,19.11764705882353
PNB,Mar 2016,Public Sector Banks,net_profit_margin_pct,-6.908904810644831,19.11764705882353
PNB,Mar 2016,Public Sector Banks,net_profit_margin_pct,-6.908904810644831,19.11764705882353
PNB,Mar 2017,Public Sector Banks,net_profit_margin_pct,2.578134753839111,36.76470588235294
PNB,Mar 2017,Public Sector Banks,net_profit_margin_pct,2.578134753839111,36.76470588235294
PNB,Mar 2017,Public Sector Banks,net_profit_margin_pct,2.578134753839111,36.76470588235294
PNB,Mar 2017,Public Sector Banks,net_profit_margin_pct,2.578134753839111,36.76470588235294
PNB,Mar 2017,Public Sector Banks,net_profit_margin_pct,2.578134753839111,36.76470588235294
PNB,Mar 2017,Public Sector Banks,net_profit_margin_pct,2.578134753839111,36.76470588235294
PNB,Mar 2017,Public Sector Banks,net_profit_margin_pct,2.578134753839111,36.76470588235294
PNB,Mar 2017,Public Sector Banks,net_profit_margin_pct,2.578134753839111,36.76470588235294
PNB,Mar 2017,Public Sector Banks,net_profit_margin_pct,2.578134753839111,36.76470588235294
PNB,Mar 2017,Public Sector Banks,net_profit_margin_pct,2.578134753839111,36.76470588235294
PNB,Mar 2017,Public Sector Banks,net_profit_margin_pct,2.578134753839111,36.76470588235294
PNB,Mar 2017,Public Sector Banks,net_profit_margin_pct,2.578134753839111,36.76470588235294
PNB,Mar 2017,Public Sector Banks,net_profit_margin_pct,2.578134753839111,36.76470588235294
PNB,Mar 2017,Public Sector Banks,net_profit_margin_pct,2.578134753839111,36.76470588235294
PNB,Mar 2017,Public Sector Banks,net_profit_margin_pct,2.578134753839111,36.76470588235294
PNB,Mar 2017,Public Sector Banks,net_profit_margin_pct,2.578134753839111,36.76470588235294
PNB,Mar 2017,Public Sector Banks,net_profit_margin_pct,2.578134753839111,36.76470588235294
PNB,Mar 2017,Public Sector Banks,net_profit_margin_pct,2.578134753839111,36.76470588235294
PNB,Mar 2017,Public Sector Banks,net_profit_margin_pct,2.578134753839111,36.76470588235294
PNB,Mar 2017,Public Sector Banks,net_profit_margin_pct,2.578134753839111,36.76470588235294
PNB,Mar 2017,Public Sector Banks,net_profit_margin_pct,2.578134753839111,36.76470588235294
PNB,Mar 2017,Public Sector Banks,net_profit_margin_pct,2.578134753839111,36.76470588235294
PNB,Mar 2017,Public Sector Banks,net_profit_margin_pct,2.578134753839111,36.76470588235294
PNB,Mar 2017,Public Sector Banks,net_profit_margin_pct,2.578134753839111,36.76470588235294
PNB,Mar 2017,Public Sector Banks,net_profit_margin_pct,2.578134753839111,36.76470588235294
PNB,Mar 2018,Public Sector Banks,net_profit_margin_pct,-24.855823499230375,3.823529411764706
PNB,Mar 2018,Public Sector Banks,net_profit_margin_pct,-24.855823499230375,3.823529411764706
PNB,Mar 2018,Public Sector Banks,net_profit_margin_pct,-24.855823499230375,3.823529411764706
PNB,Mar 2018,Public Sector Banks,net_profit_margin_pct,-24.855823499230375,3.823529411764706
PNB,Mar 2018,Public Sector Banks,net_profit_margin_pct,-24.855823499230375,3.823529411764706
PNB,Mar 2018,Public Sector Banks,net_profit_margin_pct,-24.855823499230375,3.823529411764706
PNB,Mar 2018,Public Sector Banks,net_profit_margin_pct,-24.855823499230375,3.823529411764706
PNB,Mar 2018,Public Sector Banks,net_profit_margin_pct,-24.855823499230375,3.823529411764706
PNB,Mar 2018,Public Sector Banks,net_profit_margin_pct,-24.855823499230375,3.823529411764706
PNB,Mar 2018,Public Sector Banks,net_profit_margin_pct,-24.855823499230375,3.823529411764706
PNB,Mar 2018,Public Sector Banks,net_profit_margin_pct,-24.855823499230375,3.823529411764706
PNB,Mar 2018,Public Sector Banks,net_profit_margin_pct,-24.855823499230375,3.823529411764706
PNB,Mar 2018,Public Sector Banks,net_profit_margin_pct,-24.855823499230375,3.823529411764706
PNB,Mar 2018,Public Sector Banks,net_profit_margin_pct,-24.855823499230375,3.823529411764706
PNB,Mar 2018,Public Sector Banks,net_profit_margin_pct,-24.855823499230375,3.823529411764706
PNB,Mar 2018,Public Sector Banks,net_profit_margin_pct,-24.855823499230375,3.823529411764706
PNB,Mar 2018,Public Sector Banks,net_profit_margin_pct,-24.855823499230375,3.823529411764706
PNB,Mar 2018,Public Sector Banks,net_profit_margin_pct,-24.855823499230375,3.823529411764706
PNB,Mar 2018,Public Sector Banks,net_profit_margin_pct,-24.855823499230375,3.823529411764706
PNB,Mar 2018,Public Sector Banks,net_profit_margin_pct,-24.855823499230375,3.823529411764706
PNB,Mar 2018,Public Sector Banks,net_profit_margin_pct,-24.855823499230375,3.823529411764706
PNB,Mar 2018,Public Sector Banks,net_profit_margin_pct,-24.855823499230375,3.823529411764706
PNB,Mar 2018,Public Sector Banks,net_profit_margin_pct,-24.855823499230375,3.823529411764706
PNB,Mar 2018,Public Sector Banks,net_profit_margin_pct,-24.855823499230375,3.823529411764706
PNB,Mar 2018,Public Sector Banks,net_profit_margin_pct,-24.855823499230375,3.823529411764706
PNB,Mar 2019,Public Sector Banks,net_profit_margin_pct,-18.31361343893225,11.176470588235295
PNB,Mar 2019,Public Sector Banks,net_profit_margin_pct,-18.31361343893225,11.176470588235295
PNB,Mar 2019,Public Sector Banks,net_profit_margin_pct,-18.31361343893225,11.176470588235295
PNB,Mar 2019,Public Sector Banks,net_profit_margin_pct,-18.31361343893225,11.176470588235295
PNB,Mar 2019,Public Sector Banks,net_profit_margin_pct,-18.31361343893225,11.176470588235295
PNB,Mar 2019,Public Sector Banks,net_profit_margin_pct,-18.31361343893225,11.176470588235295
PNB,Mar 2019,Public Sector Banks,net_profit_margin_pct,-18.31361343893225,11.176470588235295
PNB,Mar 2019,Public Sector Banks,net_profit_margin_pct,-18.31361343893225,11.176470588235295
PNB,Mar 2019,Public Sector Banks,net_profit_margin_pct,-18.31361343893225,11.176470588235295
PNB,Mar 2019,Public Sector Banks,net_profit_margin_pct,-18.31361343893225,11.176470588235295
PNB,Mar 2019,Public Sector Banks,net_profit_margin_pct,-18.31361343893225,11.176470588235295
PNB,Mar 2019,Public Sector Banks,net_profit_margin_pct,-18.31361343893225,11.176470588235295
PNB,Mar 2019,Public Sector Banks,net_profit_margin_pct,-18.31361343893225,11.176470588235295
PNB,Mar 2019,Public Sector Banks,net_profit_margin_pct,-18.31361343893225,11.176470588235295
PNB,Mar 2019,Public Sector Banks,net_profit_margin_pct,-18.31361343893225,11.176470588235295
PNB,Mar 2019,Public Sector Banks,net_profit_margin_pct,-18.31361343893225,11.176470588235295
PNB,Mar 2019,Public Sector Banks,net_profit_margin_pct,-18.31361343893225,11.176470588235295
PNB,Mar 2019,Public Sector Banks,net_profit_margin_pct,-18.31361343893225,11.176470588235295
PNB,Mar 2019,Public Sector Banks,net_profit_margin_pct,-18.31361343893225,11.176470588235295
PNB,Mar 2019,Public Sector Banks,net_profit_margin_pct,-18.31361343893225,11.176470588235295
PNB,Mar 2019,Public Sector Banks,net_profit_margin_pct,-18.31361343893225,11.176470588235295
PNB,Mar 2019,Public Sector Banks,net_profit_margin_pct,-18.31361343893225,11.176470588235295
PNB,Mar 2019,Public Sector Banks,net_profit_margin_pct,-18.31361343893225,11.176470588235295
PNB,Mar 2019,Public Sector Banks,net_profit_margin_pct,-18.31361343893225,11.176470588235295
PNB,Mar 2019,Public Sector Banks,net_profit_margin_pct,-18.31361343893225,11.176470588235295
PNB,Mar 2020,Public Sector Banks,net_profit_margin_pct,0.883134855602899,27.941176470588236
PNB,Mar 2020,Public Sector Banks,net_profit_margin_pct,0.883134855602899,27.941176470588236
PNB,Mar 2020,Public Sector Banks,net_profit_margin_pct,0.883134855602899,27.941176470588236
PNB,Mar 2020,Public Sector Banks,net_profit_margin_pct,0.883134855602899,27.941176470588236
PNB,Mar 2020,Public Sector Banks,net_profit_margin_pct,0.883134855602899,27.941176470588236
PNB,Mar 2020,Public Sector Banks,net_profit_margin_pct,0.883134855602899,27.941176470588236
PNB,Mar 2020,Public Sector Banks,net_profit_margin_pct,0.883134855602899,27.941176470588236
PNB,Mar 2020,Public Sector Banks,net_profit_margin_pct,0.883134855602899,27.941176470588236
PNB,Mar 2020,Public Sector Banks,net_profit_margin_pct,0.883134855602899,27.941176470588236
PNB,Mar 2020,Public Sector Banks,net_profit_margin_pct,0.883134855602899,27.941176470588236
PNB,Mar 2020,Public Sector Banks,net_profit_margin_pct,0.883134855602899,27.941176470588236
PNB,Mar 2020,Public Sector Banks,net_profit_margin_pct,0.883134855602899,27.941176470588236
PNB,Mar 2020,Public Sector Banks,net_profit_margin_pct,0.883134855602899,27.941176470588236
PNB,Mar 2020,Public Sector Banks,net_profit_margin_pct,0.883134855602899,27.941176470588236
PNB,Mar 2020,Public Sector Banks,net_profit_margin_pct,0.883134855602899,27.941176470588236
PNB,Mar 2020,Public Sector Banks,net_profit_margin_pct,0.883134855602899,27.941176470588236
PNB,Mar 2020,Public Sector Banks,net_profit_margin_pct,0.883134855602899,27.941176470588236
PNB,Mar 2020,Public Sector Banks,net_profit_margin_pct,0.883134855602899,27.941176470588236
PNB,Mar 2020,Public Sector Banks,net_profit_margin_pct,0.883134855602899,27.941176470588236
PNB,Mar 2020,Public Sector Banks,net_profit_margin_pct,0.883134855602899,27.941176470588236
PNB,Mar 2020,Public Sector Banks,net_profit_margin_pct,0.883134855602899,27.941176470588236
PNB,Mar 2020,Public Sector Banks,net_profit_margin_pct,0.883134855602899,27.941176470588236
PNB,Mar 2020,Public Sector Banks,net_profit_margin_pct,0.883134855602899,27.941176470588236
PNB,Mar 2020,Public Sector Banks,net_profit_margin_pct,0.883134855602899,27.941176470588236
PNB,Mar 2020,Public Sector Banks,net_profit_margin_pct,0.883134855602899,27.941176470588236
PNB,Mar 2021,Public Sector Banks,net_profit_margin_pct,3.289192652712516,44.11764705882353
PNB,Mar 2021,Public Sector Banks,net_profit_margin_pct,3.289192652712516,44.11764705882353
PNB,Mar 2021,Public Sector Banks,net_profit_margin_pct,3.289192652712516,44.11764705882353
PNB,Mar 2021,Public Sector Banks,net_profit_margin_pct,3.289192652712516,44.11764705882353
PNB,Mar 2021,Public Sector Banks,net_profit_margin_pct,3.289192652712516,44.11764705882353
PNB,Mar 2021,Public Sector Banks,net_profit_margin_pct,3.289192652712516,44.11764705882353
PNB,Mar 2021,Public Sector Banks,net_profit_margin_pct,3.289192652712516,44.11764705882353
PNB,Mar 2021,Public Sector Banks,net_profit_margin_pct,3.289192652712516,44.11764705882353
PNB,Mar 2021,Public Sector Banks,net_profit_margin_pct,3.289192652712516,44.11764705882353
PNB,Mar 2021,Public Sector Banks,net_profit_margin_pct,3.289192652712516,44.11764705882353
PNB,Mar 2021,Public Sector Banks,net_profit_margin_pct,3.289192652712516,44.11764705882353
PNB,Mar 2021,Public Sector Banks,net_profit_margin_pct,3.289192652712516,44.11764705882353
PNB,Mar 2021,Public Sector Banks,net_profit_margin_pct,3.289192652712516,44.11764705882353
PNB,Mar 2021,Public Sector Banks,net_profit_margin_pct,3.289192652712516,44.11764705882353
PNB,Mar 2021,Public Sector Banks,net_profit_margin_pct,3.289192652712516,44.11764705882353
PNB,Mar 2021,Public Sector Banks,net_profit_margin_pct,3.289192652712516,44.11764705882353
PNB,Mar 2021,Public Sector Banks,net_profit_margin_pct,3.289192652712516,44.11764705882353
PNB,Mar 2021,Public Sector Banks,net_profit_margin_pct,3.289192652712516,44.11764705882353
PNB,Mar 2021,Public Sector Banks,net_profit_margin_pct,3.289192652712516,44.11764705882353
PNB,Mar 2021,Public Sector Banks,net_profit_margin_pct,3.289192652712516,44.11764705882353
PNB,Mar 2021,Public Sector Banks,net_profit_margin_pct,3.289192652712516,44.11764705882353
PNB,Mar 2021,Public Sector Banks,net_profit_margin_pct,3.289192652712516,44.11764705882353
PNB,Mar 2021,Public Sector Banks,net_profit_margin_pct,3.289192652712516,44.11764705882353
PNB,Mar 2021,Public Sector Banks,net_profit_margin_pct,3.289192652712516,44.11764705882353
PNB,Mar 2021,Public Sector Banks,net_profit_margin_pct,3.289192652712516,44.11764705882353
PNB,Mar 2022,Public Sector Banks,net_profit_margin_pct,5.125783688780462,59.705882352941174
PNB,Mar 2022,Public Sector Banks,net_profit_margin_pct,5.125783688780462,59.705882352941174
PNB,Mar 2022,Public Sector Banks,net_profit_margin_pct,5.125783688780462,59.705882352941174
PNB,Mar 2022,Public Sector Banks,net_profit_margin_pct,5.125783688780462,59.705882352941174
PNB,Mar 2022,Public Sector Banks,net_profit_margin_pct,5.125783688780462,59.705882352941174
PNB,Mar 2022,Public Sector Banks,net_profit_margin_pct,5.125783688780462,59.705882352941174
PNB,Mar 2022,Public Sector Banks,net_profit_margin_pct,5.125783688780462,59.705882352941174
PNB,Mar 2022,Public Sector Banks,net_profit_margin_pct,5.125783688780462,59.705882352941174
PNB,Mar 2022,Public Sector Banks,net_profit_margin_pct,5.125783688780462,59.705882352941174
PNB,Mar 2022,Public Sector Banks,net_profit_margin_pct,5.125783688780462,59.705882352941174
PNB,Mar 2022,Public Sector Banks,net_profit_margin_pct,5.125783688780462,59.705882352941174
PNB,Mar 2022,Public Sector Banks,net_profit_margin_pct,5.125783688780462,59.705882352941174
PNB,Mar 2022,Public Sector Banks,net_profit_margin_pct,5.125783688780462,59.705882352941174
PNB,Mar 2022,Public Sector Banks,net_profit_margin_pct,5.125783688780462,59.705882352941174
PNB,Mar 2022,Public Sector Banks,net_profit_margin_pct,5.125783688780462,59.705882352941174
PNB,Mar 2022,Public Sector Banks,net_profit_margin_pct,5.125783688780462,59.705882352941174
PNB,Mar 2022,Public Sector Banks,net_profit_margin_pct,5.125783688780462,59.705882352941174
PNB,Mar 2022,Public Sector Banks,net_profit_margin_pct,5.125783688780462,59.705882352941174
PNB,Mar 2022,Public Sector Banks,net_profit_margin_pct,5.125783688780462,59.705882352941174
PNB,Mar 2022,Public Sector Banks,net_profit_margin_pct,5.125783688780462,59.705882352941174
PNB,Mar 2022,Public Sector Banks,net_profit_margin_pct,5.125783688780462,59.705882352941174
PNB,Mar 2022,Public Sector Banks,net_profit_margin_pct,5.125783688780462,59.705882352941174
PNB,Mar 2022,Public Sector Banks,net_profit_margin_pct,5.125783688780462,59.705882352941174
PNB,Mar 2022,Public Sector Banks,net_profit_margin_pct,5.125783688780462,59.705882352941174
PNB,Mar 2022,Public Sector Banks,net_profit_margin_pct,5.125783688780462,59.705882352941174
PNB,Mar 2023,Public Sector Banks,net_profit_margin_pct,3.8678104669238302,51.76470588235295
PNB,Mar 2023,Public Sector Banks,net_profit_margin_pct,3.8678104669238302,51.76470588235295
PNB,Mar 2023,Public Sector Banks,net_profit_margin_pct,3.8678104669238302,51.76470588235295
PNB,Mar 2023,Public Sector Banks,net_profit_margin_pct,3.8678104669238302,51.76470588235295
PNB,Mar 2023,Public Sector Banks,net_profit_margin_pct,3.8678104669238302,51.76470588235295
PNB,Mar 2023,Public Sector Banks,net_profit_margin_pct,3.8678104669238302,51.76470588235295
PNB,Mar 2023,Public Sector Banks,net_profit_margin_pct,3.8678104669238302,51.76470588235295
PNB,Mar 2023,Public Sector Banks,net_profit_margin_pct,3.8678104669238302,51.76470588235295
PNB,Mar 2023,Public Sector Banks,net_profit_margin_pct,3.8678104669238302,51.76470588235295
PNB,Mar 2023,Public Sector Banks,net_profit_margin_pct,3.8678104669238302,51.76470588235295
PNB,Mar 2023,Public Sector Banks,net_profit_margin_pct,3.8678104669238302,51.76470588235295
PNB,Mar 2023,Public Sector Banks,net_profit_margin_pct,3.8678104669238302,51.76470588235295
PNB,Mar 2023,Public Sector Banks,net_profit_margin_pct,3.8678104669238302,51.76470588235295
PNB,Mar 2023,Public Sector Banks,net_profit_margin_pct,3.8678104669238302,51.76470588235295
PNB,Mar 2023,Public Sector Banks,net_profit_margin_pct,3.8678104669238302,51.76470588235295
PNB,Mar 2023,Public Sector Banks,net_profit_margin_pct,3.8678104669238302,51.76470588235295
PNB,Mar 2023,Public Sector Banks,net_profit_margin_pct,3.8678104669238302,51.76470588235295
PNB,Mar 2023,Public Sector Banks,net_profit_margin_pct,3.8678104669238302,51.76470588235295
PNB,Mar 2023,Public Sector Banks,net_profit_margin_pct,3.8678104669238302,51.76470588235295
PNB,Mar 2023,Public Sector Banks,net_profit_margin_pct,3.8678104669238302,51.76470588235295
PNB,Mar 2023,Public Sector Banks,net_profit_margin_pct,3.8678104669238302,51.76470588235295
PNB,Mar 2023,Public Sector Banks,net_profit_margin_pct,3.8678104669238302,51.76470588235295
PNB,Mar 2023,Public Sector Banks,net_profit_margin_pct,3.8678104669238302,51.76470588235295
PNB,Mar 2023,Public Sector Banks,net_profit_margin_pct,3.8678104669238302,51.76470588235295
PNB,Mar 2023,Public Sector Banks,net_profit_margin_pct,3.8678104669238302,51.76470588235295
PNB,Mar 2024,Public Sector Banks,net_profit_margin_pct,8.395910695456838,83.23529411764706
PNB,Mar 2024,Public Sector Banks,net_profit_margin_pct,8.395910695456838,83.23529411764706
PNB,Mar 2024,Public Sector Banks,net_profit_margin_pct,8.395910695456838,83.23529411764706
PNB,Mar 2024,Public Sector Banks,net_profit_margin_pct,8.395910695456838,83.23529411764706
PNB,Mar 2024,Public Sector Banks,net_profit_margin_pct,8.395910695456838,83.23529411764706
PNB,Mar 2024,Public Sector Banks,net_profit_margin_pct,8.395910695456838,83.23529411764706
PNB,Mar 2024,Public Sector Banks,net_profit_margin_pct,8.395910695456838,83.23529411764706
PNB,Mar 2024,Public Sector Banks,net_profit_margin_pct,8.395910695456838,83.23529411764706
PNB,Mar 2024,Public Sector Banks,net_profit_margin_pct,8.395910695456838,83.23529411764706
PNB,Mar 2024,Public Sector Banks,net_profit_margin_pct,8.395910695456838,83.23529411764706
PNB,Mar 2024,Public Sector Banks,net_profit_margin_pct,8.395910695456838,83.23529411764706
PNB,Mar 2024,Public Sector Banks,net_profit_margin_pct,8.395910695456838,83.23529411764706
PNB,Mar 2024,Public Sector Banks,net_profit_margin_pct,8.395910695456838,83.23529411764706
PNB,Mar 2024,Public Sector Banks,net_profit_margin_pct,8.395910695456838,83.23529411764706
PNB,Mar 2024,Public Sector Banks,net_profit_margin_pct,8.395910695456838,83.23529411764706
PNB,Mar 2024,Public Sector Banks,net_profit_margin_pct,8.395910695456838,83.23529411764706
PNB,Mar 2024,Public Sector Banks,net_profit_margin_pct,8.395910695456838,83.23529411764706
PNB,Mar 2024,Public Sector Banks,net_profit_margin_pct,8.395910695456838,83.23529411764706
PNB,Mar 2024,Public Sector Banks,net_profit_margin_pct,8.395910695456838,83.23529411764706
PNB,Mar 2024,Public Sector Banks,net_profit_margin_pct,8.395910695456838,83.23529411764706
PNB,Mar 2024,Public Sector Banks,net_profit_margin_pct,8.395910695456838,83.23529411764706
PNB,Mar 2024,Public Sector Banks,net_profit_margin_pct,8.395910695456838,83.23529411764706
PNB,Mar 2024,Public Sector Banks,net_profit_margin_pct,8.395910695456838,83.23529411764706
PNB,Mar 2024,Public Sector Banks,net_profit_margin_pct,8.395910695456838,83.23529411764706
PNB,Mar 2024,Public Sector Banks,net_profit_margin_pct,8.395910695456838,83.23529411764706
PNB,TTM,Public Sector Banks,net_profit_margin_pct,12.516576821728123,96.76470588235294
SBIN,Mar 2013,Public Sector Banks,net_profit_margin_pct,11.046220888698386,88.8235294117647
SBIN,Mar 2014,Public Sector Banks,net_profit_margin_pct,7.831822365150057,71.76470588235294
SBIN,Mar 2015,Public Sector Banks,net_profit_margin_pct,8.574148691663382,87.05882352941177
SBIN,Mar 2016,Public Sector Banks,net_profit_margin_pct,5.900749207960731,63.52941176470588
SBIN,Mar 2017,Public Sector Banks,net_profit_margin_pct,-0.042092107946729615,24.11764705882353
SBIN,Mar 2018,Public Sector Banks,net_profit_margin_pct,-1.6373324016246669,23.823529411764703
SBIN,Mar 2019,Public Sector Banks,net_profit_margin_pct,1.322822336788751,32.05882352941177
SBIN,Mar 2020,Public Sector Banks,net_profit_margin_pct,7.833923780442613,72.05882352941177
SBIN,Mar 2021,Public Sector Banks,net_profit_margin_pct,8.589252647286195,87.3529411764706
SBIN,Mar 2022,Public Sector Banks,net_profit_margin_pct,12.822917995813404,97.05882352941177
SBIN,Mar 2023,Public Sector Banks,net_profit_margin_pct,16.460260228876,100.0
SBIN,Mar 2024,Public Sector Banks,net_profit_margin_pct,15.83441297482405,98.52941176470588
SBIN,TTM,Public Sector Banks,net_profit_margin_pct,15.855416555762577,98.82352941176471
BANKBARODA,Mar 2013,Public Sector Banks,debt_to_equity,,
BANKBARODA,Mar 2014,Public Sector Banks,debt_to_equity,,
BANKBARODA,Mar 2015,Public Sector Banks,debt_to_equity,,
BANKBARODA,Mar 2016,Public Sector Banks,debt_to_equity,,
BANKBARODA,Mar 2017,Public Sector Banks,debt_to_equity,,
BANKBARODA,Mar 2018,Public Sector Banks,debt_to_equity,,
BANKBARODA,Mar 2019,Public Sector Banks,debt_to_equity,,
BANKBARODA,Mar 2020,Public Sector Banks,debt_to_equity,,
BANKBARODA,Mar 2021,Public Sector Banks,debt_to_equity,,
BANKBARODA,Mar 2022,Public Sector Banks,debt_to_equity,,
BANKBARODA,Mar 2023,Public Sector Banks,debt_to_equity,,
BANKBARODA,Mar 2024,Public Sector Banks,debt_to_equity,,
BANKBARODA,TTM,Public Sector Banks,debt_to_equity,,
CANBK,Mar 2013,Public Sector Banks,debt_to_equity,,
CANBK,Mar 2014,Public Sector Banks,debt_to_equity,,
CANBK,Mar 2015,Public Sector Banks,debt_to_equity,,
CANBK,Mar 2016,Public Sector Banks,debt_to_equity,,
CANBK,Mar 2017,Public Sector Banks,debt_to_equity,,
CANBK,Mar 2018,Public Sector Banks,debt_to_equity,,
CANBK,Mar 2019,Public Sector Banks,debt_to_equity,,
CANBK,Mar 2020,Public Sector Banks,debt_to_equity,,
CANBK,Mar 2021,Public Sector Banks,debt_to_equity,,
CANBK,Mar 2022,Public Sector Banks,debt_to_equity,,
CANBK,Mar 2023,Public Sector Banks,debt_to_equity,,
CANBK,Mar 2024,Public Sector Banks,debt_to_equity,,
CANBK,TTM,Public Sector Banks,debt_to_equity,,
PNB,Mar 2013,Public Sector Banks,debt_to_equity,,
PNB,Mar 2013,Public Sector Banks,debt_to_equity,,
PNB,Mar 2013,Public Sector Banks,debt_to_equity,,
PNB,Mar 2013,Public Sector Banks,debt_to_equity,,
PNB,Mar 2013,Public Sector Banks,debt_to_equity,,
PNB,Mar 2013,Public Sector Banks,debt_to_equity,,
PNB,Mar 2013,Public Sector Banks,debt_to_equity,,
PNB,Mar 2013,Public Sector Banks,debt_to_equity,,
PNB,Mar 2013,Public Sector Banks,debt_to_equity,,
PNB,Mar 2013,Public Sector Banks,debt_to_equity,,
PNB,Mar 2013,Public Sector Banks,debt_to_equity,,
PNB,Mar 2013,Public Sector Banks,debt_to_equity,,
PNB,Mar 2013,Public Sector Banks,debt_to_equity,,
PNB,Mar 2013,Public Sector Banks,debt_to_equity,,
PNB,Mar 2013,Public Sector Banks,debt_to_equity,,
PNB,Mar 2013,Public Sector Banks,debt_to_equity,,
PNB,Mar 2013,Public Sector Banks,debt_to_equity,,
PNB,Mar 2013,Public Sector Banks,debt_to_equity,,
PNB,Mar 2013,Public Sector Banks,debt_to_equity,,
PNB,Mar 2013,Public Sector Banks,debt_to_equity,,
PNB,Mar 2013,Public Sector Banks,debt_to_equity,,
PNB,Mar 2013,Public Sector Banks,debt_to_equity,,
PNB,Mar 2013,Public Sector Banks,debt_to_equity,,
PNB,Mar 2013,Public Sector Banks,debt_to_equity,,
PNB,Mar 2013,Public Sector Banks,debt_to_equity,,
PNB,Mar 2014,Public Sector Banks,debt_to_equity,,
PNB,Mar 2014,Public Sector Banks,debt_to_equity,,
PNB,Mar 2014,Public Sector Banks,debt_to_equity,,
PNB,Mar 2014,Public Sector Banks,debt_to_equity,,
PNB,Mar 2014,Public Sector Banks,debt_to_equity,,
PNB,Mar 2014,Public Sector Banks,debt_to_equity,,
PNB,Mar 2014,Public Sector Banks,debt_to_equity,,
PNB,Mar 2014,Public Sector Banks,debt_to_equity,,
PNB,Mar 2014,Public Sector Banks,debt_to_equity,,
PNB,Mar 2014,Public Sector Banks,debt_to_equity,,
PNB,Mar 2014,Public Sector Banks,debt_to_equity,,
PNB,Mar 2014,Public Sector Banks,debt_to_equity,,
PNB,Mar 2014,Public Sector Banks,debt_to_equity,,
PNB,Mar 2014,Public Sector Banks,debt_to_equity,,
PNB,Mar 2014,Public Sector Banks,debt_to_equity,,
PNB,Mar 2014,Public Sector Banks,debt_to_equity,,
PNB,Mar 2014,Public Sector Banks,debt_to_equity,,
PNB,Mar 2014,Public Sector Banks,debt_to_equity,,
PNB,Mar 2014,Public Sector Banks,debt_to_equity,,
PNB,Mar 2014,Public Sector Banks,debt_to_equity,,
PNB,Mar 2014,Public Sector Banks,debt_to_equity,,
PNB,Mar 2014,Public Sector Banks,debt_to_equity,,
PNB,Mar 2014,Public Sector Banks,debt_to_equity,,
PNB,Mar 2014,Public Sector Banks,debt_to_equity,,
PNB,Mar 2014,Public Sector Banks,debt_to_equity,,
PNB,Mar 2015,Public Sector Banks,debt_to_equity,,
PNB,Mar 2015,Public Sector Banks,debt_to_equity,,
PNB,Mar 2015,Public Sector Banks,debt_to_equity,,
PNB,Mar 2015,Public Sector Banks,debt_to_equity,,
PNB,Mar 2015,Public Sector Banks,debt_to_equity,,
PNB,Mar 2015,Public Sector Banks,debt_to_equity,,
PNB,Mar 2015,Public Sector Banks,debt_to_equity,,
PNB,Mar 2015,Public Sector Banks,debt_to_equity,,
PNB,Mar 2015,Public Sector Banks,debt_to_equity,,
PNB,Mar 2015,Public Sector Banks,debt_to_equity,,
PNB,Mar 2015,Public Sector Banks,debt_to_equity,,
PNB,Mar 2015,Public Sector Banks,debt_to_equity,,
PNB,Mar 2015,Public Sector Banks,debt_to_equity,,
PNB,Mar 2015,Public Sector Banks,debt_to_equity,,
PNB,Mar 2015,Public Sector Banks,debt_to_equity,,
PNB,Mar 2015,Public Sector Banks,debt_to_equity,,
PNB,Mar 2015,Public Sector Banks,debt_to_equity,,
PNB,Mar 2015,Public Sector Banks,debt_to_equity,,
PNB,Mar 2015,Public Sector Banks,debt_to_equity,,
PNB,Mar 2015,Public Sector Banks,debt_to_equity,,
PNB,Mar 2015,Public Sector Banks,debt_to_equity,,
PNB,Mar 2015,Public Sector Banks,debt_to_equity,,
PNB,Mar 2015,Public Sector Banks,debt_to_equity,,
PNB,Mar 2015,Public Sector Banks,debt_to_equity,,
PNB,Mar 2015,Public Sector Banks,debt_to_equity,,
PNB,Mar 2016,Public Sector Banks,debt_to_equity,,
PNB,Mar 2016,Public Sector Banks,debt_to_equity,,
PNB,Mar 2016,Public Sector Banks,debt_to_equity,,
PNB,Mar 2016,Public Sector Banks,debt_to_equity,,
PNB,Mar 2016,Public Sector Banks,debt_to_equity,,
PNB,Mar 2016,Public Sector Banks,debt_to_equity,,
PNB,Mar 2016,Public Sector Banks,debt_to_equity,,
PNB,Mar 2016,Public Sector Banks,debt_to_equity,,
PNB,Mar 2016,Public Sector Banks,debt_to_equity,,
PNB,Mar 2016,Public Sector Banks,debt_to_equity,,
PNB,Mar 2016,Public Sector Banks,debt_to_equity,,
PNB,Mar 2016,Public Sector Banks,debt_to_equity,,
PNB,Mar 2016,Public Sector Banks,debt_to_equity,,
PNB,Mar 2016,Public Sector Banks,debt_to_equity,,
PNB,Mar 2016,Public Sector Banks,debt_to_equity,,
PNB,Mar 2016,Public Sector Banks,debt_to_equity,,
PNB,Mar 2016,Public Sector Banks,debt_to_equity,,
PNB,Mar 2016,Public Sector Banks,debt_to_equity,,
PNB,Mar 2016,Public Sector Banks,debt_to_equity,,
PNB,Mar 2016,Public Sector Banks,debt_to_equity,,
PNB,Mar 2016,Public Sector Banks,debt_to_equity,,
PNB,Mar 2016,Public Sector Banks,debt_to_equity,,
PNB,Mar 2016,Public Sector Banks,debt_to_equity,,
PNB,Mar 2016,Public Sector Banks,debt_to_equity,,
PNB,Mar 2016,Public Sector Banks,debt_to_equity,,
PNB,Mar 2017,Public Sector Banks,debt_to_equity,,
PNB,Mar 2017,Public Sector Banks,debt_to_equity,,
PNB,Mar 2017,Public Sector Banks,debt_to_equity,,
PNB,Mar 2017,Public Sector Banks,debt_to_equity,,
PNB,Mar 2017,Public Sector Banks,debt_to_equity,,
PNB,Mar 2017,Public Sector Banks,debt_to_equity,,
PNB,Mar 2017,Public Sector Banks,debt_to_equity,,
PNB,Mar 2017,Public Sector Banks,debt_to_equity,,
PNB,Mar 2017,Public Sector Banks,debt_to_equity,,
PNB,Mar 2017,Public Sector Banks,debt_to_equity,,
PNB,Mar 2017,Public Sector Banks,debt_to_equity,,
PNB,Mar 2017,Public Sector Banks,debt_to_equity,,
PNB,Mar 2017,Public Sector Banks,debt_to_equity,,
PNB,Mar 2017,Public Sector Banks,debt_to_equity,,
PNB,Mar 2017,Public Sector Banks,debt_to_equity,,
PNB,Mar 2017,Public Sector Banks,debt_to_equity,,
PNB,Mar 2017,Public Sector Banks,debt_to_equity,,
PNB,Mar 2017,Public Sector Banks,debt_to_equity,,
PNB,Mar 2017,Public Sector Banks,debt_to_equity,,
PNB,Mar 2017,Public Sector Banks,debt_to_equity,,
PNB,Mar 2017,Public Sector Banks,debt_to_equity,,
PNB,Mar 2017,Public Sector Banks,debt_to_equity,,
PNB,Mar 2017,Public Sector Banks,debt_to_equity,,
PNB,Mar 2017,Public Sector Banks,debt_to_equity,,
PNB,Mar 2017,Public Sector Banks,debt_to_equity,,
PNB,Mar 2018,Public Sector Banks,debt_to_equity,,
PNB,Mar 2018,Public Sector Banks,debt_to_equity,,
PNB,Mar 2018,Public Sector Banks,debt_to_equity,,
PNB,Mar 2018,Public Sector Banks,debt_to_equity,,
PNB,Mar 2018,Public Sector Banks,debt_to_equity,,
PNB,Mar 2018,Public Sector Banks,debt_to_equity,,
PNB,Mar 2018,Public Sector Banks,debt_to_equity,,
PNB,Mar 2018,Public Sector Banks,debt_to_equity,,
PNB,Mar 2018,Public Sector Banks,debt_to_equity,,
PNB,Mar 2018,Public Sector Banks,debt_to_equity,,
PNB,Mar 2018,Public Sector Banks,debt_to_equity,,
PNB,Mar 2018,Public Sector Banks,debt_to_equity,,
PNB,Mar 2018,Public Sector Banks,debt_to_equity,,
PNB,Mar 2018,Public Sector Banks,debt_to_equity,,
PNB,Mar 2018,Public Sector Banks,debt_to_equity,,
PNB,Mar 2018,Public Sector Banks,debt_to_equity,,
PNB,Mar 2018,Public Sector Banks,debt_to_equity,,
PNB,Mar 2018,Public Sector Banks,debt_to_equity,,
PNB,Mar 2018,Public Sector Banks,debt_to_equity,,
PNB,Mar 2018,Public Sector Banks,debt_to_equity,,
PNB,Mar 2018,Public Sector Banks,debt_to_equity,,
PNB,Mar 2018,Public Sector Banks,debt_to_equity,,
PNB,Mar 2018,Public Sector Banks,debt_to_equity,,
PNB,Mar 2018,Public Sector Banks,debt_to_equity,,
PNB,Mar 2018,Public Sector Banks,debt_to_equity,,
PNB,Mar 2019,Public Sector Banks,debt_to_equity,,
PNB,Mar 2019,Public Sector Banks,debt_to_equity,,
PNB,Mar 2019,Public Sector Banks,debt_to_equity,,
PNB,Mar 2019,Public Sector Banks,debt_to_equity,,
PNB,Mar 2019,Public Sector Banks,debt_to_equity,,
PNB,Mar 2019,Public Sector Banks,debt_to_equity,,
PNB,Mar 2019,Public Sector Banks,debt_to_equity,,
PNB,Mar 2019,Public Sector Banks,debt_to_equity,,
PNB,Mar 2019,Public Sector Banks,debt_to_equity,,
PNB,Mar 2019,Public Sector Banks,debt_to_equity,,
PNB,Mar 2019,Public Sector Banks,debt_to_equity,,
PNB,Mar 2019,Public Sector Banks,debt_to_equity,,
PNB,Mar 2019,Public Sector Banks,debt_to_equity,,
PNB,Mar 2019,Public Sector Banks,debt_to_equity,,
PNB,Mar 2019,Public Sector Banks,debt_to_equity,,
PNB,Mar 2019,Public Sector Banks,debt_to_equity,,
PNB,Mar 2019,Public Sector Banks,debt_to_equity,,
PNB,Mar 2019,Public Sector Banks,debt_to_equity,,
PNB,Mar 2019,Public Sector Banks,debt_to_equity,,
PNB,Mar 2019,Public Sector Banks,debt_to_equity,,
PNB,Mar 2019,Public Sector Banks,debt_to_equity,,
PNB,Mar 2019,Public Sector Banks,debt_to_equity,,
PNB,Mar 2019,Public Sector Banks,debt_to_equity,,
PNB,Mar 2019,Public Sector Banks,debt_to_equity,,
PNB,Mar 2019,Public Sector Banks,debt_to_equity,,
PNB,Mar 2020,Public Sector Banks,debt_to_equity,,
PNB,Mar 2020,Public Sector Banks,debt_to_equity,,
PNB,Mar 2020,Public Sector Banks,debt_to_equity,,
PNB,Mar 2020,Public Sector Banks,debt_to_equity,,
PNB,Mar 2020,Public Sector Banks,debt_to_equity,,
PNB,Mar 2020,Public Sector Banks,debt_to_equity,,
PNB,Mar 2020,Public Sector Banks,debt_to_equity,,
PNB,Mar 2020,Public Sector Banks,debt_to_equity,,
PNB,Mar 2020,Public Sector Banks,debt_to_equity,,
PNB,Mar 2020,Public Sector Banks,debt_to_equity,,
PNB,Mar 2020,Public Sector Banks,debt_to_equity,,
PNB,Mar 2020,Public Sector Banks,debt_to_equity,,
PNB,Mar 2020,Public Sector Banks,debt_to_equity,,
PNB,Mar 2020,Public Sector Banks,debt_to_equity,,
PNB,Mar 2020,Public Sector Banks,debt_to_equity,,
PNB,Mar 2020,Public Sector Banks,debt_to_equity,,
PNB,Mar 2020,Public Sector Banks,debt_to_equity,,
PNB,Mar 2020,Public Sector Banks,debt_to_equity,,
PNB,Mar 2020,Public Sector Banks,debt_to_equity,,
PNB,Mar 2020,Public Sector Banks,debt_to_equity,,
PNB,Mar 2020,Public Sector Banks,debt_to_equity,,
PNB,Mar 2020,Public Sector Banks,debt_to_equity,,
PNB,Mar 2020,Public Sector Banks,debt_to_equity,,
PNB,Mar 2020,Public Sector Banks,debt_to_equity,,
PNB,Mar 2020,Public Sector Banks,debt_to_equity,,
PNB,Mar 2021,Public Sector Banks,debt_to_equity,,
PNB,Mar 2021,Public Sector Banks,debt_to_equity,,
PNB,Mar 2021,Public Sector Banks,debt_to_equity,,
PNB,Mar 2021,Public Sector Banks,debt_to_equity,,
PNB,Mar 2021,Public Sector Banks,debt_to_equity,,
PNB,Mar 2021,Public Sector Banks,debt_to_equity,,
PNB,Mar 2021,Public Sector Banks,debt_to_equity,,
PNB,Mar 2021,Public Sector Banks,debt_to_equity,,
PNB,Mar 2021,Public Sector Banks,debt_to_equity,,
PNB,Mar 2021,Public Sector Banks,debt_to_equity,,
PNB,Mar 2021,Public Sector Banks,debt_to_equity,,
PNB,Mar 2021,Public Sector Banks,debt_to_equity,,
PNB,Mar 2021,Public Sector Banks,debt_to_equity,,
PNB,Mar 2021,Public Sector Banks,debt_to_equity,,
PNB,Mar 2021,Public Sector Banks,debt_to_equity,,
PNB,Mar 2021,Public Sector Banks,debt_to_equity,,
PNB,Mar 2021,Public Sector Banks,debt_to_equity,,
PNB,Mar 2021,Public Sector Banks,debt_to_equity,,
PNB,Mar 2021,Public Sector Banks,debt_to_equity,,
PNB,Mar 2021,Public Sector Banks,debt_to_equity,,
PNB,Mar 2021,Public Sector Banks,debt_to_equity,,
PNB,Mar 2021,Public Sector Banks,debt_to_equity,,
PNB,Mar 2021,Public Sector Banks,debt_to_equity,,
PNB,Mar 2021,Public Sector Banks,debt_to_equity,,
PNB,Mar 2021,Public Sector Banks,debt_to_equity,,
PNB,Mar 2022,Public Sector Banks,debt_to_equity,,
PNB,Mar 2022,Public Sector Banks,debt_to_equity,,
PNB,Mar 2022,Public Sector Banks,debt_to_equity,,
PNB,Mar 2022,Public Sector Banks,debt_to_equity,,
PNB,Mar 2022,Public Sector Banks,debt_to_equity,,
PNB,Mar 2022,Public Sector Banks,debt_to_equity,,
PNB,Mar 2022,Public Sector Banks,debt_to_equity,,
PNB,Mar 2022,Public Sector Banks,debt_to_equity,,
PNB,Mar 2022,Public Sector Banks,debt_to_equity,,
PNB,Mar 2022,Public Sector Banks,debt_to_equity,,
PNB,Mar 2022,Public Sector Banks,debt_to_equity,,
PNB,Mar 2022,Public Sector Banks,debt_to_equity,,
PNB,Mar 2022,Public Sector Banks,debt_to_equity,,
PNB,Mar 2022,Public Sector Banks,debt_to_equity,,
PNB,Mar 2022,Public Sector Banks,debt_to_equity,,
PNB,Mar 2022,Public Sector Banks,debt_to_equity,,
PNB,Mar 2022,Public Sector Banks,debt_to_equity,,
PNB,Mar 2022,Public Sector Banks,debt_to_equity,,
PNB,Mar 2022,Public Sector Banks,debt_to_equity,,
PNB,Mar 2022,Public Sector Banks,debt_to_equity,,
PNB,Mar 2022,Public Sector Banks,debt_to_equity,,
PNB,Mar 2022,Public Sector Banks,debt_to_equity,,
PNB,Mar 2022,Public Sector Banks,debt_to_equity,,
PNB,Mar 2022,Public Sector Banks,debt_to_equity,,
PNB,Mar 2022,Public Sector Banks,debt_to_equity,,
PNB,Mar 2023,Public Sector Banks,debt_to_equity,,
PNB,Mar 2023,Public Sector Banks,debt_to_equity,,
PNB,Mar 2023,Public Sector Banks,debt_to_equity,,
PNB,Mar 2023,Public Sector Banks,debt_to_equity,,
PNB,Mar 2023,Public Sector Banks,debt_to_equity,,
PNB,Mar 2023,Public Sector Banks,debt_to_equity,,
PNB,Mar 2023,Public Sector Banks,debt_to_equity,,
PNB,Mar 2023,Public Sector Banks,debt_to_equity,,
PNB,Mar 2023,Public Sector Banks,debt_to_equity,,
PNB,Mar 2023,Public Sector Banks,debt_to_equity,,
PNB,Mar 2023,Public Sector Banks,debt_to_equity,,
PNB,Mar 2023,Public Sector Banks,debt_to_equity,,
PNB,Mar 2023,Public Sector Banks,debt_to_equity,,
PNB,Mar 2023,Public Sector Banks,debt_to_equity,,
PNB,Mar 2023,Public Sector Banks,debt_to_equity,,
PNB,Mar 2023,Public Sector Banks,debt_to_equity,,
PNB,Mar 2023,Public Sector Banks,debt_to_equity,,
PNB,Mar 2023,Public Sector Banks,debt_to_equity,,
PNB,Mar 2023,Public Sector Banks,debt_to_equity,,
PNB,Mar 2023,Public Sector Banks,debt_to_equity,,
PNB,Mar 2023,Public Sector Banks,debt_to_equity,,
PNB,Mar 2023,Public Sector Banks,debt_to_equity,,
PNB,Mar 2023,Public Sector Banks,debt_to_equity,,
PNB,Mar 2023,Public Sector Banks,debt_to_equity,,
PNB,Mar 2023,Public Sector Banks,debt_to_equity,,
PNB,Mar 2024,Public Sector Banks,debt_to_equity,,
PNB,Mar 2024,Public Sector Banks,debt_to_equity,,
PNB,Mar 2024,Public Sector Banks,debt_to_equity,,
PNB,Mar 2024,Public Sector Banks,debt_to_equity,,
PNB,Mar 2024,Public Sector Banks,debt_to_equity,,
PNB,Mar 2024,Public Sector Banks,debt_to_equity,,
PNB,Mar 2024,Public Sector Banks,debt_to_equity,,
PNB,Mar 2024,Public Sector Banks,debt_to_equity,,
PNB,Mar 2024,Public Sector Banks,debt_to_equity,,
PNB,Mar 2024,Public Sector Banks,debt_to_equity,,
PNB,Mar 2024,Public Sector Banks,debt_to_equity,,
PNB,Mar 2024,Public Sector Banks,debt_to_equity,,
PNB,Mar 2024,Public Sector Banks,debt_to_equity,,
PNB,Mar 2024,Public Sector Banks,debt_to_equity,,
PNB,Mar 2024,Public Sector Banks,debt_to_equity,,
PNB,Mar 2024,Public Sector Banks,debt_to_equity,,
PNB,Mar 2024,Public Sector Banks,debt_to_equity,,
PNB,Mar 2024,Public Sector Banks,debt_to_equity,,
PNB,Mar 2024,Public Sector Banks,debt_to_equity,,
PNB,Mar 2024,Public Sector Banks,debt_to_equity,,
PNB,Mar 2024,Public Sector Banks,debt_to_equity,,
PNB,Mar 2024,Public Sector Banks,debt_to_equity,,
PNB,Mar 2024,Public Sector Banks,debt_to_equity,,
PNB,Mar 2024,Public Sector Banks,debt_to_equity,,
PNB,Mar 2024,Public Sector Banks,debt_to_equity,,
PNB,TTM,Public Sector Banks,debt_to_equity,,
SBIN,Mar 2013,Public Sector Banks,debt_to_equity,,
SBIN,Mar 2014,Public Sector Banks,debt_to_equity,,
SBIN,Mar 2015,Public Sector Banks,debt_to_equity,,
SBIN,Mar 2016,Public Sector Banks,debt_to_equity,,
SBIN,Mar 2017,Public Sector Banks,debt_to_equity,,
SBIN,Mar 2018,Public Sector Banks,debt_to_equity,,
SBIN,Mar 2019,Public Sector Banks,debt_to_equity,,
SBIN,Mar 2020,Public Sector Banks,debt_to_equity,,
SBIN,Mar 2021,Public Sector Banks,debt_to_equity,,
SBIN,Mar 2022,Public Sector Banks,debt_to_equity,,
SBIN,Mar 2023,Public Sector Banks,debt_to_equity,,
SBIN,Mar 2024,Public Sector Banks,debt_to_equity,,
SBIN,TTM,Public Sector Banks,debt_to_equity,,
BANKBARODA,Mar 2013,Public Sector Banks,interest_coverage,2.4273996896475283,74.35897435897436
BANKBARODA,Mar 2014,Public Sector Banks,interest_coverage,2.169036903690369,56.41025641025641
BANKBARODA,Mar 2015,Public Sector Banks,interest_coverage,2.4712791337860156,76.92307692307693
BANKBARODA,Mar 2016,Public Sector Banks,interest_coverage,4.237483311081442,100.0
BANKBARODA,Mar 2017,Public Sector Banks,interest_coverage,2.425349628323044,71.7948717948718
BANKBARODA,Mar 2018,Public Sector Banks,interest_coverage,3.26488988988989,87.17948717948718
BANKBARODA,Mar 2019,Public Sector Banks,interest_coverage,3.273107645492583,89.74358974358975
BANKBARODA,Mar 2020,Public Sector Banks,interest_coverage,3.3289311787384137,92.3076923076923
BANKBARODA,Mar 2021,Public Sector Banks,interest_coverage,2.5920882413018314,79.48717948717949
BANKBARODA,Mar 2022,Public Sector Banks,interest_coverage,2.606321639458145,82.05128205128204
BANKBARODA,Mar 2023,Public Sector Banks,interest_coverage,2.349062980030722,69.23076923076923
BANKBARODA,Mar 2024,Public Sector Banks,interest_coverage,1.8966195136544297,48.717948717948715
BANKBARODA,TTM,Public Sector Banks,interest_coverage,1.9514848573948838,51.28205128205128
CANBK,Mar 2013,Public Sector Banks,interest_coverage,2.1816807738814994,61.53846153846154
CANBK,Mar 2014,Public Sector Banks,interest_coverage,2.3252895752895753,66.66666666666666
CANBK,Mar 2015,Public Sector Banks,interest_coverage,2.1766321571941685,58.97435897435898
CANBK,Mar 2016,Public Sector Banks,interest_coverage,3.3773262438283327,94.87179487179486
CANBK,Mar 2017,Public Sector Banks,interest_coverage,1.9983443708609272,53.84615384615385
CANBK,Mar 2018,Public Sector Banks,interest_coverage,3.457961611246283,97.43589743589743
CANBK,Mar 2019,Public Sector Banks,interest_coverage,2.74573533864944,84.61538461538461
CANBK,Mar 2020,Public Sector Banks,interest_coverage,2.2721417069243155,64.1025641025641
CANBK,Mar 2021,Public Sector Banks,interest_coverage,1.881529931560253,46.15384615384615
CANBK,Mar 2022,Public Sector Banks,interest_coverage,1.7440680116736456,43.58974358974359
CANBK,Mar 2023,Public Sector Banks,interest_coverage,1.6889239881539981,41.02564102564102
CANBK,Mar 2024,Public Sector Banks,interest_coverage,1.6109055365496054,38.46153846153847
CANBK,TTM,Public Sector Banks,interest_coverage,1.580114496282161,35.8974358974359
PNB,Mar 2013,Public Sector Banks,interest_coverage,,
PNB,Mar 2013,Public Sector Banks,interest_coverage,,
PNB,Mar 2013,Public Sector Banks,interest_coverage,,
PNB,Mar 2013,Public Sector Banks,interest_coverage,,
PNB,Mar 2013,Public Sector Banks,interest_coverage,,
PNB,Mar 2013,Public Sector Banks,interest_coverage,,
PNB,Mar 2013,Public Sector Banks,interest_coverage,,
PNB,Mar 2013,Public Sector Banks,interest_coverage,,
PNB,Mar 2013,Public Sector Banks,interest_coverage,,
PNB,Mar 2013,Public Sector Banks,interest_coverage,,
PNB,Mar 2013,Public Sector Banks,interest_coverage,,
PNB,Mar 2013,Public Sector Banks,interest_coverage,,
PNB,Mar 2013,Public Sector Banks,interest_coverage,,
PNB,Mar 2013,Public Sector Banks,interest_coverage,,
PNB,Mar 2013,Public Sector Banks,interest_coverage,,
PNB,Mar 2013,Public Sector Banks,interest_coverage,,
PNB,Mar 2013,Public Sector Banks,interest_coverage,,
PNB,Mar 2013,Public Sector Banks,interest_coverage,,
PNB,Mar 2013,Public Sector Banks,interest_coverage,,
PNB,Mar 2013,Public Sector Banks,interest_coverage,,
PNB,Mar 2013,Public Sector Banks,interest_coverage,,
PNB,Mar 2013,Public Sector Banks,interest_coverage,,
PNB,Mar 2013,Public Sector Banks,interest_coverage,,
PNB,Mar 2013,Public Sector Banks,interest_coverage,,
PNB,Mar 2013,Public Sector Banks,interest_coverage,,
PNB,Mar 2014,Public Sector Banks,interest_coverage,,
PNB,Mar 2014,Public Sector Banks,interest_coverage,,
PNB,Mar 2014,Public Sector Banks,interest_coverage,,
PNB,Mar 2014,Public Sector Banks,interest_coverage,,
PNB,Mar 2014,Public Sector Banks,interest_coverage,,
PNB,Mar 2014,Public Sector Banks,interest_coverage,,
PNB,Mar 2014,Public Sector Banks,interest_coverage,,
PNB,Mar 2014,Public Sector Banks,interest_coverage,,
PNB,Mar 2014,Public Sector Banks,interest_coverage,,
PNB,Mar 2014,Public Sector Banks,interest_coverage,,
PNB,Mar 2014,Public Sector Banks,interest_coverage,,
PNB,Mar 2014,Public Sector Banks,interest_coverage,,
PNB,Mar 2014,Public Sector Banks,interest_coverage,,
PNB,Mar 2014,Public Sector Banks,interest_coverage,,
PNB,Mar 2014,Public Sector Banks,interest_coverage,,
PNB,Mar 2014,Public Sector Banks,interest_coverage,,
PNB,Mar 2014,Public Sector Banks,interest_coverage,,
PNB,Mar 2014,Public Sector Banks,interest_coverage,,
PNB,Mar 2014,Public Sector Banks,interest_coverage,,
PNB,Mar 2014,Public Sector Banks,interest_coverage,,
PNB,Mar 2014,Public Sector Banks,interest_coverage,,
PNB,Mar 2014,Public Sector Banks,interest_coverage,,
PNB,Mar 2014,Public Sector Banks,interest_coverage,,
PNB,Mar 2014,Public Sector Banks,interest_coverage,,
PNB,Mar 2014,Public Sector Banks,interest_coverage,,
PNB,Mar 2015,Public Sector Banks,interest_coverage,,
PNB,Mar 2015,Public Sector Banks,interest_coverage,,
PNB,Mar 2015,Public Sector Banks,interest_coverage,,
PNB,Mar 2015,Public Sector Banks,interest_coverage,,
PNB,Mar 2015,Public Sector Banks,interest_coverage,,
PNB,Mar 2015,Public Sector Banks,interest_coverage,,
PNB,Mar 2015,Public Sector Banks,interest_coverage,,
PNB,Mar 2015,Public Sector Banks,interest_coverage,,
PNB,Mar 2015,Public Sector Banks,interest_coverage,,
PNB,Mar 2015,Public Sector Banks,interest_coverage,,
PNB,Mar 2015,Public Sector Banks,interest_coverage,,
PNB,Mar 2015,Public Sector Banks,interest_coverage,,
PNB,Mar 2015,Public Sector Banks,interest_coverage,,
PNB,Mar 2015,Public Sector Banks,interest_coverage,,
PNB,Mar 2015,Public Sector Banks,interest_coverage,,
PNB,Mar 2015,Public Sector Banks,interest_coverage,,
PNB,Mar 2015,Public Sector Banks,interest_coverage,,
PNB,Mar 2015,Public Sector Banks,interest_coverage,,
PNB,Mar 2015,Public Sector Banks,interest_coverage,,
PNB,Mar 2015,Public Sector Banks,interest_coverage,,
PNB,Mar 2015,Public Sector Banks,interest_coverage,,
PNB,Mar 2015,Public Sector Banks,interest_coverage,,
PNB,Mar 2015,Public Sector Banks,interest_coverage,,
PNB,Mar 2015,Public Sector Banks,interest_coverage,,
PNB,Mar 2015,Public Sector Banks,interest_coverage,,
PNB,Mar 2016,Public Sector Banks,interest_coverage,,
PNB,Mar 2016,Public Sector Banks,interest_coverage,,
PNB,Mar 2016,Public Sector Banks,interest_coverage,,
PNB,Mar 2016,Public Sector Banks,interest_coverage,,
PNB,Mar 2016,Public Sector Banks,interest_coverage,,
PNB,Mar 2016,Public Sector Banks,interest_coverage,,
PNB,Mar 2016,Public Sector Banks,interest_coverage,,
PNB,Mar 2016,Public Sector Banks,interest_coverage,,
PNB,Mar 2016,Public Sector Banks,interest_coverage,,
PNB,Mar 2016,Public Sector Banks,interest_coverage,,
PNB,Mar 2016,Public Sector Banks,interest_coverage,,
PNB,Mar 2016,Public Sector Banks,interest_coverage,,
PNB,Mar 2016,Public Sector Banks,interest_coverage,,
PNB,Mar 2016,Public Sector Banks,interest_coverage,,
PNB,Mar 2016,Public Sector Banks,interest_coverage,,
PNB,Mar 2016,Public Sector Banks,interest_coverage,,
PNB,Mar 2016,Public Sector Banks,interest_coverage,,
PNB,Mar 2016,Public Sector Banks,interest_coverage,,
PNB,Mar 2016,Public Sector Banks,interest_coverage,,
PNB,Mar 2016,Public Sector Banks,interest_coverage,,
PNB,Mar 2016,Public Sector Banks,interest_coverage,,
PNB,Mar 2016,Public Sector Banks,interest_coverage,,
PNB,Mar 2016,Public Sector Banks,interest_coverage,,
PNB,Mar 2016,Public Sector Banks,interest_coverage,,
PNB,Mar 2016,Public Sector Banks,interest_coverage,,
PNB,Mar 2017,Public Sector Banks,interest_coverage,,
PNB,Mar 2017,Public Sector Banks,interest_coverage,,
PNB,Mar 2017,Public Sector Banks,interest_coverage,,
PNB,Mar 2017,Public Sector Banks,interest_coverage,,
PNB,Mar 2017,Public Sector Banks,interest_coverage,,
PNB,Mar 2017,Public Sector Banks,interest_coverage,,
PNB,Mar 2017,Public Sector Banks,interest_coverage,,
PNB,Mar 2017,Public Sector Banks,interest_coverage,,
PNB,Mar 2017,Public Sector Banks,interest_coverage,,
PNB,Mar 2017,Public Sector Banks,interest_coverage,,
PNB,Mar 2017,Public Sector Banks,interest_coverage,,
PNB,Mar 2017,Public Sector Banks,interest_coverage,,
PNB,Mar 2017,Public Sector Banks,interest_coverage,,
PNB,Mar 2017,Public Sector Banks,interest_coverage,,
PNB,Mar 2017,Public Sector Banks,interest_coverage,,
PNB,Mar 2017,Public Sector Banks,interest_coverage,,
PNB,Mar 2017,Public Sector Banks,interest_coverage,,
PNB,Mar 2017,Public Sector Banks,interest_coverage,,
PNB,Mar 2017,Public Sector Banks,interest_coverage,,
PNB,Mar 2017,Public Sector Banks,interest_coverage,,
PNB,Mar 2017,Public Sector Banks,interest_coverage,,
PNB,Mar 2017,Public Sector Banks,interest_coverage,,
PNB,Mar 2017,Public Sector Banks,interest_coverage,,
PNB,Mar 2017,Public Sector Banks,interest_coverage,,
PNB,Mar 2017,Public Sector Banks,interest_coverage,,
PNB,Mar 2018,Public Sector Banks,interest_coverage,,
PNB,Mar 2018,Public Sector Banks,interest_coverage,,
PNB,Mar 2018,Public Sector Banks,interest_coverage,,
PNB,Mar 2018,Public Sector Banks,interest_coverage,,
PNB,Mar 2018,Public Sector Banks,interest_coverage,,
PNB,Mar 2018,Public Sector Banks,interest_coverage,,
PNB,Mar 2018,Public Sector Banks,interest_coverage,,
PNB,Mar 2018,Public Sector Banks,interest_coverage,,
PNB,Mar 2018,Public Sector Banks,interest_coverage,,
PNB,Mar 2018,Public Sector Banks,interest_coverage,,
PNB,Mar 2018,Public Sector Banks,interest_coverage,,
PNB,Mar 2018,Public Sector Banks,interest_coverage,,
PNB,Mar 2018,Public Sector Banks,interest_coverage,,
PNB,Mar 2018,Public Sector Banks,interest_coverage,,
PNB,Mar 2018,Public Sector Banks,interest_coverage,,
PNB,Mar 2018,Public Sector Banks,interest_coverage,,
PNB,Mar 2018,Public Sector Banks,interest_coverage,,
PNB,Mar 2018,Public Sector Banks,interest_coverage,,
PNB,Mar 2018,Public Sector Banks,interest_coverage,,
PNB,Mar 2018,Public Sector Banks,interest_coverage,,
PNB,Mar 2018,Public Sector Banks,interest_coverage,,
PNB,Mar 2018,Public Sector Banks,interest_coverage,,
PNB,Mar 2018,Public Sector Banks,interest_coverage,,
PNB,Mar 2018,Public Sector Banks,interest_coverage,,
PNB,Mar 2018,Public Sector Banks,interest_coverage,,
PNB,Mar 2019,Public Sector Banks,interest_coverage,,
PNB,Mar 2019,Public Sector Banks,interest_coverage,,
PNB,Mar 2019,Public Sector Banks,interest_coverage,,
PNB,Mar 2019,Public Sector Banks,interest_coverage,,
PNB,Mar 2019,Public Sector Banks,interest_coverage,,
PNB,Mar 2019,Public Sector Banks,interest_coverage,,
PNB,Mar 2019,Public Sector Banks,interest_coverage,,
PNB,Mar 2019,Public Sector Banks,interest_coverage,,
PNB,Mar 2019,Public Sector Banks,interest_coverage,,
PNB,Mar 2019,Public Sector Banks,interest_coverage,,
PNB,Mar 2019,Public Sector Banks,interest_coverage,,
PNB,Mar 2019,Public Sector Banks,interest_coverage,,
PNB,Mar 2019,Public Sector Banks,interest_coverage,,
PNB,Mar 2019,Public Sector Banks,interest_coverage,,
PNB,Mar 2019,Public Sector Banks,interest_coverage,,
PNB,Mar 2019,Public Sector Banks,interest_coverage,,
PNB,Mar 2019,Public Sector Banks,interest_coverage,,
PNB,Mar 2019,Public Sector Banks,interest_coverage,,
PNB,Mar 2019,Public Sector Banks,interest_coverage,,
PNB,Mar 2019,Public Sector Banks,interest_coverage,,
PNB,Mar 2019,Public Sector Banks,interest_coverage,,
PNB,Mar 2019,Public Sector Banks,interest_coverage,,
PNB,Mar 2019,Public Sector Banks,interest_coverage,,
PNB,Mar 2019,Public Sector Banks,interest_coverage,,
PNB,Mar 2019,Public Sector Banks,interest_coverage,,
PNB,Mar 2020,Public Sector Banks,interest_coverage,,
PNB,Mar 2020,Public Sector Banks,interest_coverage,,
PNB,Mar 2020,Public Sector Banks,interest_coverage,,
PNB,Mar 2020,Public Sector Banks,interest_coverage,,
PNB,Mar 2020,Public Sector Banks,interest_coverage,,
PNB,Mar 2020,Public Sector Banks,interest_coverage,,
PNB,Mar 2020,Public Sector Banks,interest_coverage,,
PNB,Mar 2020,Public Sector Banks,interest_coverage,,
PNB,Mar 2020,Public Sector Banks,interest_coverage,,
PNB,Mar 2020,Public Sector Banks,interest_coverage,,
PNB,Mar 2020,Public Sector Banks,interest_coverage,,
PNB,Mar 2020,Public Sector Banks,interest_coverage,,
PNB,Mar 2020,Public Sector Banks,interest_coverage,,
PNB,Mar 2020,Public Sector Banks,interest_coverage,,
PNB,Mar 2020,Public Sector Banks,interest_coverage,,
PNB,Mar 2020,Public Sector Banks,interest_coverage,,
PNB,Mar 2020,Public Sector Banks,interest_coverage,,
PNB,Mar 2020,Public Sector Banks,interest_coverage,,
PNB,Mar 2020,Public Sector Banks,interest_coverage,,
PNB,Mar 2020,Public Sector Banks,interest_coverage,,
PNB,Mar 2020,Public Sector Banks,interest_coverage,,
PNB,Mar 2020,Public Sector Banks,interest_coverage,,
PNB,Mar 2020,Public Sector Banks,interest_coverage,,
PNB,Mar 2020,Public Sector Banks,interest_coverage,,
PNB,Mar 2020,Public Sector Banks,interest_coverage,,
PNB,Mar 2021,Public Sector Banks,interest_coverage,,
PNB,Mar 2021,Public Sector Banks,interest_coverage,,
PNB,Mar 2021,Public Sector Banks,interest_coverage,,
PNB,Mar 2021,Public Sector Banks,interest_coverage,,
PNB,Mar 2021,Public Sector Banks,interest_coverage,,
PNB,Mar 2021,Public Sector Banks,interest_coverage,,
PNB,Mar 2021,Public Sector Banks,interest_coverage,,
PNB,Mar 2021,Public Sector Banks,interest_coverage,,
PNB,Mar 2021,Public Sector Banks,interest_coverage,,
PNB,Mar 2021,Public Sector Banks,interest_coverage,,
PNB,Mar 2021,Public Sector Banks,interest_coverage,,
PNB,Mar 2021,Public Sector Banks,interest_coverage,,
PNB,Mar 2021,Public Sector Banks,interest_coverage,,
PNB,Mar 2021,Public Sector Banks,interest_coverage,,
PNB,Mar 2021,Public Sector Banks,interest_coverage,,
PNB,Mar 2021,Public Sector Banks,interest_coverage,,
PNB,Mar 2021,Public Sector Banks,interest_coverage,,
PNB,Mar 2021,Public Sector Banks,interest_coverage,,
PNB,Mar 2021,Public Sector Banks,interest_coverage,,
PNB,Mar 2021,Public Sector Banks,interest_coverage,,
PNB,Mar 2021,Public Sector Banks,interest_coverage,,
PNB,Mar 2021,Public Sector Banks,interest_coverage,,
PNB,Mar 2021,Public Sector Banks,interest_coverage,,
PNB,Mar 2021,Public Sector Banks,interest_coverage,,
PNB,Mar 2021,Public Sector Banks,interest_coverage,,
PNB,Mar 2022,Public Sector Banks,interest_coverage,,
PNB,Mar 2022,Public Sector Banks,interest_coverage,,
PNB,Mar 2022,Public Sector Banks,interest_coverage,,
PNB,Mar 2022,Public Sector Banks,interest_coverage,,
PNB,Mar 2022,Public Sector Banks,interest_coverage,,
PNB,Mar 2022,Public Sector Banks,interest_coverage,,
PNB,Mar 2022,Public Sector Banks,interest_coverage,,
PNB,Mar 2022,Public Sector Banks,interest_coverage,,
PNB,Mar 2022,Public Sector Banks,interest_coverage,,
PNB,Mar 2022,Public Sector Banks,interest_coverage,,
PNB,Mar 2022,Public Sector Banks,interest_coverage,,
PNB,Mar 2022,Public Sector Banks,interest_coverage,,
PNB,Mar 2022,Public Sector Banks,interest_coverage,,
PNB,Mar 2022,Public Sector Banks,interest_coverage,,
PNB,Mar 2022,Public Sector Banks,interest_coverage,,
PNB,Mar 2022,Public Sector Banks,interest_coverage,,
PNB,Mar 2022,Public Sector Banks,interest_coverage,,
PNB,Mar 2022,Public Sector Banks,interest_coverage,,
PNB,Mar 2022,Public Sector Banks,interest_coverage,,
PNB,Mar 2022,Public Sector Banks,interest_coverage,,
PNB,Mar 2022,Public Sector Banks,interest_coverage,,
PNB,Mar 2022,Public Sector Banks,interest_coverage,,
PNB,Mar 2022,Public Sector Banks,interest_coverage,,
PNB,Mar 2022,Public Sector Banks,interest_coverage,,
PNB,Mar 2022,Public Sector Banks,interest_coverage,,
PNB,Mar 2023,Public Sector Banks,interest_coverage,,
PNB,Mar 2023,Public Sector Banks,interest_coverage,,
PNB,Mar 2023,Public Sector Banks,interest_coverage,,
PNB,Mar 2023,Public Sector Banks,interest_coverage,,
PNB,Mar 2023,Public Sector Banks,interest_coverage,,
PNB,Mar 2023,Public Sector Banks,interest_coverage,,
PNB,Mar 2023,Public Sector Banks,interest_coverage,,
PNB,Mar 2023,Public Sector Banks,interest_coverage,,
PNB,Mar 2023,Public Sector Banks,interest_coverage,,
PNB,Mar 2023,Public Sector Banks,interest_coverage,,
PNB,Mar 2023,Public Sector Banks,interest_coverage,,
PNB,Mar 2023,Public Sector Banks,interest_coverage,,
PNB,Mar 2023,Public Sector Banks,interest_coverage,,
PNB,Mar 2023,Public Sector Banks,interest_coverage,,
PNB,Mar 2023,Public Sector Banks,interest_coverage,,
PNB,Mar 2023,Public Sector Banks,interest_coverage,,
PNB,Mar 2023,Public Sector Banks,interest_coverage,,
PNB,Mar 2023,Public Sector Banks,interest_coverage,,
PNB,Mar 2023,Public Sector Banks,interest_coverage,,
PNB,Mar 2023,Public Sector Banks,interest_coverage,,
PNB,Mar 2023,Public Sector Banks,interest_coverage,,
PNB,Mar 2023,Public Sector Banks,interest_coverage,,
PNB,Mar 2023,Public Sector Banks,interest_coverage,,
PNB,Mar 2023,Public Sector Banks,interest_coverage,,
PNB,Mar 2023,Public Sector Banks,interest_coverage,,
PNB,Mar 2024,Public Sector Banks,interest_coverage,,
PNB,Mar 2024,Public Sector Banks,interest_coverage,,
PNB,Mar 2024,Public Sector Banks,interest_coverage,,
PNB,Mar 2024,Public Sector Banks,interest_coverage,,
PNB,Mar 2024,Public Sector Banks,interest_coverage,,
PNB,Mar 2024,Public Sector Banks,interest_coverage,,
PNB,Mar 2024,Public Sector Banks,interest_coverage,,
PNB,Mar 2024,Public Sector Banks,interest_coverage,,
PNB,Mar 2024,Public Sector Banks,interest_coverage,,
PNB,Mar 2024,Public Sector Banks,interest_coverage,,
PNB,Mar 2024,Public Sector Banks,interest_coverage,,
PNB,Mar 2024,Public Sector Banks,interest_coverage,,
PNB,Mar 2024,Public Sector Banks,interest_coverage,,
PNB,Mar 2024,Public Sector Banks,interest_coverage,,
PNB,Mar 2024,Public Sector Banks,interest_coverage,,
PNB,Mar 2024,Public Sector Banks,interest_coverage,,
PNB,Mar 2024,Public Sector Banks,interest_coverage,,
PNB,Mar 2024,Public Sector Banks,interest_coverage,,
PNB,Mar 2024,Public Sector Banks,interest_coverage,,
PNB,Mar 2024,Public Sector Banks,interest_coverage,,
PNB,Mar 2024,Public Sector Banks,interest_coverage,,
PNB,Mar 2024,Public Sector Banks,interest_coverage,,
PNB,Mar 2024,Public Sector Banks,interest_coverage,,
PNB,Mar 2024,Public Sector Banks,interest_coverage,,
PNB,Mar 2024,Public Sector Banks,interest_coverage,,
PNB,TTM,Public Sector Banks,interest_coverage,,
SBIN,Mar 2013,Public Sector Banks,interest_coverage,-0.047969443352244005,33.33333333333333
SBIN,Mar 2014,Public Sector Banks,interest_coverage,-0.12030062809209822,30.76923076923077
SBIN,Mar 2015,Public Sector Banks,interest_coverage,-0.16428265717568086,28.205128205128204
SBIN,Mar 2016,Public Sector Banks,interest_coverage,-0.2264919921424427,23.076923076923077
SBIN,Mar 2017,Public Sector Banks,interest_coverage,-0.43143882238540726,10.256410256410255
SBIN,Mar 2018,Public Sector Banks,interest_coverage,-0.591372618568515,2.564102564102564
SBIN,Mar 2019,Public Sector Banks,interest_coverage,-0.44043318983492336,7.6923076923076925
SBIN,Mar 2020,Public Sector Banks,interest_coverage,-0.39833296094933096,15.384615384615385
SBIN,Mar 2021,Public Sector Banks,interest_coverage,-0.45327222613935003,5.128205128205128
SBIN,Mar 2022,Public Sector Banks,interest_coverage,-0.4069938666017901,12.82051282051282
SBIN,Mar 2023,Public Sector Banks,interest_coverage,-0.22864918070754445,20.51282051282051
SBIN,Mar 2024,Public Sector Banks,interest_coverage,-0.23214725721501833,17.94871794871795
SBIN,TTM,Public Sector Banks,interest_coverage,-0.20837440504689217,25.64102564102564
BANKBARODA,Mar 2013,Public Sector Banks,asset_turnover,0.06514631194503984,3.7037037037037033
BANKBARODA,Mar 2014,Public Sector Banks,asset_turnover,0.059847301598570636,1.2345679012345678
BANKBARODA,Mar 2015,Public Sector Banks,asset_turnover,0.06119493273530382,1.5432098765432098
BANKBARODA,Mar 2016,Public Sector Banks,asset_turnover,0.06626271570214692,4.62962962962963
BANKBARODA,Mar 2017,Public Sector Banks,asset_turnover,0.06183538742185936,2.4691358024691357
BANKBARODA,Mar 2018,Public Sector Banks,asset_turnover,0.061588989510508216,1.8518518518518516
BANKBARODA,Mar 2019,Public Sector Banks,asset_turnover,0.06454548781826833,3.3950617283950617
BANKBARODA,Mar 2020,Public Sector Banks,asset_turnover,0.06574939475888278,4.320987654320987
BANKBARODA,Mar 2021,Public Sector Banks,asset_turnover,0.061791002829544674,2.1604938271604937
BANKBARODA,Mar 2022,Public Sector Banks,asset_turnover,0.05475998062861488,0.30864197530864196
BANKBARODA,Mar 2023,Public Sector Banks,asset_turnover,0.06193380698630487,2.7777777777777777
BANKBARODA,Mar 2024,Public Sector Banks,asset_turnover,0.07153782236255685,5.864197530864197
BANKBARODA,TTM,Public Sector Banks,asset_turnover,,
CANBK,Mar 2013,Public Sector Banks,asset_turnover,0.08124982114069311,7.4074074074074066
CANBK,Mar 2014,Public Sector Banks,asset_turnover,0.07896785008681076,7.098765432098765
CANBK,Mar 2015,Public Sector Banks,asset_turnover,0.07843948166528812,6.790123456790123
CANBK,Mar 2016,Public Sector Banks,asset_turnover,0.07812142445341257,6.481481481481481
CANBK,Mar 2017,Public Sector Banks,asset_turnover,0.06954017300753658,5.555555555555555
CANBK,Mar 2018,Public Sector Banks,asset_turnover,0.06547784015773594,4.012345679012346
CANBK,Mar 2019,Public Sector Banks,asset_turnover,0.06736744204343177,5.246913580246913
CANBK,Mar 2020,Public Sector Banks,asset_turnover,0.0671112969356927,4.938271604938271
CANBK,Mar 2021,Public Sector Banks,asset_turnover,0.05955965885006019,0.9259259259259258
CANBK,Mar 2022,Public Sector Banks,asset_turnover,0.056096772374083344,0.6172839506172839
CANBK,Mar 2023,Public Sector Banks,asset_turnover,0.06218909075110606,3.0864197530864197
CANBK,Mar 2024,Public Sector Banks,asset_turnover,0.0719985042520674,6.172839506172839
CANBK,TTM,Public Sector Banks,asset_turnover,,
PNB,Mar 2013,Public Sector Banks,asset_turnover,5.626518615284128,96.29629629629629
PNB,Mar 2013,Public Sector Banks,asset_turnover,5.626518615284128,96.29629629629629
PNB,Mar 2013,Public Sector Banks,asset_turnover,5.626518615284128,96.29629629629629
PNB,Mar 2013,Public Sector Banks,asset_turnover,5.626518615284128,96.29629629629629
PNB,Mar 2013,Public Sector Banks,asset_turnover,5.626518615284128,96.29629629629629
PNB,Mar 2013,Public Sector Banks,asset_turnover,5.626518615284128,96.29629629629629
PNB,Mar 2013,Public Sector Banks,asset_turnover,5.626518615284128,96.29629629629629
PNB,Mar 2013,Public Sector Banks,asset_turnover,5.626518615284128,96.29629629629629
PNB,Mar 2013,Public Sector Banks,asset_turnover,5.626518615284128,96.29629629629629
PNB,Mar 2013,Public Sector Banks,asset_turnover,5.626518615284128,96.29629629629629
PNB,Mar 2013,Public Sector Banks,asset_turnover,5.626518615284128,96.29629629629629
PNB,Mar 2013,Public Sector Banks,asset_turnover,5.626518615284128,96.29629629629629
PNB,Mar 2013,Public Sector Banks,asset_turnover,5.626518615284128,96.29629629629629
PNB,Mar 2013,Public Sector Banks,asset_turnover,5.626518615284128,96.29629629629629
PNB,Mar 2013,Public Sector Banks,asset_turnover,5.626518615284128,96.29629629629629
PNB,Mar 2013,Public Sector Banks,asset_turnover,5.626518615284128,96.29629629629629
PNB,Mar 2013,Public Sector Banks,asset_turnover,5.626518615284128,96.29629629629629
PNB,Mar 2013,Public Sector Banks,asset_turnover,5.626518615284128,96.29629629629629
PNB,Mar 2013,Public Sector Banks,asset_turnover,5.626518615284128,96.29629629629629
PNB,Mar 2013,Public Sector Banks,asset_turnover,5.626518615284128,96.29629629629629
PNB,Mar 2013,Public Sector Banks,asset_turnover,5.626518615284128,96.29629629629629
PNB,Mar 2013,Public Sector Banks,asset_turnover,5.626518615284128,96.29629629629629
PNB,Mar 2013,Public Sector Banks,asset_turnover,5.626518615284128,96.29629629629629
PNB,Mar 2013,Public Sector Banks,asset_turnover,5.626518615284128,96.29629629629629
PNB,Mar 2013,Public Sector Banks,asset_turnover,5.626518615284128,96.29629629629629
PNB,Mar 2014,Public Sector Banks,asset_turnover,3.895840554592721,88.58024691358025
PNB,Mar 2014,Public Sector Banks,asset_turnover,3.895840554592721,88.58024691358025
PNB,Mar 2014,Public Sector Banks,asset_turnover,3.895840554592721,88.58024691358025
PNB,Mar 2014,Public Sector Banks,asset_turnover,3.895840554592721,88.58024691358025
PNB,Mar 2014,Public Sector Banks,asset_turnover,3.895840554592721,88.58024691358025
PNB,Mar 2014,Public Sector Banks,asset_turnover,3.895840554592721,88.58024691358025
PNB,Mar 2014,Public Sector Banks,asset_turnover,3.895840554592721,88.58024691358025
PNB,Mar 2014,Public Sector Banks,asset_turnover,3.895840554592721,88.58024691358025
PNB,Mar 2014,Public Sector Banks,asset_turnover,3.895840554592721,88.58024691358025
PNB,Mar 2014,Public Sector Banks,asset_turnover,3.895840554592721,88.58024691358025
PNB,Mar 2014,Public Sector Banks,asset_turnover,3.895840554592721,88.58024691358025
PNB,Mar 2014,Public Sector Banks,asset_turnover,3.895840554592721,88.58024691358025
PNB,Mar 2014,Public Sector Banks,asset_turnover,3.895840554592721,88.58024691358025
PNB,Mar 2014,Public Sector Banks,asset_turnover,3.895840554592721,88.58024691358025
PNB,Mar 2014,Public Sector Banks,asset_turnover,3.895840554592721,88.58024691358025
PNB,Mar 2014,Public Sector Banks,asset_turnover,3.895840554592721,88.58024691358025
PNB,Mar 2014,Public Sector Banks,asset_turnover,3.895840554592721,88.58024691358025
PNB,Mar 2014,Public Sector Banks,asset_turnover,3.895840554592721,88.58024691358025
PNB,Mar 2014,Public Sector Banks,asset_turnover,3.895840554592721,88.58024691358025
PNB,Mar 2014,Public Sector Banks,asset_turnover,3.895840554592721,88.58024691358025
PNB,Mar 2014,Public Sector Banks,asset_turnover,3.895840554592721,88.58024691358025
PNB,Mar 2014,Public Sector Banks,asset_turnover,3.895840554592721,88.58024691358025
PNB,Mar 2014,Public Sector Banks,asset_turnover,3.895840554592721,88.58024691358025
PNB,Mar 2014,Public Sector Banks,asset_turnover,3.895840554592721,88.58024691358025
PNB,Mar 2014,Public Sector Banks,asset_turnover,3.895840554592721,88.58024691358025
PNB,Mar 2015,Public Sector Banks,asset_turnover,2.5589703178355663,80.8641975308642
PNB,Mar 2015,Public Sector Banks,asset_turnover,2.5589703178355663,80.8641975308642
PNB,Mar 2015,Public Sector Banks,asset_turnover,2.5589703178355663,80.8641975308642
PNB,Mar 2015,Public Sector Banks,asset_turnover,2.5589703178355663,80.8641975308642
PNB,Mar 2015,Public Sector Banks,asset_turnover,2.5589703178355663,80.8641975308642
PNB,Mar 2015,Public Sector Banks,asset_turnover,2.5589703178355663,80.8641975308642
PNB,Mar 2015,Public Sector Banks,asset_turnover,2.5589703178355663,80.8641975308642
PNB,Mar 2015,Public Sector Banks,asset_turnover,2.5589703178355663,80.8641975308642
PNB,Mar 2015,Public Sector Banks,asset_turnover,2.5589703178355663,80.8641975308642
PNB,Mar 2015,Public Sector Banks,asset_turnover,2.5589703178355663,80.8641975308642
PNB,Mar 2015,Public Sector Banks,asset_turnover,2.5589703178355663,80.8641975308642
PNB,Mar 2015,Public Sector Banks,asset_turnover,2.5589703178355663,80.8641975308642
PNB,Mar 2015,Public Sector Banks,asset_turnover,2.5589703178355663,80.8641975308642
PNB,Mar 2015,Public Sector Banks,asset_turnover,2.5589703178355663,80.8641975308642
PNB,Mar 2015,Public Sector Banks,asset_turnover,2.5589703178355663,80.8641975308642
PNB,Mar 2015,Public Sector Banks,asset_turnover,2.5589703178355663,80.8641975308642
PNB,Mar 2015,Public Sector Banks,asset_turnover,2.5589703178355663,80.8641975308642
PNB,Mar 2015,Public Sector Banks,asset_turnover,2.5589703178355663,80.8641975308642
PNB,Mar 2015,Public Sector Banks,asset_turnover,2.5589703178355663,80.8641975308642
PNB,Mar 2015,Public Sector Banks,asset_turnover,2.5589703178355663,80.8641975308642
PNB,Mar 2015,Public Sector Banks,asset_turnover,2.5589703178355663,80.8641975308642
PNB,Mar 2015,Public Sector Banks,asset_turnover,2.5589703178355663,80.8641975308642
PNB,Mar 2015,Public Sector Banks,asset_turnover,2.5589703178355663,80.8641975308642
PNB,Mar 2015,Public Sector Banks,asset_turnover,2.5589703178355663,80.8641975308642
PNB,Mar 2015,Public Sector Banks,asset_turnover,2.5589703178355663,80.8641975308642
PNB,Mar 2016,Public Sector Banks,asset_turnover,1.7122442789255503,73.14814814814815
PNB,Mar 2016,Public Sector Banks,asset_turnover,1.7122442789255503,73.14814814814815
PNB,Mar 2016,Public Sector Banks,asset_turnover,1.7122442789255503,73.14814814814815
PNB,Mar 2016,Public Sector Banks,asset_turnover,1.7122442789255503,73.14814814814815
PNB,Mar 2016,Public Sector Banks,asset_turnover,1.7122442789255503,73.14814814814815
PNB,Mar 2016,Public Sector Banks,asset_turnover,1.7122442789255503,73.14814814814815
PNB,Mar 2016,Public Sector Banks,asset_turnover,1.7122442789255503,73.14814814814815
PNB,Mar 2016,Public Sector Banks,asset_turnover,1.7122442789255503,73.14814814814815
PNB,Mar 2016,Public Sector Banks,asset_turnover,1.7122442789255503,73.14814814814815
PNB,Mar 2016,Public Sector Banks,asset_turnover,1.7122442789255503,73.14814814814815
PNB,Mar 2016,Public Sector Banks,asset_turnover,1.7122442789255503,73.14814814814815
PNB,Mar 2016,Public Sector Banks,asset_turnover,1.7122442789255503,73.14814814814815
PNB,Mar 2016,Public Sector Banks,asset_turnover,1.7122442789255503,73.14814814814815
PNB,Mar 2016,Public Sector Banks,asset_turnover,1.7122442789255503,73.14814814814815
PNB,Mar 2016,Public Sector Banks,asset_turnover,1.7122442789255503,73.14814814814815
PNB,Mar 2016,Public Sector Banks,asset_turnover,1.7122442789255503,73.14814814814815
PNB,Mar 2016,Public Sector Banks,asset_turnover,1.7122442789255503,73.14814814814815
PNB,Mar 2016,Public Sector Banks,asset_turnover,1.7122442789255503,73.14814814814815
PNB,Mar 2016,Public Sector Banks,asset_turnover,1.7122442789255503,73.14814814814815
PNB,Mar 2016,Public Sector Banks,asset_turnover,1.7122442789255503,73.14814814814815
PNB,Mar 2016,Public Sector Banks,asset_turnover,1.7122442789255503,73.14814814814815
PNB,Mar 2016,Public Sector Banks,asset_turnover,1.7122442789255503,73.14814814814815
PNB,Mar 2016,Public Sector Banks,asset_turnover,1.7122442789255503,73.14814814814815
PNB,Mar 2016,Public Sector Banks,asset_turnover,1.7122442789255503,73.14814814814815
PNB,Mar 2016,Public Sector Banks,asset_turnover,1.7122442789255503,73.14814814814815
PNB,Mar 2017,Public Sector Banks,asset_turnover,1.1186685288640597,34.5679012345679
PNB,Mar 2017,Public Sector Banks,asset_turnover,1.1186685288640597,34.5679012345679
PNB,Mar 2017,Public Sector Banks,asset_turnover,1.1186685288640597,34.5679012345679
PNB,Mar 2017,Public Sector Banks,asset_turnover,1.1186685288640597,34.5679012345679
PNB,Mar 2017,Public Sector Banks,asset_turnover,1.1186685288640597,34.5679012345679
PNB,Mar 2017,Public Sector Banks,asset_turnover,1.1186685288640597,34.5679012345679
PNB,Mar 2017,Public Sector Banks,asset_turnover,1.1186685288640597,34.5679012345679
PNB,Mar 2017,Public Sector Banks,asset_turnover,1.1186685288640597,34.5679012345679
PNB,Mar 2017,Public Sector Banks,asset_turnover,1.1186685288640597,34.5679012345679
PNB,Mar 2017,Public Sector Banks,asset_turnover,1.1186685288640597,34.5679012345679
PNB,Mar 2017,Public Sector Banks,asset_turnover,1.1186685288640597,34.5679012345679
PNB,Mar 2017,Public Sector Banks,asset_turnover,1.1186685288640597,34.5679012345679
PNB,Mar 2017,Public Sector Banks,asset_turnover,1.1186685288640597,34.5679012345679
PNB,Mar 2017,Public Sector Banks,asset_turnover,1.1186685288640597,34.5679012345679
PNB,Mar 2017,Public Sector Banks,asset_turnover,1.1186685288640597,34.5679012345679
PNB,Mar 2017,Public Sector Banks,asset_turnover,1.1186685288640597,34.5679012345679
PNB,Mar 2017,Public Sector Banks,asset_turnover,1.1186685288640597,34.5679012345679
PNB,Mar 2017,Public Sector Banks,asset_turnover,1.1186685288640597,34.5679012345679
PNB,Mar 2017,Public Sector Banks,asset_turnover,1.1186685288640597,34.5679012345679
PNB,Mar 2017,Public Sector Banks,asset_turnover,1.1186685288640597,34.5679012345679
PNB,Mar 2017,Public Sector Banks,asset_turnover,1.1186685288640597,34.5679012345679
PNB,Mar 2017,Public Sector Banks,asset_turnover,1.1186685288640597,34.5679012345679
PNB,Mar 2017,Public Sector Banks,asset_turnover,1.1186685288640597,34.5679012345679
PNB,Mar 2017,Public Sector Banks,asset_turnover,1.1186685288640597,34.5679012345679
PNB,Mar 2017,Public Sector Banks,asset_turnover,1.1186685288640597,34.5679012345679
PNB,Mar 2018,Public Sector Banks,asset_turnover,0.7731917864737059,26.851851851851855
PNB,Mar 2018,Public Sector Banks,asset_turnover,0.7731917864737059,26.851851851851855
PNB,Mar 2018,Public Sector Banks,asset_turnover,0.7731917864737059,26.851851851851855
PNB,Mar 2018,Public Sector Banks,asset_turnover,0.7731917864737059,26.851851851851855
PNB,Mar 2018,Public Sector Banks,asset_turnover,0.7731917864737059,26.851851851851855
PNB,Mar 2018,Public Sector Banks,asset_turnover,0.7731917864737059,26.851851851851855
PNB,Mar 2018,Public Sector Banks,asset_turnover,0.7731917864737059,26.851851851851855
PNB,Mar 2018,Public Sector Banks,asset_turnover,0.7731917864737059,26.851851851851855
PNB,Mar 2018,Public Sector Banks,asset_turnover,0.7731917864737059,26.851851851851855
PNB,Mar 2018,Public Sector Banks,asset_turnover,0.7731917864737059,26.851851851851855
PNB,Mar 2018,Public Sector Banks,asset_turnover,0.7731917864737059,26.851851851851855
PNB,Mar 2018,Public Sector Banks,asset_turnover,0.7731917864737059,26.851851851851855
PNB,Mar 2018,Public Sector Banks,asset_turnover,0.7731917864737059,26.851851851851855
PNB,Mar 2018,Public Sector Banks,asset_turnover,0.7731917864737059,26.851851851851855
PNB,Mar 2018,Public Sector Banks,asset_turnover,0.7731917864737059,26.851851851851855
PNB,Mar 2018,Public Sector Banks,asset_turnover,0.7731917864737059,26.851851851851855
PNB,Mar 2018,Public Sector Banks,asset_turnover,0.7731917864737059,26.851851851851855
PNB,Mar 2018,Public Sector Banks,asset_turnover,0.7731917864737059,26.851851851851855
PNB,Mar 2018,Public Sector Banks,asset_turnover,0.7731917864737059,26.851851851851855
PNB,Mar 2018,Public Sector Banks,asset_turnover,0.7731917864737059,26.851851851851855
PNB,Mar 2018,Public Sector Banks,asset_turnover,0.7731917864737059,26.851851851851855
PNB,Mar 2018,Public Sector Banks,asset_turnover,0.7731917864737059,26.851851851851855
PNB,Mar 2018,Public Sector Banks,asset_turnover,0.7731917864737059,26.851851851851855
PNB,Mar 2018,Public Sector Banks,asset_turnover,0.7731917864737059,26.851851851851855
PNB,Mar 2018,Public Sector Banks,asset_turnover,0.7731917864737059,26.851851851851855
PNB,Mar 2019,Public Sector Banks,asset_turnover,0.6226507462686567,11.419753086419753
PNB,Mar 2019,Public Sector Banks,asset_turnover,0.6226507462686567,11.419753086419753
PNB,Mar 2019,Public Sector Banks,asset_turnover,0.6226507462686567,11.419753086419753
PNB,Mar 2019,Public Sector Banks,asset_turnover,0.6226507462686567,11.419753086419753
PNB,Mar 2019,Public Sector Banks,asset_turnover,0.6226507462686567,11.419753086419753
PNB,Mar 2019,Public Sector Banks,asset_turnover,0.6226507462686567,11.419753086419753
PNB,Mar 2019,Public Sector Banks,asset_turnover,0.6226507462686567,11.419753086419753
PNB,Mar 2019,Public Sector Banks,asset_turnover,0.6226507462686567,11.419753086419753
PNB,Mar 2019,Public Sector Banks,asset_turnover,0.6226507462686567,11.419753086419753
PNB,Mar 2019,Public Sector Banks,asset_turnover,0.6226507462686567,11.419753086419753
PNB,Mar 2019,Public Sector Banks,asset_turnover,0.6226507462686567,11.419753086419753
PNB,Mar 2019,Public Sector Banks,asset_turnover,0.6226507462686567,11.419753086419753
PNB,Mar 2019,Public Sector Banks,asset_turnover,0.6226507462686567,11.419753086419753
PNB,Mar 2019,Public Sector Banks,asset_turnover,0.6226507462686567,11.419753086419753
PNB,Mar 2019,Public Sector Banks,asset_turnover,0.6226507462686567,11.419753086419753
PNB,Mar 2019,Public Sector Banks,asset_turnover,0.6226507462686567,11.419753086419753
PNB,Mar 2019,Public Sector Banks,asset_turnover,0.6226507462686567,11.419753086419753
PNB,Mar 2019,Public Sector Banks,asset_turnover,0.6226507462686567,11.419753086419753
PNB,Mar 2019,Public Sector Banks,asset_turnover,0.6226507462686567,11.419753086419753
PNB,Mar 2019,Public Sector Banks,asset_turnover,0.6226507462686567,11.419753086419753
PNB,Mar 2019,Public Sector Banks,asset_turnover,0.6226507462686567,11.419753086419753
PNB,Mar 2019,Public Sector Banks,asset_turnover,0.6226507462686567,11.419753086419753
PNB,Mar 2019,Public Sector Banks,asset_turnover,0.6226507462686567,11.419753086419753
PNB,Mar 2019,Public Sector Banks,asset_turnover,0.6226507462686567,11.419753086419753
PNB,Mar 2019,Public Sector Banks,asset_turnover,0.6226507462686567,11.419753086419753
PNB,Mar 2020,Public Sector Banks,asset_turnover,0.6962750716332379,19.1358024691358
PNB,Mar 2020,Public Sector Banks,asset_turnover,0.6962750716332379,19.1358024691358
PNB,Mar 2020,Public Sector Banks,asset_turnover,0.6962750716332379,19.1358024691358
PNB,Mar 2020,Public Sector Banks,asset_turnover,0.6962750716332379,19.1358024691358
PNB,Mar 2020,Public Sector Banks,asset_turnover,0.6962750716332379,19.1358024691358
PNB,Mar 2020,Public Sector Banks,asset_turnover,0.6962750716332379,19.1358024691358
PNB,Mar 2020,Public Sector Banks,asset_turnover,0.6962750716332379,19.1358024691358
PNB,Mar 2020,Public Sector Banks,asset_turnover,0.6962750716332379,19.1358024691358
PNB,Mar 2020,Public Sector Banks,asset_turnover,0.6962750716332379,19.1358024691358
PNB,Mar 2020,Public Sector Banks,asset_turnover,0.6962750716332379,19.1358024691358
PNB,Mar 2020,Public Sector Banks,asset_turnover,0.6962750716332379,19.1358024691358
PNB,Mar 2020,Public Sector Banks,asset_turnover,0.6962750716332379,19.1358024691358
PNB,Mar 2020,Public Sector Banks,asset_turnover,0.6962750716332379,19.1358024691358
PNB,Mar 2020,Public Sector Banks,asset_turnover,0.6962750716332379,19.1358024691358
PNB,Mar 2020,Public Sector Banks,asset_turnover,0.6962750716332379,19.1358024691358
PNB,Mar 2020,Public Sector Banks,asset_turnover,0.6962750716332379,19.1358024691358
PNB,Mar 2020,Public Sector Banks,asset_turnover,0.6962750716332379,19.1358024691358
PNB,Mar 2020,Public Sector Banks,asset_turnover,0.6962750716332379,19.1358024691358
PNB,Mar 2020,Public Sector Banks,asset_turnover,0.6962750716332379,19.1358024691358
PNB,Mar 2020,Public Sector Banks,asset_turnover,0.6962750716332379,19.1358024691358
PNB,Mar 2020,Public Sector Banks,asset_turnover,0.6962750716332379,19.1358024691358
PNB,Mar 2020,Public Sector Banks,asset_turnover,0.6962750716332379,19.1358024691358
PNB,Mar 2020,Public Sector Banks,asset_turnover,0.6962750716332379,19.1358024691358
PNB,Mar 2020,Public Sector Banks,asset_turnover,0.6962750716332379,19.1358024691358
PNB,Mar 2020,Public Sector Banks,asset_turnover,0.6962750716332379,19.1358024691358
PNB,Mar 2021,Public Sector Banks,asset_turnover,1.1486268627423493,42.28395061728395
PNB,Mar 2021,Public Sector Banks,asset_turnover,1.1486268627423493,42.28395061728395
PNB,Mar 2021,Public Sector Banks,asset_turnover,1.1486268627423493,42.28395061728395
PNB,Mar 2021,Public Sector Banks,asset_turnover,1.1486268627423493,42.28395061728395
PNB,Mar 2021,Public Sector Banks,asset_turnover,1.1486268627423493,42.28395061728395
PNB,Mar 2021,Public Sector Banks,asset_turnover,1.1486268627423493,42.28395061728395
PNB,Mar 2021,Public Sector Banks,asset_turnover,1.1486268627423493,42.28395061728395
PNB,Mar 2021,Public Sector Banks,asset_turnover,1.1486268627423493,42.28395061728395
PNB,Mar 2021,Public Sector Banks,asset_turnover,1.1486268627423493,42.28395061728395
PNB,Mar 2021,Public Sector Banks,asset_turnover,1.1486268627423493,42.28395061728395
PNB,Mar 2021,Public Sector Banks,asset_turnover,1.1486268627423493,42.28395061728395
PNB,Mar 2021,Public Sector Banks,asset_turnover,1.1486268627423493,42.28395061728395
PNB,Mar 2021,Public Sector Banks,asset_turnover,1.1486268627423493,42.28395061728395
PNB,Mar 2021,Public Sector Banks,asset_turnover,1.1486268627423493,42.28395061728395
PNB,Mar 2021,Public Sector Banks,asset_turnover,1.1486268627423493,42.28395061728395
PNB,Mar 2021,Public Sector Banks,asset_turnover,1.1486268627423493,42.28395061728395
PNB,Mar 2021,Public Sector Banks,asset_turnover,1.1486268627423493,42.28395061728395
PNB,Mar 2021,Public Sector Banks,asset_turnover,1.1486268627423493,42.28395061728395
PNB,Mar 2021,Public Sector Banks,asset_turnover,1.1486268627423493,42.28395061728395
PNB,Mar 2021,Public Sector Banks,asset_turnover,1.1486268627423493,42.28395061728395
PNB,Mar 2021,Public Sector Banks,asset_turnover,1.1486268627423493,42.28395061728395
PNB,Mar 2021,Public Sector Banks,asset_turnover,1.1486268627423493,42.28395061728395
PNB,Mar 2021,Public Sector Banks,asset_turnover,1.1486268627423493,42.28395061728395
PNB,Mar 2021,Public Sector Banks,asset_turnover,1.1486268627423493,42.28395061728395
PNB,Mar 2021,Public Sector Banks,asset_turnover,1.1486268627423493,42.28395061728395
PNB,Mar 2022,Public Sector Banks,asset_turnover,1.161358131883197,50.0
PNB,Mar 2022,Public Sector Banks,asset_turnover,1.161358131883197,50.0
PNB,Mar 2022,Public Sector Banks,asset_turnover,1.161358131883197,50.0
PNB,Mar 2022,Public Sector Banks,asset_turnover,1.161358131883197,50.0
PNB,Mar 2022,Public Sector Banks,asset_turnover,1.161358131883197,50.0
PNB,Mar 2022,Public Sector Banks,asset_turnover,1.161358131883197,50.0
PNB,Mar 2022,Public Sector Banks,asset_turnover,1.161358131883197,50.0
PNB,Mar 2022,Public Sector Banks,asset_turnover,1.161358131883197,50.0
PNB,Mar 2022,Public Sector Banks,asset_turnover,1.161358131883197,50.0
PNB,Mar 2022,Public Sector Banks,asset_turnover,1.161358131883197,50.0
PNB,Mar 2022,Public Sector Banks,asset_turnover,1.161358131883197,50.0
PNB,Mar 2022,Public Sector Banks,asset_turnover,1.161358131883197,50.0
PNB,Mar 2022,Public Sector Banks,asset_turnover,1.161358131883197,50.0
PNB,Mar 2022,Public Sector Banks,asset_turnover,1.161358131883197,50.0
PNB,Mar 2022,Public Sector Banks,asset_turnover,1.161358131883197,50.0
PNB,Mar 2022,Public Sector Banks,asset_turnover,1.161358131883197,50.0
PNB,Mar 2022,Public Sector Banks,asset_turnover,1.161358131883197,50.0
PNB,Mar 2022,Public Sector Banks,asset_turnover,1.161358131883197,50.0
PNB,Mar 2022,Public Sector Banks,asset_turnover,1.161358131883197,50.0
PNB,Mar 2022,Public Sector Banks,asset_turnover,1.161358131883197,50.0
PNB,Mar 2022,Public Sector Banks,asset_turnover,1.161358131883197,50.0
PNB,Mar 2022,Public Sector Banks,asset_turnover,1.161358131883197,50.0
PNB,Mar 2022,Public Sector Banks,asset_turnover,1.161358131883197,50.0
PNB,Mar 2022,Public Sector Banks,asset_turnover,1.161358131883197,50.0
PNB,Mar 2022,Public Sector Banks,asset_turnover,1.161358131883197,50.0
PNB,Mar 2023,Public Sector Banks,asset_turnover,1.299977546590824,57.71604938271605
PNB,Mar 2023,Public Sector Banks,asset_turnover,1.299977546590824,57.71604938271605
PNB,Mar 2023,Public Sector Banks,asset_turnover,1.299977546590824,57.71604938271605
PNB,Mar 2023,Public Sector Banks,asset_turnover,1.299977546590824,57.71604938271605
PNB,Mar 2023,Public Sector Banks,asset_turnover,1.299977546590824,57.71604938271605
PNB,Mar 2023,Public Sector Banks,asset_turnover,1.299977546590824,57.71604938271605
PNB,Mar 2023,Public Sector Banks,asset_turnover,1.299977546590824,57.71604938271605
PNB,Mar 2023,Public Sector Banks,asset_turnover,1.299977546590824,57.71604938271605
PNB,Mar 2023,Public Sector Banks,asset_turnover,1.299977546590824,57.71604938271605
PNB,Mar 2023,Public Sector Banks,asset_turnover,1.299977546590824,57.71604938271605
PNB,Mar 2023,Public Sector Banks,asset_turnover,1.299977546590824,57.71604938271605
PNB,Mar 2023,Public Sector Banks,asset_turnover,1.299977546590824,57.71604938271605
PNB,Mar 2023,Public Sector Banks,asset_turnover,1.299977546590824,57.71604938271605
PNB,Mar 2023,Public Sector Banks,asset_turnover,1.299977546590824,57.71604938271605
PNB,Mar 2023,Public Sector Banks,asset_turnover,1.299977546590824,57.71604938271605
PNB,Mar 2023,Public Sector Banks,asset_turnover,1.299977546590824,57.71604938271605
PNB,Mar 2023,Public Sector Banks,asset_turnover,1.299977546590824,57.71604938271605
PNB,Mar 2023,Public Sector Banks,asset_turnover,1.299977546590824,57.71604938271605
PNB,Mar 2023,Public Sector Banks,asset_turnover,1.299977546590824,57.71604938271605
PNB,Mar 2023,Public Sector Banks,asset_turnover,1.299977546590824,57.71604938271605
PNB,Mar 2023,Public Sector Banks,asset_turnover,1.299977546590824,57.71604938271605
PNB,Mar 2023,Public Sector Banks,asset_turnover,1.299977546590824,57.71604938271605
PNB,Mar 2023,Public Sector Banks,asset_turnover,1.299977546590824,57.71604938271605
PNB,Mar 2023,Public Sector Banks,asset_turnover,1.299977546590824,57.71604938271605
PNB,Mar 2023,Public Sector Banks,asset_turnover,1.299977546590824,57.71604938271605
PNB,Mar 2024,Public Sector Banks,asset_turnover,1.5070262950629396,65.4320987654321
PNB,Mar 2024,Public Sector Banks,asset_turnover,1.5070262950629396,65.4320987654321
PNB,Mar 2024,Public Sector Banks,asset_turnover,1.5070262950629396,65.4320987654321
PNB,Mar 2024,Public Sector Banks,asset_turnover,1.5070262950629396,65.4320987654321
PNB,Mar 2024,Public Sector Banks,asset_turnover,1.5070262950629396,65.4320987654321
PNB,Mar 2024,Public Sector Banks,asset_turnover,1.5070262950629396,65.4320987654321
PNB,Mar 2024,Public Sector Banks,asset_turnover,1.5070262950629396,65.4320987654321
PNB,Mar 2024,Public Sector Banks,asset_turnover,1.5070262950629396,65.4320987654321
PNB,Mar 2024,Public Sector Banks,asset_turnover,1.5070262950629396,65.4320987654321
PNB,Mar 2024,Public Sector Banks,asset_turnover,1.5070262950629396,65.4320987654321
PNB,Mar 2024,Public Sector Banks,asset_turnover,1.5070262950629396,65.4320987654321
PNB,Mar 2024,Public Sector Banks,asset_turnover,1.5070262950629396,65.4320987654321
PNB,Mar 2024,Public Sector Banks,asset_turnover,1.5070262950629396,65.4320987654321
PNB,Mar 2024,Public Sector Banks,asset_turnover,1.5070262950629396,65.4320987654321
PNB,Mar 2024,Public Sector Banks,asset_turnover,1.5070262950629396,65.4320987654321
PNB,Mar 2024,Public Sector Banks,asset_turnover,1.5070262950629396,65.4320987654321
PNB,Mar 2024,Public Sector Banks,asset_turnover,1.5070262950629396,65.4320987654321
PNB,Mar 2024,Public Sector Banks,asset_turnover,1.5070262950629396,65.4320987654321
PNB,Mar 2024,Public Sector Banks,asset_turnover,1.5070262950629396,65.4320987654321
PNB,Mar 2024,Public Sector Banks,asset_turnover,1.5070262950629396,65.4320987654321
PNB,Mar 2024,Public Sector Banks,asset_turnover,1.5070262950629396,65.4320987654321
PNB,Mar 2024,Public Sector Banks,asset_turnover,1.5070262950629396,65.4320987654321
PNB,Mar 2024,Public Sector Banks,asset_turnover,1.5070262950629396,65.4320987654321
PNB,Mar 2024,Public Sector Banks,asset_turnover,1.5070262950629396,65.4320987654321
PNB,Mar 2024,Public Sector Banks,asset_turnover,1.5070262950629396,65.4320987654321
PNB,TTM,Public Sector Banks,asset_turnover,,
SBIN,Mar 2013,Public Sector Banks,asset_turnover,,
SBIN,Mar 2014,Public Sector Banks,asset_turnover,,
SBIN,Mar 2015,Public Sector Banks,asset_turnover,,
SBIN,Mar 2016,Public Sector Banks,asset_turnover,,
SBIN,Mar 2017,Public Sector Banks,asset_turnover,,
SBIN,Mar 2018,Public Sector Banks,asset_turnover,,
SBIN,Mar 2019,Public Sector Banks,asset_turnover,,
SBIN,Mar 2020,Public Sector Banks,asset_turnover,,
SBIN,Mar 2021,Public Sector Banks,asset_turnover,,
SBIN,Mar 2022,Public Sector Banks,asset_turnover,,
SBIN,Mar 2023,Public Sector Banks,asset_turnover,,
SBIN,Mar 2024,Public Sector Banks,asset_turnover,,
SBIN,TTM,Public Sector Banks,asset_turnover,,
BANKBARODA,Mar 2013,Public Sector Banks,free_cash_flow,22682.0,90.17857142857143
BANKBARODA,Mar 2014,Public Sector Banks,free_cash_flow,41503.0,98.80952380952381
BANKBARODA,Mar 2015,Public Sector Banks,free_cash_flow,17282.0,65.77380952380952
BANKBARODA,Mar 2016,Public Sector Banks,free_cash_flow,-14016.0,16.666666666666664
BANKBARODA,Mar 2017,Public Sector Banks,free_cash_flow,17314.0,66.07142857142857
BANKBARODA,Mar 2018,Public Sector Banks,free_cash_flow,-60106.0,0.8928571428571428
BANKBARODA,Mar 2019,Public Sector Banks,free_cash_flow,-3986.0,25.297619047619047
BANKBARODA,Mar 2020,Public Sector Banks,free_cash_flow,18392.0,67.26190476190477
BANKBARODA,Mar 2021,Public Sector Banks,free_cash_flow,-1358.0,33.035714285714285
BANKBARODA,Mar 2022,Public Sector Banks,free_cash_flow,2565.0,41.36904761904761
BANKBARODA,Mar 2023,Public Sector Banks,free_cash_flow,-22450.0,16.36904761904762
BANKBARODA,Mar 2024,Public Sector Banks,free_cash_flow,-7559.0,24.702380952380953
BANKBARODA,TTM,Public Sector Banks,free_cash_flow,,
CANBK,Mar 2013,Public Sector Banks,free_cash_flow,7575.0,49.404761904761905
CANBK,Mar 2014,Public Sector Banks,free_cash_flow,13864.0,58.03571428571429
CANBK,Mar 2015,Public Sector Banks,free_cash_flow,5240.0,49.107142857142854
CANBK,Mar 2016,Public Sector Banks,free_cash_flow,8903.0,49.702380952380956
CANBK,Mar 2017,Public Sector Banks,free_cash_flow,2099.0,41.07142857142857
CANBK,Mar 2018,Public Sector Banks,free_cash_flow,-11607.0,24.404761904761905
CANBK,Mar 2019,Public Sector Banks,free_cash_flow,17492.0,66.36904761904762
CANBK,Mar 2020,Public Sector Banks,free_cash_flow,-5734.0,25.0
CANBK,Mar 2021,Public Sector Banks,free_cash_flow,58002.0,99.40476190476191
CANBK,Mar 2022,Public Sector Banks,free_cash_flow,-510.0,40.773809523809526
CANBK,Mar 2023,Public Sector Banks,free_cash_flow,-41134.0,1.1904761904761905
CANBK,Mar 2024,Public Sector Banks,free_cash_flow,13296.0,57.738095238095234
CANBK,TTM,Public Sector Banks,free_cash_flow,,
PNB,Mar 2013,Public Sector Banks,free_cash_flow,-1292.0,36.904761904761905
PNB,Mar 2013,Public Sector Banks,free_cash_flow,-1292.0,36.904761904761905
PNB,Mar 2013,Public Sector Banks,free_cash_flow,-1292.0,36.904761904761905
PNB,Mar 2013,Public Sector Banks,free_cash_flow,-1292.0,36.904761904761905
PNB,Mar 2013,Public Sector Banks,free_cash_flow,-1292.0,36.904761904761905
PNB,Mar 2013,Public Sector Banks,free_cash_flow,-1292.0,36.904761904761905
PNB,Mar 2013,Public Sector Banks,free_cash_flow,-1292.0,36.904761904761905
PNB,Mar 2013,Public Sector Banks,free_cash_flow,-1292.0,36.904761904761905
PNB,Mar 2013,Public Sector Banks,free_cash_flow,-1292.0,36.904761904761905
PNB,Mar 2013,Public Sector Banks,free_cash_flow,-1292.0,36.904761904761905
PNB,Mar 2013,Public Sector Banks,free_cash_flow,-1292.0,36.904761904761905
PNB,Mar 2013,Public Sector Banks,free_cash_flow,-1292.0,36.904761904761905
PNB,Mar 2013,Public Sector Banks,free_cash_flow,-1292.0,36.904761904761905
PNB,Mar 2013,Public Sector Banks,free_cash_flow,-1292.0,36.904761904761905
PNB,Mar 2013,Public Sector Banks,free_cash_flow,-1292.0,36.904761904761905
PNB,Mar 2013,Public Sector Banks,free_cash_flow,-1292.0,36.904761904761905
PNB,Mar 2013,Public Sector Banks,free_cash_flow,-1292.0,36.904761904761905
PNB,Mar 2013,Public Sector Banks,free_cash_flow,-1292.0,36.904761904761905
PNB,Mar 2013,Public Sector Banks,free_cash_flow,-1292.0,36.904761904761905
PNB,Mar 2013,Public Sector Banks,free_cash_flow,-1292.0,36.904761904761905
PNB,Mar 2013,Public Sector Banks,free_cash_flow,-1292.0,36.904761904761905
PNB,Mar 2013,Public Sector Banks,free_cash_flow,-1292.0,36.904761904761905
PNB,Mar 2013,Public Sector Banks,free_cash_flow,-1292.0,36.904761904761905
PNB,Mar 2013,Public Sector Banks,free_cash_flow,-1292.0,36.904761904761905
PNB,Mar 2013,Public Sector Banks,free_cash_flow,-1292.0,36.904761904761905
PNB,Mar 2014,Public Sector Banks,free_cash_flow,16604.0,61.904761904761905
PNB,Mar 2014,Public Sector Banks,free_cash_flow,16604.0,61.904761904761905
PNB,Mar 2014,Public Sector Banks,free_cash_flow,16604.0,61.904761904761905
PNB,Mar 2014,Public Sector Banks,free_cash_flow,16604.0,61.904761904761905
PNB,Mar 2014,Public Sector Banks,free_cash_flow,16604.0,61.904761904761905
PNB,Mar 2014,Public Sector Banks,free_cash_flow,16604.0,61.904761904761905
PNB,Mar 2014,Public Sector Banks,free_cash_flow,16604.0,61.904761904761905
PNB,Mar 2014,Public Sector Banks,free_cash_flow,16604.0,61.904761904761905
PNB,Mar 2014,Public Sector Banks,free_cash_flow,16604.0,61.904761904761905
PNB,Mar 2014,Public Sector Banks,free_cash_flow,16604.0,61.904761904761905
PNB,Mar 2014,Public Sector Banks,free_cash_flow,16604.0,61.904761904761905
PNB,Mar 2014,Public Sector Banks,free_cash_flow,16604.0,61.904761904761905
PNB,Mar 2014,Public Sector Banks,free_cash_flow,16604.0,61.904761904761905
PNB,Mar 2014,Public Sector Banks,free_cash_flow,16604.0,61.904761904761905
PNB,Mar 2014,Public Sector Banks,free_cash_flow,16604.0,61.904761904761905
PNB,Mar 2014,Public Sector Banks,free_cash_flow,16604.0,61.904761904761905
PNB,Mar 2014,Public Sector Banks,free_cash_flow,16604.0,61.904761904761905
PNB,Mar 2014,Public Sector Banks,free_cash_flow,16604.0,61.904761904761905
PNB,Mar 2014,Public Sector Banks,free_cash_flow,16604.0,61.904761904761905
PNB,Mar 2014,Public Sector Banks,free_cash_flow,16604.0,61.904761904761905
PNB,Mar 2014,Public Sector Banks,free_cash_flow,16604.0,61.904761904761905
PNB,Mar 2014,Public Sector Banks,free_cash_flow,16604.0,61.904761904761905
PNB,Mar 2014,Public Sector Banks,free_cash_flow,16604.0,61.904761904761905
PNB,Mar 2014,Public Sector Banks,free_cash_flow,16604.0,61.904761904761905
PNB,Mar 2014,Public Sector Banks,free_cash_flow,16604.0,61.904761904761905
PNB,Mar 2015,Public Sector Banks,free_cash_flow,3942.0,45.23809523809524
PNB,Mar 2015,Public Sector Banks,free_cash_flow,3942.0,45.23809523809524
PNB,Mar 2015,Public Sector Banks,free_cash_flow,3942.0,45.23809523809524
PNB,Mar 2015,Public Sector Banks,free_cash_flow,3942.0,45.23809523809524
PNB,Mar 2015,Public Sector Banks,free_cash_flow,3942.0,45.23809523809524
PNB,Mar 2015,Public Sector Banks,free_cash_flow,3942.0,45.23809523809524
PNB,Mar 2015,Public Sector Banks,free_cash_flow,3942.0,45.23809523809524
PNB,Mar 2015,Public Sector Banks,free_cash_flow,3942.0,45.23809523809524
PNB,Mar 2015,Public Sector Banks,free_cash_flow,3942.0,45.23809523809524
PNB,Mar 2015,Public Sector Banks,free_cash_flow,3942.0,45.23809523809524
PNB,Mar 2015,Public Sector Banks,free_cash_flow,3942.0,45.23809523809524
PNB,Mar 2015,Public Sector Banks,free_cash_flow,3942.0,45.23809523809524
PNB,Mar 2015,Public Sector Banks,free_cash_flow,3942.0,45.23809523809524
PNB,Mar 2015,Public Sector Banks,free_cash_flow,3942.0,45.23809523809524
PNB,Mar 2015,Public Sector Banks,free_cash_flow,3942.0,45.23809523809524
PNB,Mar 2015,Public Sector Banks,free_cash_flow,3942.0,45.23809523809524
PNB,Mar 2015,Public Sector Banks,free_cash_flow,3942.0,45.23809523809524
PNB,Mar 2015,Public Sector Banks,free_cash_flow,3942.0,45.23809523809524
PNB,Mar 2015,Public Sector Banks,free_cash_flow,3942.0,45.23809523809524
PNB,Mar 2015,Public Sector Banks,free_cash_flow,3942.0,45.23809523809524
PNB,Mar 2015,Public Sector Banks,free_cash_flow,3942.0,45.23809523809524
PNB,Mar 2015,Public Sector Banks,free_cash_flow,3942.0,45.23809523809524
PNB,Mar 2015,Public Sector Banks,free_cash_flow,3942.0,45.23809523809524
PNB,Mar 2015,Public Sector Banks,free_cash_flow,3942.0,45.23809523809524
PNB,Mar 2015,Public Sector Banks,free_cash_flow,3942.0,45.23809523809524
PNB,Mar 2016,Public Sector Banks,free_cash_flow,12815.0,53.86904761904761
PNB,Mar 2016,Public Sector Banks,free_cash_flow,12815.0,53.86904761904761
PNB,Mar 2016,Public Sector Banks,free_cash_flow,12815.0,53.86904761904761
PNB,Mar 2016,Public Sector Banks,free_cash_flow,12815.0,53.86904761904761
PNB,Mar 2016,Public Sector Banks,free_cash_flow,12815.0,53.86904761904761
PNB,Mar 2016,Public Sector Banks,free_cash_flow,12815.0,53.86904761904761
PNB,Mar 2016,Public Sector Banks,free_cash_flow,12815.0,53.86904761904761
PNB,Mar 2016,Public Sector Banks,free_cash_flow,12815.0,53.86904761904761
PNB,Mar 2016,Public Sector Banks,free_cash_flow,12815.0,53.86904761904761
PNB,Mar 2016,Public Sector Banks,free_cash_flow,12815.0,53.86904761904761
PNB,Mar 2016,Public Sector Banks,free_cash_flow,12815.0,53.86904761904761
PNB,Mar 2016,Public Sector Banks,free_cash_flow,12815.0,53.86904761904761
PNB,Mar 2016,Public Sector Banks,free_cash_flow,12815.0,53.86904761904761
PNB,Mar 2016,Public Sector Banks,free_cash_flow,12815.0,53.86904761904761
PNB,Mar 2016,Public Sector Banks,free_cash_flow,12815.0,53.86904761904761
PNB,Mar 2016,Public Sector Banks,free_cash_flow,12815.0,53.86904761904761
PNB,Mar 2016,Public Sector Banks,free_cash_flow,12815.0,53.86904761904761
PNB,Mar 2016,Public Sector Banks,free_cash_flow,12815.0,53.86904761904761
PNB,Mar 2016,Public Sector Banks,free_cash_flow,12815.0,53.86904761904761
PNB,Mar 2016,Public Sector Banks,free_cash_flow,12815.0,53.86904761904761
PNB,Mar 2016,Public Sector Banks,free_cash_flow,12815.0,53.86904761904761
PNB,Mar 2016,Public Sector Banks,free_cash_flow,12815.0,53.86904761904761
PNB,Mar 2016,Public Sector Banks,free_cash_flow,12815.0,53.86904761904761
PNB,Mar 2016,Public Sector Banks,free_cash_flow,12815.0,53.86904761904761
PNB,Mar 2016,Public Sector Banks,free_cash_flow,12815.0,53.86904761904761
PNB,Mar 2017,Public Sector Banks,free_cash_flow,21779.0,78.57142857142857
PNB,Mar 2017,Public Sector Banks,free_cash_flow,21779.0,78.57142857142857
PNB,Mar 2017,Public Sector Banks,free_cash_flow,21779.0,78.57142857142857
PNB,Mar 2017,Public Sector Banks,free_cash_flow,21779.0,78.57142857142857
PNB,Mar 2017,Public Sector Banks,free_cash_flow,21779.0,78.57142857142857
PNB,Mar 2017,Public Sector Banks,free_cash_flow,21779.0,78.57142857142857
PNB,Mar 2017,Public Sector Banks,free_cash_flow,21779.0,78.57142857142857
PNB,Mar 2017,Public Sector Banks,free_cash_flow,21779.0,78.57142857142857
PNB,Mar 2017,Public Sector Banks,free_cash_flow,21779.0,78.57142857142857
PNB,Mar 2017,Public Sector Banks,free_cash_flow,21779.0,78.57142857142857
PNB,Mar 2017,Public Sector Banks,free_cash_flow,21779.0,78.57142857142857
PNB,Mar 2017,Public Sector Banks,free_cash_flow,21779.0,78.57142857142857
PNB,Mar 2017,Public Sector Banks,free_cash_flow,21779.0,78.57142857142857
PNB,Mar 2017,Public Sector Banks,free_cash_flow,21779.0,78.57142857142857
PNB,Mar 2017,Public Sector Banks,free_cash_flow,21779.0,78.57142857142857
PNB,Mar 2017,Public Sector Banks,free_cash_flow,21779.0,78.57142857142857
PNB,Mar 2017,Public Sector Banks,free_cash_flow,21779.0,78.57142857142857
PNB,Mar 2017,Public Sector Banks,free_cash_flow,21779.0,78.57142857142857
PNB,Mar 2017,Public Sector Banks,free_cash_flow,21779.0,78.57142857142857
PNB,Mar 2017,Public Sector Banks,free_cash_flow,21779.0,78.57142857142857
PNB,Mar 2017,Public Sector Banks,free_cash_flow,21779.0,78.57142857142857
PNB,Mar 2017,Public Sector Banks,free_cash_flow,21779.0,78.57142857142857
PNB,Mar 2017,Public Sector Banks,free_cash_flow,21779.0,78.57142857142857
PNB,Mar 2017,Public Sector Banks,free_cash_flow,21779.0,78.57142857142857
PNB,Mar 2017,Public Sector Banks,free_cash_flow,21779.0,78.57142857142857
PNB,Mar 2018,Public Sector Banks,free_cash_flow,-2134.0,29.166666666666668
PNB,Mar 2018,Public Sector Banks,free_cash_flow,-2134.0,29.166666666666668
PNB,Mar 2018,Public Sector Banks,free_cash_flow,-2134.0,29.166666666666668
PNB,Mar 2018,Public Sector Banks,free_cash_flow,-2134.0,29.166666666666668
PNB,Mar 2018,Public Sector Banks,free_cash_flow,-2134.0,29.166666666666668
PNB,Mar 2018,Public Sector Banks,free_cash_flow,-2134.0,29.166666666666668
PNB,Mar 2018,Public Sector Banks,free_cash_flow,-2134.0,29.166666666666668
PNB,Mar 2018,Public Sector Banks,free_cash_flow,-2134.0,29.166666666666668
PNB,Mar 2018,Public Sector Banks,free_cash_flow,-2134.0,29.166666666666668
PNB,Mar 2018,Public Sector Banks,free_cash_flow,-2134.0,29.166666666666668
PNB,Mar 2018,Public Sector Banks,free_cash_flow,-2134.0,29.166666666666668
PNB,Mar 2018,Public Sector Banks,free_cash_flow,-2134.0,29.166666666666668
PNB,Mar 2018,Public Sector Banks,free_cash_flow,-2134.0,29.166666666666668
PNB,Mar 2018,Public Sector Banks,free_cash_flow,-2134.0,29.166666666666668
PNB,Mar 2018,Public Sector Banks,free_cash_flow,-2134.0,29.166666666666668
PNB,Mar 2018,Public Sector Banks,free_cash_flow,-2134.0,29.166666666666668
PNB,Mar 2018,Public Sector Banks,free_cash_flow,-2134.0,29.166666666666668
PNB,Mar 2018,Public Sector Banks,free_cash_flow,-2134.0,29.166666666666668
PNB,Mar 2018,Public Sector Banks,free_cash_flow,-2134.0,29.166666666666668
PNB,Mar 2018,Public Sector Banks,free_cash_flow,-2134.0,29.166666666666668
PNB,Mar 2018,Public Sector Banks,free_cash_flow,-2134.0,29.166666666666668
PNB,Mar 2018,Public Sector Banks,free_cash_flow,-2134.0,29.166666666666668
PNB,Mar 2018,Public Sector Banks,free_cash_flow,-2134.0,29.166666666666668
PNB,Mar 2018,Public Sector Banks,free_cash_flow,-2134.0,29.166666666666668
PNB,Mar 2018,Public Sector Banks,free_cash_flow,-2134.0,29.166666666666668
PNB,Mar 2019,Public Sector Banks,free_cash_flow,-34161.0,5.059523809523809
PNB,Mar 2019,Public Sector Banks,free_cash_flow,-34161.0,5.059523809523809
PNB,Mar 2019,Public Sector Banks,free_cash_flow,-34161.0,5.059523809523809
PNB,Mar 2019,Public Sector Banks,free_cash_flow,-34161.0,5.059523809523809
PNB,Mar 2019,Public Sector Banks,free_cash_flow,-34161.0,5.059523809523809
PNB,Mar 2019,Public Sector Banks,free_cash_flow,-34161.0,5.059523809523809
PNB,Mar 2019,Public Sector Banks,free_cash_flow,-34161.0,5.059523809523809
PNB,Mar 2019,Public Sector Banks,free_cash_flow,-34161.0,5.059523809523809
PNB,Mar 2019,Public Sector Banks,free_cash_flow,-34161.0,5.059523809523809
PNB,Mar 2019,Public Sector Banks,free_cash_flow,-34161.0,5.059523809523809
PNB,Mar 2019,Public Sector Banks,free_cash_flow,-34161.0,5.059523809523809
PNB,Mar 2019,Public Sector Banks,free_cash_flow,-34161.0,5.059523809523809
PNB,Mar 2019,Public Sector Banks,free_cash_flow,-34161.0,5.059523809523809
PNB,Mar 2019,Public Sector Banks,free_cash_flow,-34161.0,5.059523809523809
PNB,Mar 2019,Public Sector Banks,free_cash_flow,-34161.0,5.059523809523809
PNB,Mar 2019,Public Sector Banks,free_cash_flow,-34161.0,5.059523809523809
PNB,Mar 2019,Public Sector Banks,free_cash_flow,-34161.0,5.059523809523809
PNB,Mar 2019,Public Sector Banks,free_cash_flow,-34161.0,5.059523809523809
PNB,Mar 2019,Public Sector Banks,free_cash_flow,-34161.0,5.059523809523809
PNB,Mar 2019,Public Sector Banks,free_cash_flow,-34161.0,5.059523809523809
PNB,Mar 2019,Public Sector Banks,free_cash_flow,-34161.0,5.059523809523809
PNB,Mar 2019,Public Sector Banks,free_cash_flow,-34161.0,5.059523809523809
PNB,Mar 2019,Public Sector Banks,free_cash_flow,-34161.0,5.059523809523809
PNB,Mar 2019,Public Sector Banks,free_cash_flow,-34161.0,5.059523809523809
PNB,Mar 2019,Public Sector Banks,free_cash_flow,-34161.0,5.059523809523809
PNB,Mar 2020,Public Sector Banks,free_cash_flow,-13131.0,20.535714285714285
PNB,Mar 2020,Public Sector Banks,free_cash_flow,-13131.0,20.535714285714285
PNB,Mar 2020,Public Sector Banks,free_cash_flow,-13131.0,20.535714285714285
PNB,Mar 2020,Public Sector Banks,free_cash_flow,-13131.0,20.535714285714285
PNB,Mar 2020,Public Sector Banks,free_cash_flow,-13131.0,20.535714285714285
PNB,Mar 2020,Public Sector Banks,free_cash_flow,-13131.0,20.535714285714285
PNB,Mar 2020,Public Sector Banks,free_cash_flow,-13131.0,20.535714285714285
PNB,Mar 2020,Public Sector Banks,free_cash_flow,-13131.0,20.535714285714285
PNB,Mar 2020,Public Sector Banks,free_cash_flow,-13131.0,20.535714285714285
PNB,Mar 2020,Public Sector Banks,free_cash_flow,-13131.0,20.535714285714285
PNB,Mar 2020,Public Sector Banks,free_cash_flow,-13131.0,20.535714285714285
PNB,Mar 2020,Public Sector Banks,free_cash_flow,-13131.0,20.535714285714285
PNB,Mar 2020,Public Sector Banks,free_cash_flow,-13131.0,20.535714285714285
PNB,Mar 2020,Public Sector Banks,free_cash_flow,-13131.0,20.535714285714285
PNB,Mar 2020,Public Sector Banks,free_cash_flow,-13131.0,20.535714285714285
PNB,Mar 2020,Public Sector Banks,free_cash_flow,-13131.0,20.535714285714285
PNB,Mar 2020,Public Sector Banks,free_cash_flow,-13131.0,20.535714285714285
PNB,Mar 2020,Public Sector Banks,free_cash_flow,-13131.0,20.535714285714285
PNB,Mar 2020,Public Sector Banks,free_cash_flow,-13131.0,20.535714285714285
PNB,Mar 2020,Public Sector Banks,free_cash_flow,-13131.0,20.535714285714285
PNB,Mar 2020,Public Sector Banks,free_cash_flow,-13131.0,20.535714285714285
PNB,Mar 2020,Public Sector Banks,free_cash_flow,-13131.0,20.535714285714285
PNB,Mar 2020,Public Sector Banks,free_cash_flow,-13131.0,20.535714285714285
PNB,Mar 2020,Public Sector Banks,free_cash_flow,-13131.0,20.535714285714285
PNB,Mar 2020,Public Sector Banks,free_cash_flow,-13131.0,20.535714285714285
PNB,Mar 2021,Public Sector Banks,free_cash_flow,30163.0,94.94047619047619
PNB,Mar 2021,Public Sector Banks,free_cash_flow,30163.0,94.94047619047619
PNB,Mar 2021,Public Sector Banks,free_cash_flow,30163.0,94.94047619047619
PNB,Mar 2021,Public Sector Banks,free_cash_flow,30163.0,94.94047619047619
PNB,Mar 2021,Public Sector Banks,free_cash_flow,30163.0,94.94047619047619
PNB,Mar 2021,Public Sector Banks,free_cash_flow,30163.0,94.94047619047619
PNB,Mar 2021,Public Sector Banks,free_cash_flow,30163.0,94.94047619047619
PNB,Mar 2021,Public Sector Banks,free_cash_flow,30163.0,94.94047619047619
PNB,Mar 2021,Public Sector Banks,free_cash_flow,30163.0,94.94047619047619
PNB,Mar 2021,Public Sector Banks,free_cash_flow,30163.0,94.94047619047619
PNB,Mar 2021,Public Sector Banks,free_cash_flow,30163.0,94.94047619047619
PNB,Mar 2021,Public Sector Banks,free_cash_flow,30163.0,94.94047619047619
PNB,Mar 2021,Public Sector Banks,free_cash_flow,30163.0,94.94047619047619
PNB,Mar 2021,Public Sector Banks,free_cash_flow,30163.0,94.94047619047619
PNB,Mar 2021,Public Sector Banks,free_cash_flow,30163.0,94.94047619047619
PNB,Mar 2021,Public Sector Banks,free_cash_flow,30163.0,94.94047619047619
PNB,Mar 2021,Public Sector Banks,free_cash_flow,30163.0,94.94047619047619
PNB,Mar 2021,Public Sector Banks,free_cash_flow,30163.0,94.94047619047619
PNB,Mar 2021,Public Sector Banks,free_cash_flow,30163.0,94.94047619047619
PNB,Mar 2021,Public Sector Banks,free_cash_flow,30163.0,94.94047619047619
PNB,Mar 2021,Public Sector Banks,free_cash_flow,30163.0,94.94047619047619
PNB,Mar 2021,Public Sector Banks,free_cash_flow,30163.0,94.94047619047619
PNB,Mar 2021,Public Sector Banks,free_cash_flow,30163.0,94.94047619047619
PNB,Mar 2021,Public Sector Banks,free_cash_flow,30163.0,94.94047619047619
PNB,Mar 2021,Public Sector Banks,free_cash_flow,30163.0,94.94047619047619
PNB,Mar 2022,Public Sector Banks,free_cash_flow,18828.0,71.13095238095238
PNB,Mar 2022,Public Sector Banks,free_cash_flow,18828.0,71.13095238095238
PNB,Mar 2022,Public Sector Banks,free_cash_flow,18828.0,71.13095238095238
PNB,Mar 2022,Public Sector Banks,free_cash_flow,18828.0,71.13095238095238
PNB,Mar 2022,Public Sector Banks,free_cash_flow,18828.0,71.13095238095238
PNB,Mar 2022,Public Sector Banks,free_cash_flow,18828.0,71.13095238095238
PNB,Mar 2022,Public Sector Banks,free_cash_flow,18828.0,71.13095238095238
PNB,Mar 2022,Public Sector Banks,free_cash_flow,18828.0,71.13095238095238
PNB,Mar 2022,Public Sector Banks,free_cash_flow,18828.0,71.13095238095238
PNB,Mar 2022,Public Sector Banks,free_cash_flow,18828.0,71.13095238095238
PNB,Mar 2022,Public Sector Banks,free_cash_flow,18828.0,71.13095238095238
PNB,Mar 2022,Public Sector Banks,free_cash_flow,18828.0,71.13095238095238
PNB,Mar 2022,Public Sector Banks,free_cash_flow,18828.0,71.13095238095238
PNB,Mar 2022,Public Sector Banks,free_cash_flow,18828.0,71.13095238095238
PNB,Mar 2022,Public Sector Banks,free_cash_flow,18828.0,71.13095238095238
PNB,Mar 2022,Public Sector Banks,free_cash_flow,18828.0,71.13095238095238
PNB,Mar 2022,Public Sector Banks,free_cash_flow,18828.0,71.13095238095238
PNB,Mar 2022,Public Sector Banks,free_cash_flow,18828.0,71.13095238095238
PNB,Mar 2022,Public Sector Banks,free_cash_flow,18828.0,71.13095238095238
PNB,Mar 2022,Public Sector Banks,free_cash_flow,18828.0,71.13095238095238
PNB,Mar 2022,Public Sector Banks,free_cash_flow,18828.0,71.13095238095238
PNB,Mar 2022,Public Sector Banks,free_cash_flow,18828.0,71.13095238095238
PNB,Mar 2022,Public Sector Banks,free_cash_flow,18828.0,71.13095238095238
PNB,Mar 2022,Public Sector Banks,free_cash_flow,18828.0,71.13095238095238
PNB,Mar 2022,Public Sector Banks,free_cash_flow,18828.0,71.13095238095238
PNB,Mar 2023,Public Sector Banks,free_cash_flow,21860.0,86.01190476190477
PNB,Mar 2023,Public Sector Banks,free_cash_flow,21860.0,86.01190476190477
PNB,Mar 2023,Public Sector Banks,free_cash_flow,21860.0,86.01190476190477
PNB,Mar 2023,Public Sector Banks,free_cash_flow,21860.0,86.01190476190477
PNB,Mar 2023,Public Sector Banks,free_cash_flow,21860.0,86.01190476190477
PNB,Mar 2023,Public Sector Banks,free_cash_flow,21860.0,86.01190476190477
PNB,Mar 2023,Public Sector Banks,free_cash_flow,21860.0,86.01190476190477
PNB,Mar 2023,Public Sector Banks,free_cash_flow,21860.0,86.01190476190477
PNB,Mar 2023,Public Sector Banks,free_cash_flow,21860.0,86.01190476190477
PNB,Mar 2023,Public Sector Banks,free_cash_flow,21860.0,86.01190476190477
PNB,Mar 2023,Public Sector Banks,free_cash_flow,21860.0,86.01190476190477
PNB,Mar 2023,Public Sector Banks,free_cash_flow,21860.0,86.01190476190477
PNB,Mar 2023,Public Sector Banks,free_cash_flow,21860.0,86.01190476190477
PNB,Mar 2023,Public Sector Banks,free_cash_flow,21860.0,86.01190476190477
PNB,Mar 2023,Public Sector Banks,free_cash_flow,21860.0,86.01190476190477
PNB,Mar 2023,Public Sector Banks,free_cash_flow,21860.0,86.01190476190477
PNB,Mar 2023,Public Sector Banks,free_cash_flow,21860.0,86.01190476190477
PNB,Mar 2023,Public Sector Banks,free_cash_flow,21860.0,86.01190476190477
PNB,Mar 2023,Public Sector Banks,free_cash_flow,21860.0,86.01190476190477
PNB,Mar 2023,Public Sector Banks,free_cash_flow,21860.0,86.01190476190477
PNB,Mar 2023,Public Sector Banks,free_cash_flow,21860.0,86.01190476190477
PNB,Mar 2023,Public Sector Banks,free_cash_flow,21860.0,86.01190476190477
PNB,Mar 2023,Public Sector Banks,free_cash_flow,21860.0,86.01190476190477
PNB,Mar 2023,Public Sector Banks,free_cash_flow,21860.0,86.01190476190477
PNB,Mar 2023,Public Sector Banks,free_cash_flow,21860.0,86.01190476190477
PNB,Mar 2024,Public Sector Banks,free_cash_flow,-29445.0,12.5
PNB,Mar 2024,Public Sector Banks,free_cash_flow,-29445.0,12.5
PNB,Mar 2024,Public Sector Banks,free_cash_flow,-29445.0,12.5
PNB,Mar 2024,Public Sector Banks,free_cash_flow,-29445.0,12.5
PNB,Mar 2024,Public Sector Banks,free_cash_flow,-29445.0,12.5
PNB,Mar 2024,Public Sector Banks,free_cash_flow,-29445.0,12.5
PNB,Mar 2024,Public Sector Banks,free_cash_flow,-29445.0,12.5
PNB,Mar 2024,Public Sector Banks,free_cash_flow,-29445.0,12.5
PNB,Mar 2024,Public Sector Banks,free_cash_flow,-29445.0,12.5
PNB,Mar 2024,Public Sector Banks,free_cash_flow,-29445.0,12.5
PNB,Mar 2024,Public Sector Banks,free_cash_flow,-29445.0,12.5
PNB,Mar 2024,Public Sector Banks,free_cash_flow,-29445.0,12.5
PNB,Mar 2024,Public Sector Banks,free_cash_flow,-29445.0,12.5
PNB,Mar 2024,Public Sector Banks,free_cash_flow,-29445.0,12.5
PNB,Mar 2024,Public Sector Banks,free_cash_flow,-29445.0,12.5
PNB,Mar 2024,Public Sector Banks,free_cash_flow,-29445.0,12.5
PNB,Mar 2024,Public Sector Banks,free_cash_flow,-29445.0,12.5
PNB,Mar 2024,Public Sector Banks,free_cash_flow,-29445.0,12.5
PNB,Mar 2024,Public Sector Banks,free_cash_flow,-29445.0,12.5
PNB,Mar 2024,Public Sector Banks,free_cash_flow,-29445.0,12.5
PNB,Mar 2024,Public Sector Banks,free_cash_flow,-29445.0,12.5
PNB,Mar 2024,Public Sector Banks,free_cash_flow,-29445.0,12.5
PNB,Mar 2024,Public Sector Banks,free_cash_flow,-29445.0,12.5
PNB,Mar 2024,Public Sector Banks,free_cash_flow,-29445.0,12.5
PNB,Mar 2024,Public Sector Banks,free_cash_flow,-29445.0,12.5
PNB,TTM,Public Sector Banks,free_cash_flow,,
SBIN,Mar 2013,Public Sector Banks,free_cash_flow,22061.0,89.88095238095238
SBIN,Mar 2014,Public Sector Banks,free_cash_flow,18351.0,66.96428571428571
SBIN,Mar 2015,Public Sector Banks,free_cash_flow,22873.0,90.47619047619048
SBIN,Mar 2016,Public Sector Banks,free_cash_flow,11730.0,50.0
SBIN,Mar 2017,Public Sector Banks,free_cash_flow,72834.0,99.70238095238095
SBIN,Mar 2018,Public Sector Banks,free_cash_flow,-109561.0,0.2976190476190476
SBIN,Mar 2019,Public Sector Banks,free_cash_flow,29336.0,91.07142857142857
SBIN,Mar 2020,Public Sector Banks,free_cash_flow,23374.0,90.77380952380952
SBIN,Mar 2021,Public Sector Banks,free_cash_flow,86249.0,100.0
SBIN,Mar 2022,Public Sector Banks,free_cash_flow,55043.0,99.10714285714286
SBIN,Mar 2023,Public Sector Banks,free_cash_flow,-86980.0,0.5952380952380952
SBIN,Mar 2024,Public Sector Banks,free_cash_flow,18156.0,66.66666666666666
SBIN,TTM,Public Sector Banks,free_cash_flow,,
BANKBARODA,Mar 2013,Public Sector Banks,cfo_quality_score,4.803478981155519,67.55952380952381
BANKBARODA,Mar 2014,Public Sector Banks,cfo_quality_score,8.386219221604447,83.03571428571429
BANKBARODA,Mar 2015,Public Sector Banks,cfo_quality_score,4.5159493670886075,59.82142857142857
BANKBARODA,Mar 2016,Public Sector Banks,cfo_quality_score,1.9890721239817206,50.595238095238095
BANKBARODA,Mar 2017,Public Sector Banks,cfo_quality_score,9.630727762803234,83.63095238095238
BANKBARODA,Mar 2018,Public Sector Banks,cfo_quality_score,32.5119825708061,100.0
BANKBARODA,Mar 2019,Public Sector Banks,cfo_quality_score,-1.2427101200686106,24.107142857142858
BANKBARODA,Mar 2020,Public Sector Banks,cfo_quality_score,18.889908256880734,98.80952380952381
BANKBARODA,Mar 2021,Public Sector Banks,cfo_quality_score,-0.5475308641975308,24.404761904761905
BANKBARODA,Mar 2022,Public Sector Banks,cfo_quality_score,0.7828060002521114,40.476190476190474
BANKBARODA,Mar 2023,Public Sector Banks,cfo_quality_score,-1.423125624791736,23.809523809523807
BANKBARODA,Mar 2024,Public Sector Banks,cfo_quality_score,-0.3325030473263024,24.702380952380953
BANKBARODA,TTM,Public Sector Banks,cfo_quality_score,,
CANBK,Mar 2013,Public Sector Banks,cfo_quality_score,2.674457429048414,51.19047619047619
CANBK,Mar 2014,Public Sector Banks,cfo_quality_score,5.330838323353293,75.29761904761905
CANBK,Mar 2015,Public Sector Banks,cfo_quality_score,2.1644489935175706,50.89285714285714
CANBK,Mar 2016,Public Sector Banks,cfo_quality_score,-3.686785009861933,15.476190476190476
CANBK,Mar 2017,Public Sector Banks,cfo_quality_score,1.824946846208363,50.297619047619044
CANBK,Mar 2018,Public Sector Banks,cfo_quality_score,2.871159308029951,51.78571428571429
CANBK,Mar 2019,Public Sector Banks,cfo_quality_score,26.20258620689655,99.70238095238095
CANBK,Mar 2020,Public Sector Banks,cfo_quality_score,2.7532535137948986,51.488095238095234
CANBK,Mar 2021,Public Sector Banks,cfo_quality_score,19.99256002705445,99.10714285714286
CANBK,Mar 2022,Public Sector Banks,cfo_quality_score,0.14923676518350112,39.88095238095239
CANBK,Mar 2023,Public Sector Banks,cfo_quality_score,-3.523843102688409,15.773809523809524
CANBK,Mar 2024,Public Sector Banks,cfo_quality_score,0.9769495487306019,40.773809523809526
CANBK,TTM,Public Sector Banks,cfo_quality_score,,
PNB,Mar 2013,Public Sector Banks,cfo_quality_score,-0.13784860557768924,28.57142857142857
PNB,Mar 2013,Public Sector Banks,cfo_quality_score,-0.13784860557768924,28.57142857142857
PNB,Mar 2013,Public Sector Banks,cfo_quality_score,-0.13784860557768924,28.57142857142857
PNB,Mar 2013,Public Sector Banks,cfo_quality_score,-0.13784860557768924,28.57142857142857
PNB,Mar 2013,Public Sector Banks,cfo_quality_score,-0.13784860557768924,28.57142857142857
PNB,Mar 2013,Public Sector Banks,cfo_quality_score,-0.13784860557768924,28.57142857142857
PNB,Mar 2013,Public Sector Banks,cfo_quality_score,-0.13784860557768924,28.57142857142857
PNB,Mar 2013,Public Sector Banks,cfo_quality_score,-0.13784860557768924,28.57142857142857
PNB,Mar 2013,Public Sector Banks,cfo_quality_score,-0.13784860557768924,28.57142857142857
PNB,Mar 2013,Public Sector Banks,cfo_quality_score,-0.13784860557768924,28.57142857142857
PNB,Mar 2013,Public Sector Banks,cfo_quality_score,-0.13784860557768924,28.57142857142857
PNB,Mar 2013,Public Sector Banks,cfo_quality_score,-0.13784860557768924,28.57142857142857
PNB,Mar 2013,Public Sector Banks,cfo_quality_score,-0.13784860557768924,28.57142857142857
PNB,Mar 2013,Public Sector Banks,cfo_quality_score,-0.13784860557768924,28.57142857142857
PNB,Mar 2013,Public Sector Banks,cfo_quality_score,-0.13784860557768924,28.57142857142857
PNB,Mar 2013,Public Sector Banks,cfo_quality_score,-0.13784860557768924,28.57142857142857
PNB,Mar 2013,Public Sector Banks,cfo_quality_score,-0.13784860557768924,28.57142857142857
PNB,Mar 2013,Public Sector Banks,cfo_quality_score,-0.13784860557768924,28.57142857142857
PNB,Mar 2013,Public Sector Banks,cfo_quality_score,-0.13784860557768924,28.57142857142857
PNB,Mar 2013,Public Sector Banks,cfo_quality_score,-0.13784860557768924,28.57142857142857
PNB,Mar 2013,Public Sector Banks,cfo_quality_score,-0.13784860557768924,28.57142857142857
PNB,Mar 2013,Public Sector Banks,cfo_quality_score,-0.13784860557768924,28.57142857142857
PNB,Mar 2013,Public Sector Banks,cfo_quality_score,-0.13784860557768924,28.57142857142857
PNB,Mar 2013,Public Sector Banks,cfo_quality_score,-0.13784860557768924,28.57142857142857
PNB,Mar 2013,Public Sector Banks,cfo_quality_score,-0.13784860557768924,28.57142857142857
PNB,Mar 2014,Public Sector Banks,cfo_quality_score,4.601524224278715,63.69047619047619
PNB,Mar 2014,Public Sector Banks,cfo_quality_score,4.601524224278715,63.69047619047619
PNB,Mar 2014,Public Sector Banks,cfo_quality_score,4.601524224278715,63.69047619047619
PNB,Mar 2014,Public Sector Banks,cfo_quality_score,4.601524224278715,63.69047619047619
PNB,Mar 2014,Public Sector Banks,cfo_quality_score,4.601524224278715,63.69047619047619
PNB,Mar 2014,Public Sector Banks,cfo_quality_score,4.601524224278715,63.69047619047619
PNB,Mar 2014,Public Sector Banks,cfo_quality_score,4.601524224278715,63.69047619047619
PNB,Mar 2014,Public Sector Banks,cfo_quality_score,4.601524224278715,63.69047619047619
PNB,Mar 2014,Public Sector Banks,cfo_quality_score,4.601524224278715,63.69047619047619
PNB,Mar 2014,Public Sector Banks,cfo_quality_score,4.601524224278715,63.69047619047619
PNB,Mar 2014,Public Sector Banks,cfo_quality_score,4.601524224278715,63.69047619047619
PNB,Mar 2014,Public Sector Banks,cfo_quality_score,4.601524224278715,63.69047619047619
PNB,Mar 2014,Public Sector Banks,cfo_quality_score,4.601524224278715,63.69047619047619
PNB,Mar 2014,Public Sector Banks,cfo_quality_score,4.601524224278715,63.69047619047619
PNB,Mar 2014,Public Sector Banks,cfo_quality_score,4.601524224278715,63.69047619047619
PNB,Mar 2014,Public Sector Banks,cfo_quality_score,4.601524224278715,63.69047619047619
PNB,Mar 2014,Public Sector Banks,cfo_quality_score,4.601524224278715,63.69047619047619
PNB,Mar 2014,Public Sector Banks,cfo_quality_score,4.601524224278715,63.69047619047619
PNB,Mar 2014,Public Sector Banks,cfo_quality_score,4.601524224278715,63.69047619047619
PNB,Mar 2014,Public Sector Banks,cfo_quality_score,4.601524224278715,63.69047619047619
PNB,Mar 2014,Public Sector Banks,cfo_quality_score,4.601524224278715,63.69047619047619
PNB,Mar 2014,Public Sector Banks,cfo_quality_score,4.601524224278715,63.69047619047619
PNB,Mar 2014,Public Sector Banks,cfo_quality_score,4.601524224278715,63.69047619047619
PNB,Mar 2014,Public Sector Banks,cfo_quality_score,4.601524224278715,63.69047619047619
PNB,Mar 2014,Public Sector Banks,cfo_quality_score,4.601524224278715,63.69047619047619
PNB,Mar 2015,Public Sector Banks,cfo_quality_score,1.3656737588652483,45.83333333333333
PNB,Mar 2015,Public Sector Banks,cfo_quality_score,1.3656737588652483,45.83333333333333
PNB,Mar 2015,Public Sector Banks,cfo_quality_score,1.3656737588652483,45.83333333333333
PNB,Mar 2015,Public Sector Banks,cfo_quality_score,1.3656737588652483,45.83333333333333
PNB,Mar 2015,Public Sector Banks,cfo_quality_score,1.3656737588652483,45.83333333333333
PNB,Mar 2015,Public Sector Banks,cfo_quality_score,1.3656737588652483,45.83333333333333
PNB,Mar 2015,Public Sector Banks,cfo_quality_score,1.3656737588652483,45.83333333333333
PNB,Mar 2015,Public Sector Banks,cfo_quality_score,1.3656737588652483,45.83333333333333
PNB,Mar 2015,Public Sector Banks,cfo_quality_score,1.3656737588652483,45.83333333333333
PNB,Mar 2015,Public Sector Banks,cfo_quality_score,1.3656737588652483,45.83333333333333
PNB,Mar 2015,Public Sector Banks,cfo_quality_score,1.3656737588652483,45.83333333333333
PNB,Mar 2015,Public Sector Banks,cfo_quality_score,1.3656737588652483,45.83333333333333
PNB,Mar 2015,Public Sector Banks,cfo_quality_score,1.3656737588652483,45.83333333333333
PNB,Mar 2015,Public Sector Banks,cfo_quality_score,1.3656737588652483,45.83333333333333
PNB,Mar 2015,Public Sector Banks,cfo_quality_score,1.3656737588652483,45.83333333333333
PNB,Mar 2015,Public Sector Banks,cfo_quality_score,1.3656737588652483,45.83333333333333
PNB,Mar 2015,Public Sector Banks,cfo_quality_score,1.3656737588652483,45.83333333333333
PNB,Mar 2015,Public Sector Banks,cfo_quality_score,1.3656737588652483,45.83333333333333
PNB,Mar 2015,Public Sector Banks,cfo_quality_score,1.3656737588652483,45.83333333333333
PNB,Mar 2015,Public Sector Banks,cfo_quality_score,1.3656737588652483,45.83333333333333
PNB,Mar 2015,Public Sector Banks,cfo_quality_score,1.3656737588652483,45.83333333333333
PNB,Mar 2015,Public Sector Banks,cfo_quality_score,1.3656737588652483,45.83333333333333
PNB,Mar 2015,Public Sector Banks,cfo_quality_score,1.3656737588652483,45.83333333333333
PNB,Mar 2015,Public Sector Banks,cfo_quality_score,1.3656737588652483,45.83333333333333
PNB,Mar 2015,Public Sector Banks,cfo_quality_score,1.3656737588652483,45.83333333333333
PNB,Mar 2016,Public Sector Banks,cfo_quality_score,-4.036182336182336,11.607142857142858
PNB,Mar 2016,Public Sector Banks,cfo_quality_score,-4.036182336182336,11.607142857142858
PNB,Mar 2016,Public Sector Banks,cfo_quality_score,-4.036182336182336,11.607142857142858
PNB,Mar 2016,Public Sector Banks,cfo_quality_score,-4.036182336182336,11.607142857142858
PNB,Mar 2016,Public Sector Banks,cfo_quality_score,-4.036182336182336,11.607142857142858
PNB,Mar 2016,Public Sector Banks,cfo_quality_score,-4.036182336182336,11.607142857142858
PNB,Mar 2016,Public Sector Banks,cfo_quality_score,-4.036182336182336,11.607142857142858
PNB,Mar 2016,Public Sector Banks,cfo_quality_score,-4.036182336182336,11.607142857142858
PNB,Mar 2016,Public Sector Banks,cfo_quality_score,-4.036182336182336,11.607142857142858
PNB,Mar 2016,Public Sector Banks,cfo_quality_score,-4.036182336182336,11.607142857142858
PNB,Mar 2016,Public Sector Banks,cfo_quality_score,-4.036182336182336,11.607142857142858
PNB,Mar 2016,Public Sector Banks,cfo_quality_score,-4.036182336182336,11.607142857142858
PNB,Mar 2016,Public Sector Banks,cfo_quality_score,-4.036182336182336,11.607142857142858
PNB,Mar 2016,Public Sector Banks,cfo_quality_score,-4.036182336182336,11.607142857142858
PNB,Mar 2016,Public Sector Banks,cfo_quality_score,-4.036182336182336,11.607142857142858
PNB,Mar 2016,Public Sector Banks,cfo_quality_score,-4.036182336182336,11.607142857142858
PNB,Mar 2016,Public Sector Banks,cfo_quality_score,-4.036182336182336,11.607142857142858
PNB,Mar 2016,Public Sector Banks,cfo_quality_score,-4.036182336182336,11.607142857142858
PNB,Mar 2016,Public Sector Banks,cfo_quality_score,-4.036182336182336,11.607142857142858
PNB,Mar 2016,Public Sector Banks,cfo_quality_score,-4.036182336182336,11.607142857142858
PNB,Mar 2016,Public Sector Banks,cfo_quality_score,-4.036182336182336,11.607142857142858
PNB,Mar 2016,Public Sector Banks,cfo_quality_score,-4.036182336182336,11.607142857142858
PNB,Mar 2016,Public Sector Banks,cfo_quality_score,-4.036182336182336,11.607142857142858
PNB,Mar 2016,Public Sector Banks,cfo_quality_score,-4.036182336182336,11.607142857142858
PNB,Mar 2016,Public Sector Banks,cfo_quality_score,-4.036182336182336,11.607142857142858
PNB,Mar 2017,Public Sector Banks,cfo_quality_score,17.706214689265536,94.94047619047619
PNB,Mar 2017,Public Sector Banks,cfo_quality_score,17.706214689265536,94.94047619047619
PNB,Mar 2017,Public Sector Banks,cfo_quality_score,17.706214689265536,94.94047619047619
PNB,Mar 2017,Public Sector Banks,cfo_quality_score,17.706214689265536,94.94047619047619
PNB,Mar 2017,Public Sector Banks,cfo_quality_score,17.706214689265536,94.94047619047619
PNB,Mar 2017,Public Sector Banks,cfo_quality_score,17.706214689265536,94.94047619047619
PNB,Mar 2017,Public Sector Banks,cfo_quality_score,17.706214689265536,94.94047619047619
PNB,Mar 2017,Public Sector Banks,cfo_quality_score,17.706214689265536,94.94047619047619
PNB,Mar 2017,Public Sector Banks,cfo_quality_score,17.706214689265536,94.94047619047619
PNB,Mar 2017,Public Sector Banks,cfo_quality_score,17.706214689265536,94.94047619047619
PNB,Mar 2017,Public Sector Banks,cfo_quality_score,17.706214689265536,94.94047619047619
PNB,Mar 2017,Public Sector Banks,cfo_quality_score,17.706214689265536,94.94047619047619
PNB,Mar 2017,Public Sector Banks,cfo_quality_score,17.706214689265536,94.94047619047619
PNB,Mar 2017,Public Sector Banks,cfo_quality_score,17.706214689265536,94.94047619047619
PNB,Mar 2017,Public Sector Banks,cfo_quality_score,17.706214689265536,94.94047619047619
PNB,Mar 2017,Public Sector Banks,cfo_quality_score,17.706214689265536,94.94047619047619
PNB,Mar 2017,Public Sector Banks,cfo_quality_score,17.706214689265536,94.94047619047619
PNB,Mar 2017,Public Sector Banks,cfo_quality_score,17.706214689265536,94.94047619047619
PNB,Mar 2017,Public Sector Banks,cfo_quality_score,17.706214689265536,94.94047619047619
PNB,Mar 2017,Public Sector Banks,cfo_quality_score,17.706214689265536,94.94047619047619
PNB,Mar 2017,Public Sector Banks,cfo_quality_score,17.706214689265536,94.94047619047619
PNB,Mar 2017,Public Sector Banks,cfo_quality_score,17.706214689265536,94.94047619047619
PNB,Mar 2017,Public Sector Banks,cfo_quality_score,17.706214689265536,94.94047619047619
PNB,Mar 2017,Public Sector Banks,cfo_quality_score,17.706214689265536,94.94047619047619
PNB,Mar 2017,Public Sector Banks,cfo_quality_score,17.706214689265536,94.94047619047619
PNB,Mar 2018,Public Sector Banks,cfo_quality_score,0.14383618198332096,36.01190476190476
PNB,Mar 2018,Public Sector Banks,cfo_quality_score,0.14383618198332096,36.01190476190476
PNB,Mar 2018,Public Sector Banks,cfo_quality_score,0.14383618198332096,36.01190476190476
PNB,Mar 2018,Public Sector Banks,cfo_quality_score,0.14383618198332096,36.01190476190476
PNB,Mar 2018,Public Sector Banks,cfo_quality_score,0.14383618198332096,36.01190476190476
PNB,Mar 2018,Public Sector Banks,cfo_quality_score,0.14383618198332096,36.01190476190476
PNB,Mar 2018,Public Sector Banks,cfo_quality_score,0.14383618198332096,36.01190476190476
PNB,Mar 2018,Public Sector Banks,cfo_quality_score,0.14383618198332096,36.01190476190476
PNB,Mar 2018,Public Sector Banks,cfo_quality_score,0.14383618198332096,36.01190476190476
PNB,Mar 2018,Public Sector Banks,cfo_quality_score,0.14383618198332096,36.01190476190476
PNB,Mar 2018,Public Sector Banks,cfo_quality_score,0.14383618198332096,36.01190476190476
PNB,Mar 2018,Public Sector Banks,cfo_quality_score,0.14383618198332096,36.01190476190476
PNB,Mar 2018,Public Sector Banks,cfo_quality_score,0.14383618198332096,36.01190476190476
PNB,Mar 2018,Public Sector Banks,cfo_quality_score,0.14383618198332096,36.01190476190476
PNB,Mar 2018,Public Sector Banks,cfo_quality_score,0.14383618198332096,36.01190476190476
PNB,Mar 2018,Public Sector Banks,cfo_quality_score,0.14383618198332096,36.01190476190476
PNB,Mar 2018,Public Sector Banks,cfo_quality_score,0.14383618198332096,36.01190476190476
PNB,Mar 2018,Public Sector Banks,cfo_quality_score,0.14383618198332096,36.01190476190476
PNB,Mar 2018,Public Sector Banks,cfo_quality_score,0.14383618198332096,36.01190476190476
PNB,Mar 2018,Public Sector Banks,cfo_quality_score,0.14383618198332096,36.01190476190476
PNB,Mar 2018,Public Sector Banks,cfo_quality_score,0.14383618198332096,36.01190476190476
PNB,Mar 2018,Public Sector Banks,cfo_quality_score,0.14383618198332096,36.01190476190476
PNB,Mar 2018,Public Sector Banks,cfo_quality_score,0.14383618198332096,36.01190476190476
PNB,Mar 2018,Public Sector Banks,cfo_quality_score,0.14383618198332096,36.01190476190476
PNB,Mar 2018,Public Sector Banks,cfo_quality_score,0.14383618198332096,36.01190476190476
PNB,Mar 2019,Public Sector Banks,cfo_quality_score,3.5112041884816754,55.654761904761905
PNB,Mar 2019,Public Sector Banks,cfo_quality_score,3.5112041884816754,55.654761904761905
PNB,Mar 2019,Public Sector Banks,cfo_quality_score,3.5112041884816754,55.654761904761905
PNB,Mar 2019,Public Sector Banks,cfo_quality_score,3.5112041884816754,55.654761904761905
PNB,Mar 2019,Public Sector Banks,cfo_quality_score,3.5112041884816754,55.654761904761905
PNB,Mar 2019,Public Sector Banks,cfo_quality_score,3.5112041884816754,55.654761904761905
PNB,Mar 2019,Public Sector Banks,cfo_quality_score,3.5112041884816754,55.654761904761905
PNB,Mar 2019,Public Sector Banks,cfo_quality_score,3.5112041884816754,55.654761904761905
PNB,Mar 2019,Public Sector Banks,cfo_quality_score,3.5112041884816754,55.654761904761905
PNB,Mar 2019,Public Sector Banks,cfo_quality_score,3.5112041884816754,55.654761904761905
PNB,Mar 2019,Public Sector Banks,cfo_quality_score,3.5112041884816754,55.654761904761905
PNB,Mar 2019,Public Sector Banks,cfo_quality_score,3.5112041884816754,55.654761904761905
PNB,Mar 2019,Public Sector Banks,cfo_quality_score,3.5112041884816754,55.654761904761905
PNB,Mar 2019,Public Sector Banks,cfo_quality_score,3.5112041884816754,55.654761904761905
PNB,Mar 2019,Public Sector Banks,cfo_quality_score,3.5112041884816754,55.654761904761905
PNB,Mar 2019,Public Sector Banks,cfo_quality_score,3.5112041884816754,55.654761904761905
PNB,Mar 2019,Public Sector Banks,cfo_quality_score,3.5112041884816754,55.654761904761905
PNB,Mar 2019,Public Sector Banks,cfo_quality_score,3.5112041884816754,55.654761904761905
PNB,Mar 2019,Public Sector Banks,cfo_quality_score,3.5112041884816754,55.654761904761905
PNB,Mar 2019,Public Sector Banks,cfo_quality_score,3.5112041884816754,55.654761904761905
PNB,Mar 2019,Public Sector Banks,cfo_quality_score,3.5112041884816754,55.654761904761905
PNB,Mar 2019,Public Sector Banks,cfo_quality_score,3.5112041884816754,55.654761904761905
PNB,Mar 2019,Public Sector Banks,cfo_quality_score,3.5112041884816754,55.654761904761905
PNB,Mar 2019,Public Sector Banks,cfo_quality_score,3.5112041884816754,55.654761904761905
PNB,Mar 2019,Public Sector Banks,cfo_quality_score,3.5112041884816754,55.654761904761905
PNB,Mar 2020,Public Sector Banks,cfo_quality_score,-26.377319587628865,4.166666666666666
PNB,Mar 2020,Public Sector Banks,cfo_quality_score,-26.377319587628865,4.166666666666666
PNB,Mar 2020,Public Sector Banks,cfo_quality_score,-26.377319587628865,4.166666666666666
PNB,Mar 2020,Public Sector Banks,cfo_quality_score,-26.377319587628865,4.166666666666666
PNB,Mar 2020,Public Sector Banks,cfo_quality_score,-26.377319587628865,4.166666666666666
PNB,Mar 2020,Public Sector Banks,cfo_quality_score,-26.377319587628865,4.166666666666666
PNB,Mar 2020,Public Sector Banks,cfo_quality_score,-26.377319587628865,4.166666666666666
PNB,Mar 2020,Public Sector Banks,cfo_quality_score,-26.377319587628865,4.166666666666666
PNB,Mar 2020,Public Sector Banks,cfo_quality_score,-26.377319587628865,4.166666666666666
PNB,Mar 2020,Public Sector Banks,cfo_quality_score,-26.377319587628865,4.166666666666666
PNB,Mar 2020,Public Sector Banks,cfo_quality_score,-26.377319587628865,4.166666666666666
PNB,Mar 2020,Public Sector Banks,cfo_quality_score,-26.377319587628865,4.166666666666666
PNB,Mar 2020,Public Sector Banks,cfo_quality_score,-26.377319587628865,4.166666666666666
PNB,Mar 2020,Public Sector Banks,cfo_quality_score,-26.377319587628865,4.166666666666666
PNB,Mar 2020,Public Sector Banks,cfo_quality_score,-26.377319587628865,4.166666666666666
PNB,Mar 2020,Public Sector Banks,cfo_quality_score,-26.377319587628865,4.166666666666666
PNB,Mar 2020,Public Sector Banks,cfo_quality_score,-26.377319587628865,4.166666666666666
PNB,Mar 2020,Public Sector Banks,cfo_quality_score,-26.377319587628865,4.166666666666666
PNB,Mar 2020,Public Sector Banks,cfo_quality_score,-26.377319587628865,4.166666666666666
PNB,Mar 2020,Public Sector Banks,cfo_quality_score,-26.377319587628865,4.166666666666666
PNB,Mar 2020,Public Sector Banks,cfo_quality_score,-26.377319587628865,4.166666666666666
PNB,Mar 2020,Public Sector Banks,cfo_quality_score,-26.377319587628865,4.166666666666666
PNB,Mar 2020,Public Sector Banks,cfo_quality_score,-26.377319587628865,4.166666666666666
PNB,Mar 2020,Public Sector Banks,cfo_quality_score,-26.377319587628865,4.166666666666666
PNB,Mar 2020,Public Sector Banks,cfo_quality_score,-26.377319587628865,4.166666666666666
PNB,Mar 2021,Public Sector Banks,cfo_quality_score,11.484230055658626,87.5
PNB,Mar 2021,Public Sector Banks,cfo_quality_score,11.484230055658626,87.5
PNB,Mar 2021,Public Sector Banks,cfo_quality_score,11.484230055658626,87.5
PNB,Mar 2021,Public Sector Banks,cfo_quality_score,11.484230055658626,87.5
PNB,Mar 2021,Public Sector Banks,cfo_quality_score,11.484230055658626,87.5
PNB,Mar 2021,Public Sector Banks,cfo_quality_score,11.484230055658626,87.5
PNB,Mar 2021,Public Sector Banks,cfo_quality_score,11.484230055658626,87.5
PNB,Mar 2021,Public Sector Banks,cfo_quality_score,11.484230055658626,87.5
PNB,Mar 2021,Public Sector Banks,cfo_quality_score,11.484230055658626,87.5
PNB,Mar 2021,Public Sector Banks,cfo_quality_score,11.484230055658626,87.5
PNB,Mar 2021,Public Sector Banks,cfo_quality_score,11.484230055658626,87.5
PNB,Mar 2021,Public Sector Banks,cfo_quality_score,11.484230055658626,87.5
PNB,Mar 2021,Public Sector Banks,cfo_quality_score,11.484230055658626,87.5
PNB,Mar 2021,Public Sector Banks,cfo_quality_score,11.484230055658626,87.5
PNB,Mar 2021,Public Sector Banks,cfo_quality_score,11.484230055658626,87.5
PNB,Mar 2021,Public Sector Banks,cfo_quality_score,11.484230055658626,87.5
PNB,Mar 2021,Public Sector Banks,cfo_quality_score,11.484230055658626,87.5
PNB,Mar 2021,Public Sector Banks,cfo_quality_score,11.484230055658626,87.5
PNB,Mar 2021,Public Sector Banks,cfo_quality_score,11.484230055658626,87.5
PNB,Mar 2021,Public Sector Banks,cfo_quality_score,11.484230055658626,87.5
PNB,Mar 2021,Public Sector Banks,cfo_quality_score,11.484230055658626,87.5
PNB,Mar 2021,Public Sector Banks,cfo_quality_score,11.484230055658626,87.5
PNB,Mar 2021,Public Sector Banks,cfo_quality_score,11.484230055658626,87.5
PNB,Mar 2021,Public Sector Banks,cfo_quality_score,11.484230055658626,87.5
PNB,Mar 2021,Public Sector Banks,cfo_quality_score,11.484230055658626,87.5
PNB,Mar 2022,Public Sector Banks,cfo_quality_score,5.12589559877175,71.42857142857143
PNB,Mar 2022,Public Sector Banks,cfo_quality_score,5.12589559877175,71.42857142857143
PNB,Mar 2022,Public Sector Banks,cfo_quality_score,5.12589559877175,71.42857142857143
PNB,Mar 2022,Public Sector Banks,cfo_quality_score,5.12589559877175,71.42857142857143
PNB,Mar 2022,Public Sector Banks,cfo_quality_score,5.12589559877175,71.42857142857143
PNB,Mar 2022,Public Sector Banks,cfo_quality_score,5.12589559877175,71.42857142857143
PNB,Mar 2022,Public Sector Banks,cfo_quality_score,5.12589559877175,71.42857142857143
PNB,Mar 2022,Public Sector Banks,cfo_quality_score,5.12589559877175,71.42857142857143
PNB,Mar 2022,Public Sector Banks,cfo_quality_score,5.12589559877175,71.42857142857143
PNB,Mar 2022,Public Sector Banks,cfo_quality_score,5.12589559877175,71.42857142857143
PNB,Mar 2022,Public Sector Banks,cfo_quality_score,5.12589559877175,71.42857142857143
PNB,Mar 2022,Public Sector Banks,cfo_quality_score,5.12589559877175,71.42857142857143
PNB,Mar 2022,Public Sector Banks,cfo_quality_score,5.12589559877175,71.42857142857143
PNB,Mar 2022,Public Sector Banks,cfo_quality_score,5.12589559877175,71.42857142857143
PNB,Mar 2022,Public Sector Banks,cfo_quality_score,5.12589559877175,71.42857142857143
PNB,Mar 2022,Public Sector Banks,cfo_quality_score,5.12589559877175,71.42857142857143
PNB,Mar 2022,Public Sector Banks,cfo_quality_score,5.12589559877175,71.42857142857143
PNB,Mar 2022,Public Sector Banks,cfo_quality_score,5.12589559877175,71.42857142857143
PNB,Mar 2022,Public Sector Banks,cfo_quality_score,5.12589559877175,71.42857142857143
PNB,Mar 2022,Public Sector Banks,cfo_quality_score,5.12589559877175,71.42857142857143
PNB,Mar 2022,Public Sector Banks,cfo_quality_score,5.12589559877175,71.42857142857143
PNB,Mar 2022,Public Sector Banks,cfo_quality_score,5.12589559877175,71.42857142857143
PNB,Mar 2022,Public Sector Banks,cfo_quality_score,5.12589559877175,71.42857142857143
PNB,Mar 2022,Public Sector Banks,cfo_quality_score,5.12589559877175,71.42857142857143
PNB,Mar 2022,Public Sector Banks,cfo_quality_score,5.12589559877175,71.42857142857143
PNB,Mar 2023,Public Sector Banks,cfo_quality_score,6.725811253349211,79.16666666666666
PNB,Mar 2023,Public Sector Banks,cfo_quality_score,6.725811253349211,79.16666666666666
PNB,Mar 2023,Public Sector Banks,cfo_quality_score,6.725811253349211,79.16666666666666
PNB,Mar 2023,Public Sector Banks,cfo_quality_score,6.725811253349211,79.16666666666666
PNB,Mar 2023,Public Sector Banks,cfo_quality_score,6.725811253349211,79.16666666666666
PNB,Mar 2023,Public Sector Banks,cfo_quality_score,6.725811253349211,79.16666666666666
PNB,Mar 2023,Public Sector Banks,cfo_quality_score,6.725811253349211,79.16666666666666
PNB,Mar 2023,Public Sector Banks,cfo_quality_score,6.725811253349211,79.16666666666666
PNB,Mar 2023,Public Sector Banks,cfo_quality_score,6.725811253349211,79.16666666666666
PNB,Mar 2023,Public Sector Banks,cfo_quality_score,6.725811253349211,79.16666666666666
PNB,Mar 2023,Public Sector Banks,cfo_quality_score,6.725811253349211,79.16666666666666
PNB,Mar 2023,Public Sector Banks,cfo_quality_score,6.725811253349211,79.16666666666666
PNB,Mar 2023,Public Sector Banks,cfo_quality_score,6.725811253349211,79.16666666666666
PNB,Mar 2023,Public Sector Banks,cfo_quality_score,6.725811253349211,79.16666666666666
PNB,Mar 2023,Public Sector Banks,cfo_quality_score,6.725811253349211,79.16666666666666
PNB,Mar 2023,Public Sector Banks,cfo_quality_score,6.725811253349211,79.16666666666666
PNB,Mar 2023,Public Sector Banks,cfo_quality_score,6.725811253349211,79.16666666666666
PNB,Mar 2023,Public Sector Banks,cfo_quality_score,6.725811253349211,79.16666666666666
PNB,Mar 2023,Public Sector Banks,cfo_quality_score,6.725811253349211,79.16666666666666
PNB,Mar 2023,Public Sector Banks,cfo_quality_score,6.725811253349211,79.16666666666666
PNB,Mar 2023,Public Sector Banks,cfo_quality_score,6.725811253349211,79.16666666666666
PNB,Mar 2023,Public Sector Banks,cfo_quality_score,6.725811253349211,79.16666666666666
PNB,Mar 2023,Public Sector Banks,cfo_quality_score,6.725811253349211,79.16666666666666
PNB,Mar 2023,Public Sector Banks,cfo_quality_score,6.725811253349211,79.16666666666666
PNB,Mar 2023,Public Sector Banks,cfo_quality_score,6.725811253349211,79.16666666666666
PNB,Mar 2024,Public Sector Banks,cfo_quality_score,-3.0511084416293546,19.642857142857142
PNB,Mar 2024,Public Sector Banks,cfo_quality_score,-3.0511084416293546,19.642857142857142
PNB,Mar 2024,Public Sector Banks,cfo_quality_score,-3.0511084416293546,19.642857142857142
PNB,Mar 2024,Public Sector Banks,cfo_quality_score,-3.0511084416293546,19.642857142857142
PNB,Mar 2024,Public Sector Banks,cfo_quality_score,-3.0511084416293546,19.642857142857142
PNB,Mar 2024,Public Sector Banks,cfo_quality_score,-3.0511084416293546,19.642857142857142
PNB,Mar 2024,Public Sector Banks,cfo_quality_score,-3.0511084416293546,19.642857142857142
PNB,Mar 2024,Public Sector Banks,cfo_quality_score,-3.0511084416293546,19.642857142857142
PNB,Mar 2024,Public Sector Banks,cfo_quality_score,-3.0511084416293546,19.642857142857142
PNB,Mar 2024,Public Sector Banks,cfo_quality_score,-3.0511084416293546,19.642857142857142
PNB,Mar 2024,Public Sector Banks,cfo_quality_score,-3.0511084416293546,19.642857142857142
PNB,Mar 2024,Public Sector Banks,cfo_quality_score,-3.0511084416293546,19.642857142857142
PNB,Mar 2024,Public Sector Banks,cfo_quality_score,-3.0511084416293546,19.642857142857142
PNB,Mar 2024,Public Sector Banks,cfo_quality_score,-3.0511084416293546,19.642857142857142
PNB,Mar 2024,Public Sector Banks,cfo_quality_score,-3.0511084416293546,19.642857142857142
PNB,Mar 2024,Public Sector Banks,cfo_quality_score,-3.0511084416293546,19.642857142857142
PNB,Mar 2024,Public Sector Banks,cfo_quality_score,-3.0511084416293546,19.642857142857142
PNB,Mar 2024,Public Sector Banks,cfo_quality_score,-3.0511084416293546,19.642857142857142
PNB,Mar 2024,Public Sector Banks,cfo_quality_score,-3.0511084416293546,19.642857142857142
PNB,Mar 2024,Public Sector Banks,cfo_quality_score,-3.0511084416293546,19.642857142857142
PNB,Mar 2024,Public Sector Banks,cfo_quality_score,-3.0511084416293546,19.642857142857142
PNB,Mar 2024,Public Sector Banks,cfo_quality_score,-3.0511084416293546,19.642857142857142
PNB,Mar 2024,Public Sector Banks,cfo_quality_score,-3.0511084416293546,19.642857142857142
PNB,Mar 2024,Public Sector Banks,cfo_quality_score,-3.0511084416293546,19.642857142857142
PNB,Mar 2024,Public Sector Banks,cfo_quality_score,-3.0511084416293546,19.642857142857142
PNB,TTM,Public Sector Banks,cfo_quality_score,,
SBIN,Mar 2013,Public Sector Banks,cfo_quality_score,1.3113446510374562,41.964285714285715
SBIN,Mar 2014,Public Sector Banks,cfo_quality_score,1.2927669345579793,41.66666666666667
SBIN,Mar 2015,Public Sector Banks,cfo_quality_score,1.4747083894122925,49.702380952380956
SBIN,Mar 2016,Public Sector Banks,cfo_quality_score,1.1119901682156847,41.07142857142857
SBIN,Mar 2017,Public Sector Banks,cfo_quality_score,-798.0,0.2976190476190476
SBIN,Mar 2018,Public Sector Banks,cfo_quality_score,25.742331288343557,99.40476190476191
SBIN,Mar 2019,Public Sector Banks,cfo_quality_score,8.820053715308863,83.33333333333334
SBIN,Mar 2020,Public Sector Banks,cfo_quality_score,1.1319299905392621,41.36904761904761
SBIN,Mar 2021,Public Sector Banks,cfo_quality_score,3.764191225720027,59.523809523809526
SBIN,Mar 2022,Public Sector Banks,cfo_quality_score,1.5516499475566792,50.0
SBIN,Mar 2023,Public Sector Banks,cfo_quality_score,-1.4894199134199133,23.511904761904763
SBIN,Mar 2024,Public Sector Banks,cfo_quality_score,0.31105934457817463,40.17857142857143
SBIN,TTM,Public Sector Banks,cfo_quality_score,,
HINDALCO,Mar 2013,Steel,return_on_equity_pct,8.511180300028306,54.166666666666664
HINDALCO,Mar 2014,Steel,return_on_equity_pct,5.405871342724855,39.58333333333333
HINDALCO,Mar 2015,Steel,return_on_equity_pct,0.6757285606198962,29.166666666666668
HINDALCO,Mar 2016,Steel,return_on_equity_pct,-1.7286808342978157,22.916666666666664
HINDALCO,Mar 2017,Steel,return_on_equity_pct,4.086063527215094,35.41666666666667
HINDALCO,Mar 2018,Steel,return_on_equity_pct,11.089841755997957,70.83333333333334
HINDALCO,Mar 2019,Steel,return_on_equity_pct,9.556355541642754,58.333333333333336
HINDALCO,Mar 2020,Steel,return_on_equity_pct,6.459522952140885,45.83333333333333
HINDALCO,Mar 2021,Steel,return_on_equity_pct,5.234996167315468,37.5
HINDALCO,Mar 2022,Steel,return_on_equity_pct,17.559565678914453,87.5
HINDALCO,Mar 2023,Steel,return_on_equity_pct,10.650169820475497,64.58333333333334
HINDALCO,Mar 2024,Steel,return_on_equity_pct,9.567011474761177,60.416666666666664
HINDALCO,TTM,Steel,return_on_equity_pct,,
JINDALSTEL,Mar 2013,Steel,return_on_equity_pct,13.890457368718238,81.25
JINDALSTEL,Mar 2014,Steel,return_on_equity_pct,8.385670057496682,52.083333333333336
JINDALSTEL,Mar 2015,Steel,return_on_equity_pct,-6.900484744796122,14.583333333333334
JINDALSTEL,Mar 2016,Steel,return_on_equity_pct,-9.517203107658158,8.333333333333332
JINDALSTEL,Mar 2017,Steel,return_on_equity_pct,-8.44564240790656,10.416666666666668
JINDALSTEL,Mar 2018,Steel,return_on_equity_pct,-5.3184136909659365,18.75
JINDALSTEL,Mar 2019,Steel,return_on_equity_pct,-7.517531556802244,12.5
JINDALSTEL,Mar 2020,Steel,return_on_equity_pct,-1.2446712512057752,25.0
JINDALSTEL,Mar 2021,Steel,return_on_equity_pct,13.411912619833414,79.16666666666666
JINDALSTEL,Mar 2022,Steel,return_on_equity_pct,18.992280701754385,89.58333333333334
JINDALSTEL,Mar 2023,Steel,return_on_equity_pct,10.267142045160957,62.5
JINDALSTEL,Mar 2024,Steel,return_on_equity_pct,13.410506363390198,77.08333333333334
JINDALSTEL,TTM,Steel,return_on_equity_pct,,
JSWSTEEL,Mar 2013,Steel,return_on_equity_pct,5.443891004980955,41.66666666666667
JSWSTEEL,Mar 2014,Steel,return_on_equity_pct,1.8985548313969962,33.33333333333333
JSWSTEEL,Mar 2015,Steel,return_on_equity_pct,7.7254374158815615,47.91666666666667
JSWSTEEL,Mar 2016,Steel,return_on_equity_pct,-2.536117262469683,20.833333333333336
JSWSTEEL,Mar 2017,Steel,return_on_equity_pct,15.30887093213229,83.33333333333334
JSWSTEEL,Mar 2018,Steel,return_on_equity_pct,21.83370240731481,93.75
JSWSTEEL,Mar 2019,Steel,return_on_equity_pct,21.623796522488863,91.66666666666666
JSWSTEEL,Mar 2020,Steel,return_on_equity_pct,10.707942839968306,66.66666666666666
JSWSTEEL,Mar 2021,Steel,return_on_equity_pct,16.835600034214355,85.41666666666666
JSWSTEEL,Mar 2022,Steel,return_on_equity_pct,31.112828209281247,97.91666666666666
JSWSTEEL,Mar 2023,Steel,return_on_equity_pct,6.300327269959662,43.75
JSWSTEEL,Mar 2024,Steel,return_on_equity_pct,11.5528718021347,72.91666666666666
JSWSTEEL,TTM,Steel,return_on_equity_pct,,
TATASTEEL,Mar 2013,Steel,return_on_equity_pct,-21.280580592297788,2.083333333333333
TATASTEEL,Mar 2014,Steel,return_on_equity_pct,9.042238231520773,56.25
TATASTEEL,Mar 2015,Steel,return_on_equity_pct,-12.564994098695333,4.166666666666666
TATASTEEL,Mar 2016,Steel,return_on_equity_pct,-1.136467575230952,27.083333333333332
TATASTEEL,Mar 2017,Steel,return_on_equity_pct,-11.023559586451254,6.25
TATASTEEL,Mar 2018,Steel,return_on_equity_pct,29.148527213287117,95.83333333333334
TATASTEEL,Mar 2019,Steel,return_on_equity_pct,13.234675371780922,75.0
TATASTEEL,Mar 2020,Steel,return_on_equity_pct,1.5956290094596066,31.25
TATASTEEL,Mar 2021,Steel,return_on_equity_pct,11.031937391398053,68.75
TATASTEEL,Mar 2022,Steel,return_on_equity_pct,36.48016916718366,100.0
TATASTEEL,Mar 2023,Steel,return_on_equity_pct,7.833569391358336,50.0
TATASTEEL,Mar 2024,Steel,return_on_equity_pct,-5.334926929972293,16.666666666666664
TATASTEEL,TTM,Steel,return_on_equity_pct,,
HINDALCO,Mar 2013,Steel,roce_calculated,78.55788298783065,79.16666666666666
HINDALCO,Mar 2014,Steel,roce_calculated,75.61788154897494,77.08333333333334
HINDALCO,Mar 2015,Steel,roce_calculated,89.36299708793318,89.58333333333334
HINDALCO,Mar 2016,Steel,roce_calculated,84.1162711143573,85.41666666666666
HINDALCO,Mar 2017,Steel,roce_calculated,79.96923805016564,81.25
HINDALCO,Mar 2018,Steel,roce_calculated,94.91423975459664,91.66666666666666
HINDALCO,Mar 2019,Steel,roce_calculated,104.65355362276647,93.75
HINDALCO,Mar 2020,Steel,roce_calculated,81.94545282363711,83.33333333333334
HINDALCO,Mar 2021,Steel,roce_calculated,85.5763838521299,87.5
HINDALCO,Mar 2022,Steel,roce_calculated,116.84574248126889,95.83333333333334
HINDALCO,Mar 2023,Steel,roce_calculated,129.29714952578064,100.0
HINDALCO,Mar 2024,Steel,roce_calculated,118.20777590429657,97.91666666666666
HINDALCO,TTM,Steel,roce_calculated,,
JINDALSTEL,Mar 2013,Steel,roce_calculated,13.311532592108133,37.5
JINDALSTEL,Mar 2014,Steel,roce_calculated,9.832479907762217,18.75
JINDALSTEL,Mar 2015,Steel,roce_calculated,8.211231835054026,12.5
JINDALSTEL,Mar 2016,Steel,roce_calculated,4.337839031716582,8.333333333333332
JINDALSTEL,Mar 2017,Steel,roce_calculated,6.204134332880989,10.416666666666668
JINDALSTEL,Mar 2018,Steel,roce_calculated,8.819719961279942,14.583333333333334
JINDALSTEL,Mar 2019,Steel,roce_calculated,11.741387973870806,27.083333333333332
JINDALSTEL,Mar 2020,Steel,roce_calculated,9.905598816722495,20.833333333333336
JINDALSTEL,Mar 2021,Steel,roce_calculated,17.712434183880113,56.25
JINDALSTEL,Mar 2022,Steel,roce_calculated,31.581411443808904,72.91666666666666
JINDALSTEL,Mar 2023,Steel,roce_calculated,19.210851754521567,64.58333333333334
JINDALSTEL,Mar 2024,Steel,roce_calculated,16.782917681121273,45.83333333333333
JINDALSTEL,TTM,Steel,roce_calculated,,
JSWSTEEL,Mar 2013,Steel,roce_calculated,16.831222538123548,47.91666666666667
JSWSTEEL,Mar 2014,Steel,roce_calculated,16.170790638613074,43.75
JSWSTEEL,Mar 2015,Steel,roce_calculated,15.339754930869537,41.66666666666667
JSWSTEEL,Mar 2016,Steel,roce_calculated,10.498610429949322,22.916666666666664
JSWSTEEL,Mar 2017,Steel,roce_calculated,18.653854897622043,60.416666666666664
JSWSTEEL,Mar 2018,Steel,roce_calculated,22.13351931266786,66.66666666666666
JSWSTEEL,Mar 2019,Steel,roce_calculated,23.031718801328612,68.75
JSWSTEEL,Mar 2020,Steel,roce_calculated,12.051376221664524,29.166666666666668
JSWSTEEL,Mar 2021,Steel,roce_calculated,18.485470336032833,58.333333333333336
JSWSTEEL,Mar 2022,Steel,roce_calculated,28.031877535224393,70.83333333333334
JSWSTEEL,Mar 2023,Steel,roce_calculated,12.60337909763354,33.33333333333333
JSWSTEEL,Mar 2024,Steel,roce_calculated,16.99757927716371,50.0
JSWSTEEL,TTM,Steel,roce_calculated,,
TATASTEEL,Mar 2013,Steel,roce_calculated,3.8607219014420506,6.25
TATASTEEL,Mar 2014,Steel,roce_calculated,13.24809063449055,35.41666666666667
TATASTEEL,Mar 2015,Steel,roce_calculated,3.0423917893797414,4.166666666666666
TATASTEEL,Mar 2016,Steel,roce_calculated,-0.4971404481422856,2.083333333333333
TATASTEEL,Mar 2017,Steel,roce_calculated,10.87782311123617,25.0
TATASTEEL,Mar 2018,Steel,roce_calculated,14.006848867453503,39.58333333333333
TATASTEEL,Mar 2019,Steel,roce_calculated,17.272197053157456,54.166666666666664
TATASTEEL,Mar 2020,Steel,roce_calculated,9.19569887943382,16.666666666666664
TATASTEEL,Mar 2021,Steel,roce_calculated,18.74400884846995,62.5
TATASTEEL,Mar 2022,Steel,roce_calculated,33.41508599818951,75.0
TATASTEEL,Mar 2023,Steel,roce_calculated,17.183136055326507,52.083333333333336
TATASTEEL,Mar 2024,Steel,roce_calculated,12.42093156986774,31.25
TATASTEEL,TTM,Steel,roce_calculated,,
HINDALCO,Mar 2013,Steel,operating_profit_margin_pct,7699.0,76.92307692307693
HINDALCO,Mar 2014,Steel,operating_profit_margin_pct,8024.0,80.76923076923077
HINDALCO,Mar 2015,Steel,operating_profit_margin_pct,8844.0,82.6923076923077
HINDALCO,Mar 2016,Steel,operating_profit_margin_pct,7778.0,78.84615384615384
HINDALCO,Mar 2017,Steel,operating_profit_margin_pct,12317.0,84.61538461538461
HINDALCO,Mar 2018,Steel,operating_profit_margin_pct,13695.0,86.53846153846155
HINDALCO,Mar 2019,Steel,operating_profit_margin_pct,15511.0,90.38461538461539
HINDALCO,Mar 2020,Steel,operating_profit_margin_pct,14306.0,88.46153846153845
HINDALCO,Mar 2021,Steel,operating_profit_margin_pct,17559.0,92.3076923076923
HINDALCO,Mar 2022,Steel,operating_profit_margin_pct,28347.0,100.0
HINDALCO,Mar 2023,Steel,operating_profit_margin_pct,22666.0,94.23076923076923
HINDALCO,Mar 2024,Steel,operating_profit_margin_pct,23872.0,96.15384615384616
HINDALCO,TTM,Steel,operating_profit_margin_pct,27931.0,98.07692307692307
JINDALSTEL,Mar 2013,Steel,operating_profit_margin_pct,30.82748523249356,73.07692307692307
JINDALSTEL,Mar 2014,Steel,operating_profit_margin_pct,30.068443430467696,69.23076923076923
JINDALSTEL,Mar 2015,Steel,operating_profit_margin_pct,28.163496726972838,67.3076923076923
JINDALSTEL,Mar 2016,Steel,operating_profit_margin_pct,17.653705891417122,32.69230769230769
JINDALSTEL,Mar 2017,Steel,operating_profit_margin_pct,21.797898440031478,55.769230769230774
JINDALSTEL,Mar 2018,Steel,operating_profit_margin_pct,19.43459712792165,46.15384615384615
JINDALSTEL,Mar 2019,Steel,operating_profit_margin_pct,17.910829110420305,38.46153846153847
JINDALSTEL,Mar 2020,Steel,operating_profit_margin_pct,18.01281544181631,40.38461538461539
JINDALSTEL,Mar 2021,Steel,operating_profit_margin_pct,31.61745568119379,75.0
JINDALSTEL,Mar 2022,Steel,operating_profit_margin_pct,30.322870656295198,71.15384615384616
JINDALSTEL,Mar 2023,Steel,operating_profit_margin_pct,18.683755543862286,44.230769230769226
JINDALSTEL,Mar 2024,Steel,operating_profit_margin_pct,20.260555268697622,50.0
JINDALSTEL,TTM,Steel,operating_profit_margin_pct,20.646154461304704,51.92307692307693
JSWSTEEL,Mar 2013,Steel,operating_profit_margin_pct,17.042658989793246,28.846153846153843
JSWSTEEL,Mar 2014,Steel,operating_profit_margin_pct,17.90121046466224,36.53846153846153
JSWSTEEL,Mar 2015,Steel,operating_profit_margin_pct,17.677263459941102,34.61538461538461
JSWSTEEL,Mar 2016,Steel,operating_profit_margin_pct,15.457565108554375,23.076923076923077
JSWSTEEL,Mar 2017,Steel,operating_profit_margin_pct,22.135098194374507,57.692307692307686
JSWSTEEL,Mar 2018,Steel,operating_profit_margin_pct,20.735962631893567,53.84615384615385
JSWSTEEL,Mar 2019,Steel,operating_profit_margin_pct,22.334438453461072,59.61538461538461
JSWSTEEL,Mar 2020,Steel,operating_profit_margin_pct,16.1102473883752,26.923076923076923
JSWSTEEL,Mar 2021,Steel,operating_profit_margin_pct,25.273362642317664,61.53846153846154
JSWSTEEL,Mar 2022,Steel,operating_profit_margin_pct,26.722506507436584,65.38461538461539
JSWSTEEL,Mar 2023,Steel,operating_profit_margin_pct,11.129187756085804,11.538461538461538
JSWSTEEL,Mar 2024,Steel,operating_profit_margin_pct,16.089162657280323,25.0
JSWSTEEL,TTM,Steel,operating_profit_margin_pct,13.201075912940318,19.230769230769234
TATASTEEL,Mar 2013,Steel,operating_profit_margin_pct,2.943316111408041,5.769230769230769
TATASTEEL,Mar 2014,Steel,operating_profit_margin_pct,10.889956531686112,9.615384615384617
TATASTEEL,Mar 2015,Steel,operating_profit_margin_pct,2.4436575295332035,3.8461538461538463
TATASTEEL,Mar 2016,Steel,operating_profit_margin_pct,-0.6129554258814298,1.9230769230769231
TATASTEEL,Mar 2017,Steel,operating_profit_margin_pct,11.704467537555988,15.384615384615385
TATASTEEL,Mar 2018,Steel,operating_profit_margin_pct,17.38999910749783,30.76923076923077
TATASTEEL,Mar 2019,Steel,operating_profit_margin_pct,18.59465081912107,42.30769230769231
TATASTEEL,Mar 2020,Steel,operating_profit_margin_pct,12.489897508886616,17.307692307692307
TATASTEEL,Mar 2021,Steel,operating_profit_margin_pct,19.517063994779072,48.07692307692308
TATASTEEL,Mar 2022,Steel,operating_profit_margin_pct,26.02486483384503,63.46153846153846
TATASTEEL,Mar 2023,Steel,operating_profit_margin_pct,13.272899861518042,21.153846153846153
TATASTEEL,Mar 2024,Steel,operating_profit_margin_pct,9.70803461170916,7.6923076923076925
TATASTEEL,TTM,Steel,operating_profit_margin_pct,11.453676723435832,13.461538461538462
HINDALCO,Mar 2013,Steel,net_profit_margin_pct,3.749703839487237,53.84615384615385
HINDALCO,Mar 2014,Steel,net_profit_margin_pct,2.5029933291521753,44.230769230769226
HINDALCO,Mar 2015,Steel,net_profit_margin_pct,0.248367391950595,26.923076923076923
HINDALCO,Mar 2016,Steel,net_profit_margin_pct,-0.7108212922366569,23.076923076923077
HINDALCO,Mar 2017,Steel,net_profit_margin_pct,1.8785434799968057,34.61538461538461
HINDALCO,Mar 2018,Steel,net_profit_margin_pct,5.281161282480921,65.38461538461539
HINDALCO,Mar 2019,Steel,net_profit_margin_pct,4.209373228539474,55.769230769230774
HINDALCO,Mar 2020,Steel,net_profit_margin_pct,3.188481852654388,48.07692307692308
HINDALCO,Mar 2021,Steel,net_profit_margin_pct,2.6384764559723655,46.15384615384615
HINDALCO,Mar 2022,Steel,net_profit_margin_pct,7.038895923797416,75.0
HINDALCO,Mar 2023,Steel,net_profit_margin_pct,4.523704984722359,57.692307692307686
HINDALCO,Mar 2024,Steel,net_profit_margin_pct,4.702216130615571,59.61538461538461
HINDALCO,TTM,Steel,net_profit_margin_pct,5.574552044924961,69.23076923076923
JINDALSTEL,Mar 2013,Steel,net_profit_margin_pct,14.903821881153128,98.07692307692307
JINDALSTEL,Mar 2014,Steel,net_profit_margin_pct,9.830965467178263,82.6923076923077
JINDALSTEL,Mar 2015,Steel,net_profit_margin_pct,-7.48415030153085,5.769230769230769
JINDALSTEL,Mar 2016,Steel,net_profit_margin_pct,-15.855976167240229,1.9230769230769231
JINDALSTEL,Mar 2017,Steel,net_profit_margin_pct,-11.74836828218303,3.8461538461538463
JINDALSTEL,Mar 2018,Steel,net_profit_margin_pct,-4.85489394940816,11.538461538461538
JINDALSTEL,Mar 2019,Steel,net_profit_margin_pct,-5.135630030234638,9.615384615384617
JINDALSTEL,Mar 2020,Steel,net_profit_margin_pct,-1.0547688737705352,21.153846153846153
JINDALSTEL,Mar 2021,Steel,net_profit_margin_pct,12.339859452268719,90.38461538461539
JINDALSTEL,Mar 2022,Steel,net_profit_margin_pct,13.223625063518742,92.3076923076923
JINDALSTEL,Mar 2023,Steel,net_profit_margin_pct,7.468240246560925,76.92307692307693
JINDALSTEL,Mar 2024,Steel,net_profit_margin_pct,11.802438733764944,88.46153846153845
JINDALSTEL,TTM,Steel,net_profit_margin_pct,10.116155860772906,86.53846153846155
JSWSTEEL,Mar 2013,Steel,net_profit_margin_pct,2.431300706621303,38.46153846153847
JSWSTEEL,Mar 2014,Steel,net_profit_margin_pct,0.7848496680983992,28.846153846153843
JSWSTEEL,Mar 2015,Steel,net_profit_margin_pct,3.2507739938080498,50.0
JSWSTEEL,Mar 2016,Steel,net_profit_margin_pct,-1.1577528522601455,19.230769230769234
JSWSTEEL,Mar 2017,Steel,net_profit_margin_pct,6.235162937918135,73.07692307692307
JSWSTEEL,Mar 2018,Steel,net_profit_margin_pct,8.49818581179709,78.84615384615384
JSWSTEEL,Mar 2019,Steel,net_profit_margin_pct,8.877142890852673,80.76923076923077
JSWSTEEL,Mar 2020,Steel,net_profit_margin_pct,5.344625371628072,67.3076923076923
JSWSTEEL,Mar 2021,Steel,net_profit_margin_pct,9.861095454602388,84.61538461538461
JSWSTEEL,Mar 2022,Steel,net_profit_margin_pct,14.304746158733629,94.23076923076923
JSWSTEEL,Mar 2023,Steel,net_profit_margin_pct,2.4939744516751023,42.30769230769231
JSWSTEEL,Mar 2024,Steel,net_profit_margin_pct,5.127252779904689,61.53846153846154
JSWSTEEL,TTM,Steel,net_profit_margin_pct,1.9451002501849959,36.53846153846153
TATASTEEL,Mar 2013,Steel,net_profit_margin_pct,-5.398182789951898,7.6923076923076925
TATASTEEL,Mar 2014,Steel,net_profit_margin_pct,2.466120284764558,40.38461538461539
TATASTEEL,Mar 2015,Steel,net_profit_margin_pct,-2.8235749512558783,15.384615384615385
TATASTEEL,Mar 2016,Steel,net_profit_margin_pct,-0.4874221546609131,25.0
TATASTEEL,Mar 2017,Steel,net_profit_margin_pct,-3.712410618082084,13.461538461538462
TATASTEEL,Mar 2018,Steel,net_profit_margin_pct,14.396060008600475,96.15384615384616
TATASTEEL,Mar 2019,Steel,net_profit_margin_pct,5.785538057576315,71.15384615384616
TATASTEEL,Mar 2020,Steel,net_profit_margin_pct,0.8396689959017859,30.76923076923077
TATASTEEL,Mar 2021,Steel,net_profit_margin_pct,5.240124380974318,63.46153846153846
TATASTEEL,Mar 2022,Steel,net_profit_margin_pct,17.113121467131773,100.0
TATASTEEL,Mar 2023,Steel,net_profit_margin_pct,3.3182249653795104,51.92307692307693
TATASTEEL,Mar 2024,Steel,net_profit_margin_pct,-2.1425049417247384,17.307692307692307
TATASTEEL,TTM,Steel,net_profit_margin_pct,1.1433768302173637,32.69230769230769
HINDALCO,Mar 2013,Steel,debt_to_equity,1.6119728276252476,27.083333333333336
HINDALCO,Mar 2014,Steel,debt_to_equity,1.5948182445079302,31.25
HINDALCO,Mar 2015,Steel,debt_to_equity,1.7863236713715462,16.666666666666664
HINDALCO,Mar 2016,Steel,debt_to_equity,1.663473614223448,25.0
HINDALCO,Mar 2017,Steel,debt_to_equity,1.3855489697996048,47.916666666666664
HINDALCO,Mar 2018,Steel,debt_to_equity,0.9493546269962809,75.0
HINDALCO,Mar 2019,Steel,debt_to_equity,0.9115493643588807,81.25
HINDALCO,Mar 2020,Steel,debt_to_equity,1.172882692868289,62.5
HINDALCO,Mar 2021,Steel,debt_to_equity,1.010115281138683,72.91666666666667
HINDALCO,Mar 2022,Steel,debt_to_equity,0.8247240731030425,83.33333333333334
HINDALCO,Mar 2023,Steel,debt_to_equity,0.6359407632428328,89.58333333333334
HINDALCO,Mar 2024,Steel,debt_to_equity,0.5309290976579428,91.66666666666666
HINDALCO,TTM,Steel,debt_to_equity,,
JINDALSTEL,Mar 2013,Steel,debt_to_equity,1.1583850931677018,64.58333333333333
JINDALSTEL,Mar 2014,Steel,debt_to_equity,1.6084918177797434,29.166666666666664
JINDALSTEL,Mar 2015,Steel,debt_to_equity,2.162389506700884,6.25
JINDALSTEL,Mar 2016,Steel,debt_to_equity,1.4427487976322604,41.666666666666664
JINDALSTEL,Mar 2017,Steel,debt_to_equity,1.5257395760540415,35.416666666666664
JINDALSTEL,Mar 2018,Steel,debt_to_equity,1.413921342767813,43.75
JINDALSTEL,Mar 2019,Steel,debt_to_equity,1.2329437431821724,56.25
JINDALSTEL,Mar 2020,Steel,debt_to_equity,1.1458443538600367,66.66666666666667
JINDALSTEL,Mar 2021,Steel,debt_to_equity,0.9401225836869401,79.16666666666666
JINDALSTEL,Mar 2022,Steel,debt_to_equity,0.37900350877192984,93.75
JINDALSTEL,Mar 2023,Steel,debt_to_equity,0.3370536867669095,97.91666666666666
JINDALSTEL,Mar 2024,Steel,debt_to_equity,0.3716941962270963,95.83333333333334
JINDALSTEL,TTM,Steel,debt_to_equity,,
JSWSTEEL,Mar 2013,Steel,debt_to_equity,1.2672135950776442,54.16666666666667
JSWSTEEL,Mar 2014,Steel,debt_to_equity,1.6778596391801266,22.916666666666664
JSWSTEEL,Mar 2015,Steel,debt_to_equity,1.7386271870794079,18.75
JSWSTEEL,Mar 2016,Steel,debt_to_equity,2.225245175577349,2.083333333333337
JSWSTEEL,Mar 2017,Steel,debt_to_equity,1.9134543206605732,12.5
JSWSTEEL,Mar 2018,Steel,debt_to_equity,1.4069933566683335,45.833333333333336
JSWSTEEL,Mar 2019,Steel,debt_to_equity,1.3621497341572064,50.0
JSWSTEEL,Mar 2020,Steel,debt_to_equity,1.678269898084647,20.833333333333336
JSWSTEEL,Mar 2021,Steel,debt_to_equity,1.3341886921563595,52.08333333333333
JSWSTEEL,Mar 2022,Steel,debt_to_equity,1.0734059467732588,70.83333333333333
JSWSTEEL,Mar 2023,Steel,debt_to_equity,1.2307329324910572,58.33333333333333
JSWSTEEL,Mar 2024,Steel,debt_to_equity,1.1328071688833383,68.75
JSWSTEEL,TTM,Steel,debt_to_equity,,
TATASTEEL,Mar 2013,Steel,debt_to_equity,2.0054137890670725,10.416666666666663
TATASTEEL,Mar 2014,Steel,debt_to_equity,2.0139396032764236,8.333333333333337
TATASTEEL,Mar 2015,Steel,debt_to_equity,2.574276691441513,0.0
TATASTEEL,Mar 2016,Steel,debt_to_equity,1.8747599012165006,14.583333333333337
TATASTEEL,Mar 2017,Steel,debt_to_equity,2.195034242047648,4.1666666666666625
TATASTEEL,Mar 2018,Steel,debt_to_equity,1.5138078888140494,37.5
TATASTEEL,Mar 2019,Steel,debt_to_equity,1.4626913311570549,39.583333333333336
TATASTEEL,Mar 2020,Steel,debt_to_equity,1.5810590409916276,33.333333333333336
TATASTEEL,Mar 2021,Steel,debt_to_equity,1.19210926871321,60.41666666666667
TATASTEEL,Mar 2022,Steel,debt_to_equity,0.6602500808262629,87.5
TATASTEEL,Mar 2023,Steel,debt_to_equity,0.8235482431462331,85.41666666666666
TATASTEEL,Mar 2024,Steel,debt_to_equity,0.9461835171402184,77.08333333333334
TATASTEEL,TTM,Steel,debt_to_equity,,
HINDALCO,Mar 2013,Steel,interest_coverage,65.25112511251125,84.61538461538461
HINDALCO,Mar 2014,Steel,interest_coverage,117.68242245199409,92.3076923076923
HINDALCO,Mar 2015,Steel,interest_coverage,-114.7079326923077,3.8461538461538463
HINDALCO,Mar 2016,Steel,interest_coverage,60.654,82.6923076923077
HINDALCO,Mar 2017,Steel,interest_coverage,73.34474123539232,86.53846153846155
HINDALCO,Mar 2018,Steel,interest_coverage,35.251128864188956,80.76923076923077
HINDALCO,Mar 2019,Steel,interest_coverage,102.06832298136646,88.46153846153845
HINDALCO,Mar 2020,Steel,interest_coverage,114.61147902869757,90.38461538461539
HINDALCO,Mar 2021,Steel,interest_coverage,-115.9564336372847,1.9230769230769231
HINDALCO,Mar 2022,Steel,interest_coverage,133.05027932960894,96.15384615384616
HINDALCO,Mar 2023,Steel,interest_coverage,153.43228768171386,100.0
HINDALCO,Mar 2024,Steel,interest_coverage,126.45819618169848,94.23076923076923
HINDALCO,TTM,Steel,interest_coverage,150.83615384615385,98.07692307692307
JINDALSTEL,Mar 2013,Steel,interest_coverage,5.722586691658857,67.3076923076923
JINDALSTEL,Mar 2014,Steel,interest_coverage,3.2091864969562813,40.38461538461539
JINDALSTEL,Mar 2015,Steel,interest_coverage,1.9005217391304348,21.153846153846153
JINDALSTEL,Mar 2016,Steel,interest_coverage,1.056238475722188,11.538461538461538
JINDALSTEL,Mar 2017,Steel,interest_coverage,1.3684975297878523,13.461538461538462
JINDALSTEL,Mar 2018,Steel,interest_coverage,1.673305742369374,15.384615384615385
JINDALSTEL,Mar 2019,Steel,interest_coverage,1.972795497185741,23.076923076923077
JINDALSTEL,Mar 2020,Steel,interest_coverage,1.8128980891719746,19.230769230769234
JINDALSTEL,Mar 2021,Steel,interest_coverage,3.971304031965129,55.769230769230774
JINDALSTEL,Mar 2022,Steel,interest_coverage,8.217690677966102,76.92307692307693
JINDALSTEL,Mar 2023,Steel,interest_coverage,6.875518672199171,69.23076923076923
JINDALSTEL,Mar 2024,Steel,interest_coverage,7.884080370942813,73.07692307692307
JINDALSTEL,TTM,Steel,interest_coverage,7.986852281515855,75.0
JSWSTEEL,Mar 2013,Steel,interest_coverage,3.3106253177427556,44.230769230769226
JSWSTEEL,Mar 2014,Steel,interest_coverage,3.0082020997375327,38.46153846153847
JSWSTEEL,Mar 2015,Steel,interest_coverage,2.6807901517320354,30.76923076923077
JSWSTEEL,Mar 2016,Steel,interest_coverage,1.7833935018050542,17.307692307692307
JSWSTEEL,Mar 2017,Steel,interest_coverage,3.2664543524416136,42.30769230769231
JSWSTEEL,Mar 2018,Steel,interest_coverage,4.0302620913266685,59.61538461538461
JSWSTEEL,Mar 2019,Steel,interest_coverage,4.832780188920092,61.53846153846154
JSWSTEEL,Mar 2020,Steel,interest_coverage,2.7697538100820633,34.61538461538461
JSWSTEEL,Mar 2021,Steel,interest_coverage,5.09931766489765,63.46153846153846
JSWSTEEL,Mar 2022,Steel,interest_coverage,7.8731884057971016,71.15384615384616
JSWSTEEL,Mar 2023,Steel,interest_coverage,2.6760359316140248,28.846153846153843
JSWSTEEL,Mar 2024,Steel,interest_coverage,3.4740283775447254,48.07692307692308
JSWSTEEL,TTM,Steel,interest_coverage,2.6823389021479715,32.69230769230769
TATASTEEL,Mar 2013,Steel,interest_coverage,0.9992439516129032,9.615384615384617
TATASTEEL,Mar 2014,Steel,interest_coverage,3.731611713165783,50.0
TATASTEEL,Mar 2015,Steel,interest_coverage,0.7031765676567657,7.6923076923076925
TATASTEEL,Mar 2016,Steel,interest_coverage,-0.1480691779199242,5.769230769230769
TATASTEEL,Mar 2017,Steel,interest_coverage,2.591482649842271,26.923076923076923
TATASTEEL,Mar 2018,Steel,interest_coverage,3.9290559120073327,53.84615384615385
TATASTEEL,Mar 2019,Steel,interest_coverage,3.827415143603133,51.92307692307693
TATASTEEL,Mar 2020,Steel,interest_coverage,2.318199920350458,25.0
TATASTEEL,Mar 2021,Steel,interest_coverage,4.009990797949257,57.692307692307686
TATASTEEL,Mar 2022,Steel,interest_coverage,11.623947272061516,78.84615384615384
TATASTEEL,Mar 2023,Steel,interest_coverage,5.127798063184632,65.38461538461539
TATASTEEL,Mar 2024,Steel,interest_coverage,2.9632392115077253,36.53846153846153
TATASTEEL,TTM,Steel,interest_coverage,3.4235866919123614,46.15384615384615
HINDALCO,Mar 2013,Steel,asset_turnover,0.665005390165022,50.0
HINDALCO,Mar 2014,Steel,asset_turnover,0.6355539128292096,37.5
HINDALCO,Mar 2015,Steel,asset_turnover,0.7356891905238948,64.58333333333334
HINDALCO,Mar 2016,Steel,asset_turnover,0.6996939339407422,60.416666666666664
HINDALCO,Mar 2017,Steel,asset_turnover,0.685515655791548,56.25
HINDALCO,Mar 2018,Steel,asset_turnover,0.7834832056810916,77.08333333333334
HINDALCO,Mar 2019,Steel,asset_turnover,0.858987181849288,85.41666666666666
HINDALCO,Mar 2020,Steel,asset_turnover,0.7006606649349417,62.5
HINDALCO,Mar 2021,Steel,asset_turnover,0.6991134507631526,58.333333333333336
HINDALCO,Mar 2022,Steel,asset_turnover,0.8792184084199139,93.75
HINDALCO,Mar 2023,Steel,asset_turnover,0.9987158204654368,100.0
HINDALCO,Mar 2024,Steel,asset_turnover,0.9360228499109322,97.91666666666666
HINDALCO,TTM,Steel,asset_turnover,,
JINDALSTEL,Mar 2013,Steel,asset_turnover,0.3470467646698088,10.416666666666668
JINDALSTEL,Mar 2014,Steel,asset_turnover,0.27986011347641226,8.333333333333332
JINDALSTEL,Mar 2015,Steel,asset_turnover,0.2568410183089082,6.25
JINDALSTEL,Mar 2016,Steel,asset_turnover,0.2107080239832031,2.083333333333333
JINDALSTEL,Mar 2017,Steel,asset_turnover,0.23850952249516974,4.166666666666666
JINDALSTEL,Mar 2018,Steel,asset_turnover,0.3730359744480556,12.5
JINDALSTEL,Mar 2019,Steel,asset_turnover,0.5277019359333042,20.833333333333336
JINDALSTEL,Mar 2020,Steel,asset_turnover,0.4225780570970114,14.583333333333334
JINDALSTEL,Mar 2021,Steel,asset_turnover,0.44423175745118193,16.666666666666664
JINDALSTEL,Mar 2022,Steel,asset_turnover,0.6675799801680496,52.083333333333336
JINDALSTEL,Mar 2023,Steel,asset_turnover,0.7664453310671641,70.83333333333334
JINDALSTEL,Mar 2024,Steel,asset_turnover,0.6400172860847018,39.58333333333333
JINDALSTEL,TTM,Steel,asset_turnover,,
JSWSTEEL,Mar 2013,Steel,asset_turnover,0.6643715333924504,47.91666666666667
JSWSTEEL,Mar 2014,Steel,asset_turnover,0.6597114889232355,45.83333333333333
JSWSTEEL,Mar 2015,Steel,asset_turnover,0.6184416372848903,33.33333333333333
JSWSTEEL,Mar 2016,Steel,asset_turnover,0.5072338139597348,18.75
JSWSTEEL,Mar 2017,Steel,asset_turnover,0.6318277370603943,35.41666666666667
JSWSTEEL,Mar 2018,Steel,asset_turnover,0.7821354789605306,75.0
JSWSTEEL,Mar 2019,Steel,asset_turnover,0.7383206878228525,66.66666666666666
JSWSTEEL,Mar 2020,Steel,asset_turnover,0.5562585343650432,25.0
JSWSTEEL,Mar 2021,Steel,asset_turnover,0.5382997228908352,22.916666666666664
JSWSTEEL,Mar 2022,Steel,asset_turnover,0.7449474514593989,68.75
JSWSTEEL,Mar 2023,Steel,asset_turnover,0.7882625071839422,79.16666666666666
JSWSTEEL,Mar 2024,Steel,asset_turnover,0.7679137157851319,72.91666666666666
JSWSTEEL,TTM,Steel,asset_turnover,,
TATASTEEL,Mar 2013,Steel,asset_turnover,0.9171818404640649,95.83333333333334
TATASTEEL,Mar 2014,Steel,asset_turnover,0.8660287638982774,89.58333333333334
TATASTEEL,Mar 2015,Steel,asset_turnover,0.8767825830091321,91.66666666666666
TATASTEEL,Mar 2016,Steel,asset_turnover,0.5764512335768074,29.166666666666668
TATASTEEL,Mar 2017,Steel,asset_turnover,0.6512087771895133,43.75
TATASTEEL,Mar 2018,Steel,asset_turnover,0.5904935751861328,31.25
TATASTEEL,Mar 2019,Steel,asset_turnover,0.6773508955076405,54.166666666666664
TATASTEEL,Mar 2020,Steel,asset_turnover,0.5611782507656061,27.083333333333332
TATASTEEL,Mar 2021,Steel,asset_turnover,0.6407881627984208,41.66666666666667
TATASTEEL,Mar 2022,Steel,asset_turnover,0.8638101847589778,87.5
TATASTEEL,Mar 2023,Steel,asset_turnover,0.8526853915261602,83.33333333333334
TATASTEEL,Mar 2024,Steel,asset_turnover,0.8509498277091255,81.25
TATASTEEL,TTM,Steel,asset_turnover,,
HINDALCO,Mar 2013,Steel,free_cash_flow,-10824.0,2.083333333333333
HINDALCO,Mar 2014,Steel,free_cash_flow,-139.0,27.083333333333332
HINDALCO,Mar 2015,Steel,free_cash_flow,3270.0,52.083333333333336
HINDALCO,Mar 2016,Steel,free_cash_flow,8468.0,77.08333333333334
HINDALCO,Mar 2017,Steel,free_cash_flow,9811.0,81.25
HINDALCO,Mar 2018,Steel,free_cash_flow,5565.0,60.416666666666664
HINDALCO,Mar 2019,Steel,free_cash_flow,6521.0,68.75
HINDALCO,Mar 2020,Steel,free_cash_flow,5518.0,58.333333333333336
HINDALCO,Mar 2021,Steel,free_cash_flow,-8048.0,6.25
HINDALCO,Mar 2022,Steel,free_cash_flow,10065.0,83.33333333333334
HINDALCO,Mar 2023,Steel,free_cash_flow,11649.0,91.66666666666666
HINDALCO,Mar 2024,Steel,free_cash_flow,9789.0,79.16666666666666
HINDALCO,TTM,Steel,free_cash_flow,,
JINDALSTEL,Mar 2013,Steel,free_cash_flow,-6069.0,10.416666666666668
JINDALSTEL,Mar 2014,Steel,free_cash_flow,-8114.0,4.166666666666666
JINDALSTEL,Mar 2015,Steel,free_cash_flow,-5535.0,12.5
JINDALSTEL,Mar 2016,Steel,free_cash_flow,2071.0,37.5
JINDALSTEL,Mar 2017,Steel,free_cash_flow,4852.0,56.25
JINDALSTEL,Mar 2018,Steel,free_cash_flow,6293.0,66.66666666666666
JINDALSTEL,Mar 2019,Steel,free_cash_flow,8195.0,75.0
JINDALSTEL,Mar 2020,Steel,free_cash_flow,7338.0,70.83333333333334
JINDALSTEL,Mar 2021,Steel,free_cash_flow,10077.0,85.41666666666666
JINDALSTEL,Mar 2022,Steel,free_cash_flow,13717.0,95.83333333333334
JINDALSTEL,Mar 2023,Steel,free_cash_flow,3257.0,50.0
JINDALSTEL,Mar 2024,Steel,free_cash_flow,-2336.0,22.916666666666664
JINDALSTEL,TTM,Steel,free_cash_flow,,
JSWSTEEL,Mar 2013,Steel,free_cash_flow,411.0,29.166666666666668
JSWSTEEL,Mar 2014,Steel,free_cash_flow,-3024.0,18.75
JSWSTEEL,Mar 2015,Steel,free_cash_flow,504.0,31.25
JSWSTEEL,Mar 2016,Steel,free_cash_flow,3040.0,45.83333333333333
JSWSTEEL,Mar 2017,Steel,free_cash_flow,2794.0,41.66666666666667
JSWSTEEL,Mar 2018,Steel,free_cash_flow,7850.0,72.91666666666666
JSWSTEEL,Mar 2019,Steel,free_cash_flow,3246.0,47.91666666666667
JSWSTEEL,Mar 2020,Steel,free_cash_flow,-6804.0,8.333333333333332
JSWSTEEL,Mar 2021,Steel,free_cash_flow,11087.0,87.5
JSWSTEEL,Mar 2022,Steel,free_cash_flow,11522.0,89.58333333333334
JSWSTEEL,Mar 2023,Steel,free_cash_flow,12593.0,93.75
JSWSTEEL,Mar 2024,Steel,free_cash_flow,-2389.0,20.833333333333336
JSWSTEEL,TTM,Steel,free_cash_flow,,
TATASTEEL,Mar 2013,Steel,free_cash_flow,936.0,33.33333333333333
TATASTEEL,Mar 2014,Steel,free_cash_flow,-2232.0,25.0
TATASTEEL,Mar 2015,Steel,free_cash_flow,2859.0,43.75
TATASTEEL,Mar 2016,Steel,free_cash_flow,2661.0,39.58333333333333
TATASTEEL,Mar 2017,Steel,free_cash_flow,1334.0,35.41666666666667
TATASTEEL,Mar 2018,Steel,free_cash_flow,-3707.0,16.666666666666664
TATASTEEL,Mar 2019,Steel,free_cash_flow,-3840.0,14.583333333333334
TATASTEEL,Mar 2020,Steel,free_cash_flow,6157.0,64.58333333333334
TATASTEEL,Mar 2021,Steel,free_cash_flow,34890.0,100.0
TATASTEEL,Mar 2022,Steel,free_cash_flow,33476.0,97.91666666666666
TATASTEEL,Mar 2023,Steel,free_cash_flow,3504.0,54.166666666666664
TATASTEEL,Mar 2024,Steel,free_cash_flow,6048.0,62.5
TATASTEEL,TTM,Steel,free_cash_flow,,
HINDALCO,Mar 2013,Steel,cfo_quality_score,0.9900232790156301,31.25
HINDALCO,Mar 2014,Steel,cfo_quality_score,3.624601366742597,81.25
HINDALCO,Mar 2015,Steel,cfo_quality_score,27.57915057915058,100.0
HINDALCO,Mar 2016,Steel,cfo_quality_score,-16.64957264957265,6.25
HINDALCO,Mar 2017,Steel,cfo_quality_score,6.741232731137088,95.83333333333334
HINDALCO,Mar 2018,Steel,cfo_quality_score,1.7915502219299688,45.83333333333333
HINDALCO,Mar 2019,Steel,cfo_quality_score,2.1796178343949046,56.25
HINDALCO,Mar 2020,Steel,cfo_quality_score,3.383328908946111,77.08333333333334
HINDALCO,Mar 2021,Steel,cfo_quality_score,4.9474590869939705,85.41666666666666
HINDALCO,Mar 2022,Steel,cfo_quality_score,1.226365622723962,39.58333333333333
HINDALCO,Mar 2023,Steel,cfo_quality_score,1.9023472318510448,50.0
HINDALCO,Mar 2024,Steel,cfo_quality_score,2.368882323978336,60.416666666666664
HINDALCO,TTM,Steel,cfo_quality_score,,
JINDALSTEL,Mar 2013,Steel,cfo_quality_score,1.193089430894309,37.5
JINDALSTEL,Mar 2014,Steel,cfo_quality_score,2.4156118143459917,66.66666666666666
JINDALSTEL,Mar 2015,Steel,cfo_quality_score,-0.8140495867768595,27.083333333333332
JINDALSTEL,Mar 2016,Steel,cfo_quality_score,-1.4036281179138321,25.0
JINDALSTEL,Mar 2017,Steel,cfo_quality_score,-2.6989755713159966,18.75
JINDALSTEL,Mar 2018,Steel,cfo_quality_score,-4.77970297029703,10.416666666666668
JINDALSTEL,Mar 2019,Steel,cfo_quality_score,-3.7425373134328357,14.583333333333334
JINDALSTEL,Mar 2020,Steel,cfo_quality_score,-22.035,4.166666666666666
JINDALSTEL,Mar 2021,Steel,cfo_quality_score,2.8031403796578394,72.91666666666666
JINDALSTEL,Mar 2022,Steel,cfo_quality_score,2.371859296482412,62.5
JINDALSTEL,Mar 2023,Steel,cfo_quality_score,1.8487669854051334,47.91666666666667
JINDALSTEL,Mar 2024,Steel,cfo_quality_score,1.010937237085647,33.33333333333333
JINDALSTEL,TTM,Steel,cfo_quality_score,,
JSWSTEEL,Mar 2013,Steel,cfo_quality_score,6.290635091496233,91.66666666666666
JSWSTEEL,Mar 2014,Steel,cfo_quality_score,6.45273631840796,93.75
JSWSTEEL,Mar 2015,Steel,cfo_quality_score,4.5737514518002325,83.33333333333334
JSWSTEEL,Mar 2016,Steel,cfo_quality_score,-14.338877338877339,8.333333333333332
JSWSTEEL,Mar 2017,Steel,cfo_quality_score,2.275165849437554,58.333333333333336
JSWSTEEL,Mar 2018,Steel,cfo_quality_score,2.0250286275151317,54.166666666666664
JSWSTEEL,Mar 2019,Steel,cfo_quality_score,1.944843168527379,52.083333333333336
JSWSTEEL,Mar 2020,Steel,cfo_quality_score,3.262311814238326,75.0
JSWSTEEL,Mar 2021,Steel,cfo_quality_score,2.3865108599009273,64.58333333333334
JSWSTEEL,Mar 2022,Steel,cfo_quality_score,1.2546566052153978,41.66666666666667
JSWSTEEL,Mar 2023,Steel,cfo_quality_score,5.634935974873158,89.58333333333334
JSWSTEEL,Mar 2024,Steel,cfo_quality_score,1.3460381143430291,43.75
JSWSTEEL,TTM,Steel,cfo_quality_score,,
TATASTEEL,Mar 2013,Steel,cfo_quality_score,-1.930005500550055,22.916666666666664
TATASTEEL,Mar 2014,Steel,cfo_quality_score,3.5869031377899043,79.16666666666666
TATASTEEL,Mar 2015,Steel,cfo_quality_score,-3.015993907083016,16.666666666666664
TATASTEEL,Mar 2016,Steel,cfo_quality_score,-23.048289738430583,2.083333333333333
TATASTEEL,Mar 2017,Steel,cfo_quality_score,-2.5963060686015833,20.833333333333336
TATASTEEL,Mar 2018,Steel,cfo_quality_score,0.4521783238460238,29.166666666666668
TATASTEEL,Mar 2019,Steel,cfo_quality_score,2.777461083095812,70.83333333333334
TATASTEEL,Mar 2020,Steel,cfo_quality_score,17.179727427597957,97.91666666666666
TATASTEEL,Mar 2021,Steel,cfo_quality_score,5.412332112332113,87.5
TATASTEEL,Mar 2022,Steel,cfo_quality_score,1.063043426189849,35.41666666666667
TATASTEEL,Mar 2023,Steel,cfo_quality_score,2.6852012383900927,68.75
TATASTEEL,Mar 2024,Steel,cfo_quality_score,-4.134623217922607,12.5
TATASTEEL,TTM,Steel,cfo_quality_score,,
